title,link,description,bloggername,bloggerlink,postdate
<b>가산동 맛집</b> 연인 데이트장소로 좋은 오복식당,https://blog.naver.com/hjl0610/224078045153,<b>가산동 맛집</b> 연인 데이트장소로 좋은 오복식당 <b>가산동 맛집</b> 연인 데이트장소로 좋은 오복식당 목차 1 가게 정보 2 오복식당 외관 3 깔끔하고 정갈한 내부 4 메뉴 5 마무리하며 가게 정보 서울 금천구... ,루루의 리뷰타임,blog.naver.com/hjl0610,20251116
<b>가산동 맛집</b> 분위기좋은 타코집 호세가타코,https://blog.naver.com/dbsgmlx/223807867752,미키13을 보러갔었습니다 껄껄.!!! 오랜만에 너무 맛있게 먹고왔던 <b>가산동 맛집</b> 호세가타코 입니다 :))) #<b>가산동맛집</b> #가산동타코 #가산역맛집 #가디아울렛맛집 #가디타코 #호세가,구니의 블로그,blog.naver.com/dbsgmlx,20250324
<b>가산동 맛집</b> 직장인 회식장소로 추천하는 가산물갈비... ,https://blog.naver.com/ssungs97/224082810895,리드입니다~ 지난 번 회사 회식때 들렸던 <b>가산동 맛집</b> 가산물갈비가 생각나서 친구랑 방문했어요... 여러곳에 방영된 만큼 가산디지털단지역 직장인 회식 맛집으로 유명하고 가산디지털단지 근처에서... ,리드의 행복로그,blog.naver.com/ssungs97,20251120
<b>가산동맛집</b> 호랭이반점 짜장 짬뽕 탕수육 2인세트 추천,https://blog.naver.com/dlwjaal12/224082231897,"<b>가산동맛집</b> 호랭이반점 짜장 짬뽕 탕수육 2인세트 추천 안녕하세요. 조랭맘이에요 :) 어제 남편이 술을 마셔서 해장을 해야겠더라고요. 그래서 다녀온 <b>가산동맛집</b> 호랭이반점입니다! 2인세트로 짜장, 짬뽕... ",조랭맘의 부캐라이프,blog.naver.com/dlwjaal12,20251120
가디역 <b>가산동</b> 참치 <b>맛집</b> 추천 오치생참치,https://blog.naver.com/jiyeon_0905/224062266121,요 조건으로 맛집을 찾고 있다면 오치생참치 강추 드립니다.. ♥ 참치 정말루 맛있어요 ... 돈이 하나도 안 아까워요..! #가디역맛집 #가디역맛집추천 #<b>가산동맛집</b> #가산동참치맛집 #<b>가산동맛집</b>추천 #오치생참치,져니 | Travelogue,blog.naver.com/jiyeon_0905,20251102
[가산/맛집]금천구 <b>가산동 맛집</b> 추천 GS 육천 냉면 내 돈 내산... ,https://blog.naver.com/muesdreken/223908779149,<b>가산동 맛집</b> 내 돈 내산 GS육천냉면 후기였습니다. #가성비맛집#금천구맛집#GS육천냉면#내돈내산#금천구가산동냉면#냉면# #<b>가산동맛집</b>#가산동가볼만한곳#<b>가산동맛집</b>추천#육천냉면#,02)807-2326 아파트형공장 전문공인중개사 이재성,blog.naver.com/muesdreken,20250623
<b>가산동</b> 참치집 가산디지털단지 참치 <b>맛집</b> 오치생참치,https://blog.naver.com/97_money/224076726325,"오늘은 가산동 참치 맛집 오치생참치에 다녀온 솔직 후기를 시작하겠습니다 :) 가디역 맛집이자 <b>가산동 맛집</b>이에요! ⏰영업 시간 09:30 ~ 22:00 토, 일 휴무 전화번호 02-811-3179 ℹ️etc. 가산동 참치 맛집 가산동... ",기머니의 인생로그,blog.naver.com/97_money,20251118
<b>가산동 맛집</b> 한식 추천 김명태 매운갈비찜 주말 저녁 후기,https://blog.naver.com/yangjhwldms1/224056261811,"매콤한 갈비찜이 땡겨서 <b>가산동 맛집</b> 한식 김명태 매운갈비찜에 방문했어요. 김명태 매운갈비찜... 가격대비 퀄리티도 괜찮고, 재방문 의사 100%입니다. 가산동 한식 맛집을 찾으신다면 여기로 오세요~",H A P P Y,blog.naver.com/yangjhwldms1,20251028
<b>가산동 맛집</b> 점심 저녁 소고기까지 까몬,https://blog.naver.com/naaaming_/224007359690,<b>가산동 맛집</b> 점심 저녁 소고기까지 까몬 회사 근처에 새로 생긴! <b>가산동 맛집</b> 까몬&amp; 슬로가든!... 가산역 맛집 점심으로도 방문해 보아야겠다! 가산역 맛집 슬로가든&amp;까몬 가산디지털단지역점 서울 금천구... ,에브리데이 신나밍,blog.naver.com/naaaming_,20250914
[<b>가산동</b> - 풍년갈비] 찐 단골 추천 40년 노포 돼지갈비 <b>맛집</b>... ,https://blog.naver.com/oktopblues/224005549921,(우) 주차장 - 보시다시피 매우 협소하다 / 밥 먹다 차 빼러 나가지 말고 대중교통 타고 가자 찾아가는 길 #금천구맛집 #<b>가산동맛집</b> #풍년갈비 #금천갈비맛집 #가산동고기집 #돼지갈비맛집 #서울노포맛집... ,삼성동 옥탑아지트,blog.naver.com/oktopblues,20250914
<b>가산동</b>껍데기<b>맛집</b> 청춘껍데기 가산디지털점에서 껍데기 먹어봤다,https://blog.naver.com/hana_yt/223737561835,"껍데기에 집중했기 때문에 ㅋㅋㅋ 가산돼지껍데기 맛집 찾으시는 분들은 한 번쯤 가보셔도 좋을 듯! 맛있게 잘 먹었습니다 #가산동껍데기, #<b>가산동맛집</b>, #가산동돼지고기맛집, #가산껍데기맛집, #가산동껍데기맛집",I Was Born To Be A Queen,blog.naver.com/hana_yt,20250124
[서울/금천] 라복궁 가산본점 :: <b>가산동</b> 양고기 <b>맛집</b> 부드러운... ,https://blog.naver.com/luuuuuucy/223786577978,#가산동양갈비 #가산양갈비 #라복궁양갈비 #<b>가산동맛집</b> #가산동회식장소 #가디맛집 #가산동양고기 #가산동회식 라복궁 메뉴 양고기 집이라고 들어왔다가 양꼬치 없어서 돌아가시는 일 없게 메뉴판 확인하고... ,Lucete✨,blog.naver.com/luuuuuucy,20250306
<b>가산동맛집</b> 반미스타일 바게트 샌드위치 맛집 규디스 가산점,https://blog.naver.com/angela881112/224074324050,되었어요 #규디스가산점 #<b>가산동맛집</b> #바게트샌드위치 #반미샌드위치 #가산아스크타워맛집 <b>가산동맛집</b> 규디스가산점은 현대아울렛과도 굉장히 근접한 위치에 있고 1층에 딱!하고 바로 보이는 위치에 있어서... ,쑥덕숙덕 레시피,blog.naver.com/angela881112,20251113
<b>가산동맛집</b> 샌드위치 생각 날 때 방문 추천하는 규디스 가산점... ,https://blog.naver.com/spearzero7/224084699986,<b>가산동맛집</b> 규디스 가산점 - 영업시간- 월 - 금 (09:00 - 22:30) 토 - 일 (09:00 - 19:30) <b>가산동맛집</b> 규디스... 단체 주문 맛집이라고 하네요 ㅎㅎ 리뷰를 쓰면 음료를 준다고 합니다 ㅎㅎ 샌드위치 주문시라고 하니... ,All Review Young,blog.naver.com/spearzero7,20251122
<b>가산동 맛집</b> 옛날 전통육개장 전문점 육개장인,https://blog.naver.com/ayddl22/223835384707,들러보세요~ 전통방식으로 끓여내 깊은 맛과 감칠맛이 좋은 육개장인 이었습니다~! #<b>가산동맛집</b> #가산디지털단지역맛집 #가디맛집 #가산동육개장 #가산육개장 #가산맛집 #가산디지털단지역육개장 #가산동점심,MY:D,blog.naver.com/ayddl22,20250416
서울 금천 <b>가산동</b> 만두전골 <b>맛집</b> 개성손만두요리전문점,https://blog.naver.com/joojoo5623/223984742263,주말 낮이었는데 손님이 끊이지 않고 들어와서 살짝 놀랐던 금천구 <b>가산동 맛집</b> 사실... 그만큼 가산 동네 맛집으로 알려진게 아닐까...! 개성손만두 메뉴 만두전골 / 손찐만두 / 냉모밀 개성손만두는 만두전골... ,바삭바삭한 일상그리기❣,blog.naver.com/joojoo5623,20250827
<b>가산동 맛집</b> - 가산동 닭한마리,https://blog.naver.com/herohwangsae/223653126342,손님들이 다른가게들에 비해 유난히 많던 가산동 닭한마리. 이미 <b>가산동 맛집</b>으론 유명하다는데. 나는 개인적으로 닭한마리 먹으면 배가 너무 불러서 웬만하면 피하는 메뉴. 가산동 닭한마리는 이름 그대로... ,무적황새의 세계여행기록&맛집투어,blog.naver.com/herohwangsae,20241109
<b>가산동맛집</b> 라복궁 양갈비&amp;마라샹궈 양고기 맛있는곳,https://blog.naver.com/dbsgmlx/223795667855,정말 맛있고 기분좋게 먹고왔던 <b>가산동맛집</b> 라복궁 양갈비 마라샹궈였습니다 후후 #<b>가산동맛집</b> #가산동양고기 #가산양고기 #금천양고기 #양고기맛집 #가산마라샹궈 #라복궁,구니의 블로그,blog.naver.com/dbsgmlx,20250314
<b>가산동 맛집</b> 투뿔등짝 강추,https://blog.naver.com/merry_adventures/224086180794,"가산동 한우집에서 이 정도 퀄리티라면 분명 <b>가산동 맛집</b> 얘기 나올 만하겠다 싶었어요. 등심 특유의 담백함과 부드러움이 균형감 있게 느껴졌어요. 시그니처 메뉴, 짝갈비의 존재감 이 집의 대표 메뉴는 단연... ",Merry_adventures,blog.naver.com/merry_adventures,20251124
<b>가산동 맛집</b>에서 생선구이 가족나들이 가산디지털단지밥집... ,https://blog.naver.com/pjh7700v/224088490063,하다가 <b>가산동 맛집</b> 중에서도 생선구이를 제대로 한다는 정백어가를 발견했어요. 회사들이 많은... 한번 방문해보시길 바라요~!! #가산디지털단지밥집 #가산동직장인맛집 #가산동점심맛집 #가산디지털단지생선구이,mangocong,blog.naver.com/pjh7700v,20251126
<b>가산동 맛집</b> 점심으로 추천하는 가산디지털역 맛집 슬로가든&amp;까몬,https://blog.naver.com/xianya22/224013090129,가산디지털맛집/<b>가산동맛집</b>점심 슬로가든&amp;까몬 가산디지털단지역점 후기  위치: 서울 금천구... 곳이라 가산동 직장인 점심이나 저녁 회식으로도 추천해요 주차장도 엄청 넓어서 좋았습니다 확실히 새... ,Daily J,blog.naver.com/xianya22,20250918
가산 맛집 <b>가산동 맛집</b> 가산역맛집 가산 회식 ‘오복식당 진주... ,https://blog.naver.com/gkdusglaso/224071870414,#가산맛집 #<b>가산동맛집</b> #가산역맛집 #가산회식 #가산한식 #가산동한식 #가산한식당 오복식당 진주 향토음식점 매일 10:00 - 22:00 0507-1443-1095 오복식당 주차 가능!!! 최대 2시간 무료입니다~! 오복식당 가산점이 새로... ,뽀밍뚜 RECORD,blog.naver.com/gkdusglaso,20251111
가산동닭한마리/가디닭한마리/<b>가산동맛집</b>,https://blog.naver.com/lovelyyang/223634041214,좋아하는 나는 아쉬웠지만 다들 좋아할 것 같음 죽까지 먹었어야 하는데 너무 배불러서 죽은 포기함 다음엔 죽까지 다 도전해봐야지 닭한마리 하는 곳이 많이 없는데 가디닭한마리 <b>맛집</b> <b>가산동</b>닭한마리 추천함,양박월드,blog.naver.com/lovelyyang,20241026
마리오아울렛점 ll 태국식 불고기 무카타 냠냠 <b>가산동맛집</b> 방문기,https://blog.naver.com/wangchacha/224053347484,이곳의 태국음식 전문점에 이색적인 신메뉴가 있다하여 기대감을 안고 다녀왔다 :-) <b>가산동맛집</b> 콘타이... <b>가산동맛집</b> 콘타이 마리오아울렛점 내부 및 메뉴판 이국적인 인테리어가 눈에 띈다. 매장이 넓어 많은... ,이거저거 요모조모 기타등등,blog.naver.com/wangchacha,20251025
[발주고] 서울/가산디지털단지역 양갈비 맛집 - 쿠모(<b>가산동 맛집</b>),https://blog.naver.com/58691/223919267008,안녕하세요 :) 콤웨어입니다 ~ 문화의 날로 분위기 좋은 양갈비 맛집인 '쿠모'에서 식사 자리를 가졌습니다! <b>가산동 맛집</b> '쿠모'는 솔잎 드라이에이징과 웻에이징을 병행하여 4주 숙성을 원칙으로 호주산 어린... ,No.1 수발주프로그램 발주고 - 콤웨어 공식블로그,blog.naver.com/58691,20250702
독산역 <b>맛집</b> 곱창 :: <b>가산동</b> 구공곱창,https://blog.naver.com/iamjieun2/224034268204,곱창의 지글지글은 절대 술 못참지ㅋㅋㅋ 여기 대부분 가산동 직장인들이 회식하거나 데이트하러... 0507-1387-6568 #구공곱창 #구공곱창독산점 #독산역맛집 #독산역곱창맛집 #독산역술집 #독산역회식 #<b>가산동맛집</b>... ,배키네 맛동산,blog.naver.com/iamjieun2,20251007
"가산디지털단지 <b>가산동 맛집</b>, 김명태 매운갈비찜",https://blog.naver.com/shasny/223748380701,매주 일요일마다 부동산 경매 수업이 금천구 가산동에 있어서 가는데 수업시간이 8시간이라... 없지 않나 싶었던 곳이었다. #가산디지털단지맛집 #<b>가산동맛집</b> #가산맛집 #가산현대아울렛근처 #가산혼밥 #가산혼술,사소한 행운,blog.naver.com/shasny,20250205
금천구 <b>가산동</b> 흑돼지 회식<b>맛집</b> '육로',https://blog.naver.com/gee0424/223734250783,"중,소 규모의 회식장소로 아주 좋을 것 같습니다 가산동 회식맛집 인정! 요새는 하이볼을 판매하는... 주차 <b>가산동 맛집</b>인 육로는 평일 저녁임에도 이미 많은 손님들이 식사를 시작하셨더라구요... ",영쥬의 다이어리,blog.naver.com/gee0424,20250122
[가산물갈비&amp;수원왕갈비] 국물이 끝내주는 <b>가산동 맛집</b>이네요!!,https://blog.naver.com/rlaekfekf22/224086053622,#가산디지털단지맛집 #가산디지털역맛집 #<b>가산동 맛집</b> 안녕하세요 여러분 로제입니다 ㅎㅎ 오늘은... 가산동이 주말에는 보통 직장인들 빠져서 사람들 많이 없는데 여기는 진짜 많더라구요 ㅋㅋㅋ 자리가... ,"Review & daily life day5,",blog.naver.com/rlaekfekf22,20251124
[서울] 서울 <b>가산동맛집</b> 현대아울렛 카페 샌드위치 추천... ,https://blog.naver.com/kee_mg05/224076597120,"원한다면 가산동 단체주문 맛집을 찾고 있다면 <b>가산동맛집</b> 규디스 가산점, 강추⭐️⭐️⭐️ 꿀팁공유 1. 네이버 및 인스타 리뷰 참여시 아메리카노 / 아이스티 / 탄산 中 1개 서비스✨ 2. 네이버 영수증 리뷰... ",For kee_mae,blog.naver.com/kee_mg05,20251115
"<b>가산동 맛집</b>, 분위기 예술인 최고급 양갈비 전문점 ‘쿠모’",https://blog.naver.com/sesv1004/223701086320,"갖춘 가산동 양갈비 맛집, 쿠모 방문 후기 직접 구워주는 육즙 가득한 양갈비의 매력에 푹 빠져 정신... 소개한다♀️❤️ <b>가산동 맛집</b>, 쿠모 분위기부터 연말 느낌 가득한 가산 쿠모, 데이트 하는 손님과... ",DAILY PLANET,blog.naver.com/sesv1004,20241221
금천 <b>가산동 맛집</b> 가디역 냉면 맛집 함흥기계냉면 GS육천냉면... ,https://blog.naver.com/aloud_love/223954384240,"금천 <b>가산동</b> 냉면 <b>맛집</b>, GS육천냉면  0507-1387-7324  GS육천냉면의 위치 가산초등학교 버스정류장 육교 바로 앞 건물 1층 103호에 위치해 있어요! ⌛ GS육천냉면의 운영 시간 월~금요일 11시부터 20시 20분까지 라스트... ",심심한 일상을 깨우는 상상력,blog.naver.com/aloud_love,20250801
<b>가산동 맛집</b> 김명태매운갈비찜 가산점 독산동 맛집으로 소문난... ,https://blog.naver.com/catallena0/224080416345,다음 리뷰도 기대해 주세요 ξ(✿ ❛‿❛)ξ #<b>가산동맛집</b> #독산동맛집 #가산디지털단지맛집 #김명태가산점 #명태조림맛집 #가산현대아울렛맛집 #가산점심맛집 #굴국밥맛집 #매운갈비찜 #가산맛집추천,까탈레나의 솔직일상리뷰~.~,blog.naver.com/catallena0,20251118
금천 <b>가산동</b> 가성비 <b>맛집</b> GS육천냉면,https://blog.naver.com/selenasong/224072841104,&lt;GS육천냉면&gt; ★★★★☆ #<b>가산동맛집</b> #금천구맛집 #가산동냉면 #GS육천냉면 #가산동회냉면 #가산동물냉면 #가산동가성비맛집 #금천구가성비맛집 #가산동혼밥 #금천구냉면맛집,selenasong님의 블로그,blog.naver.com/selenasong,20251111
[<b>가산동 맛집</b>] 가디 아울렛 데이트 하기 좋은 타코맛집 호세가... ,https://blog.naver.com/jh018123/223797991018,저희는 가산디지털단지역 근처에 멕시칸음식 맛집이 있다고해서 가산동 #호세가타코에 다녀왔어요... 꼭 받아가세용ㅎㅎ 현지느낌 물씬나는 멕시코 음식이 떙기신다면 <b>가산동 맛집</b> 호세가 타코 추천드립니다 :),어서오세요.,blog.naver.com/jh018123,20250316
<b>가산동맛집</b> 쌀국수는 포베이에서! 가산디지털 직장인점심으로... ,https://blog.naver.com/angela881112/223976284673,되었어요 #포베이가산월드메르디앙점 #포베이가산점 #포베이쌀국수 <b>가산동맛집</b> 포베이... 가산동아기랑 #가산동아기랑밥집 마리오맛집 포베이는 평일에는 10:30~20:30부터 운영하고 있고 주말에는 토요일만... ,쑥덕숙덕 레시피,blog.naver.com/angela881112,20250819
<b>가산동맛집</b> 서울양갈비맛집 라복궁 양갈비와 마라탕을 함께!... ,https://blog.naver.com/wowterry/223987133442,"오늘은 서울양갈비맛집 가산동의 라복궁 소개해드리려고 합니다~! 워낙 고기라면 다 좋아하는데... 라복궁 양갈비&amp;마랴상궈는 <b>가산동맛집</b>, 서울양갈비맛집으로 유명한 곳인데 매장이 넓고 깔끔해서 마음에... ",BaekData,blog.naver.com/wowterry,20250828
가디 직장인에게 딱 좋은 <b>가산동 맛집</b> 규디스 후기,https://blog.naver.com/klooo47/224072800517,"간단하게만 먹고싶은 , 밥은 부담스럽고 딱 출출할때! 들리기 좋을것 같다~~!! #가산디지털단지역근처맛집#가디역맛집#<b>가산동맛집</b>#가디역근처데이트#가디역데이트코스#가디역점심#가디역혼밥#가산디지털단지혼밥",행복은 지금,blog.naver.com/klooo47,20251111
<b>가산동 맛집</b> 분위기 좋은 야끼니꾸 호챈,https://blog.naver.com/ssongjiyo/223758416105,"위치, 영업시간 #<b>가산동</b> #<b>맛집</b> #고기집 #야끼니꾸  위치 금천구 가산로7길 12, 1층 ⏰️ 영업시간 오후5시~밤12시  주차 : 가능 *전화로 문의하면 안내해주세요. <b>가산동 맛집</b> 중에, 일본감성 느끼면서 도란도란... ",Jihoney's blog,blog.naver.com/ssongjiyo,20250215
"<b>가산동맛집</b> 여의도불맛쭈꾸미 , 점심특선 가성비 최고!",https://blog.naver.com/bdssble/224086662020,<b>가산동</b>점심<b>맛집</b>으로 추천드리는 곳입니다! 저는 맛있는 음식 먹으면 기분이 좋아지는데 그래서 낮술의 시간이 길어진게 아닐까 하는 의심을 해봅니다 .. 추가반찬은 이렇게 셀프바에 가져다 드시면 되고... ,롱혀니의 쫄깃한 일상이야기,blog.naver.com/bdssble,20251124
서울 <b>가산동 맛집</b> | 가산디지털단지 가디 가산동닭한마리 후기,https://blog.naver.com/moon_coconut/224001120973,<b>가산동</b>닭한마리 화-일 11:00-24:00 *월요일 휴무 (23:00 라스트오더) 0507-1373-9296 지난 주말 공연 보기 전에 들렀던 곳은 바로 가디닭한마리 <b>가산동</b>닭한마리~! '닭한마리'라는 음식 자체가 생소했었는데 예전에 한 번... ,노을 그리고 야자수,blog.naver.com/moon_coconut,20250909
[서울구로] 고급스러운 분위기 <b>가산동 맛집</b> 생 양고기 추천  '쿠모',https://blog.naver.com/imssonga/223782862542,가산동에 양고기를 생고기로 제공하고 드라이에이징/웽에이징을 병행해서 숙성하는 <b>가산동 맛집</b>이 있다고 해서 아이들과 함께 다녀왔습니다. 주소:서울시 금천구 가산로 143 101호 전화번호:0507-1475-1172 영업시간... ,평범하지만 특별한,blog.naver.com/imssonga,20250304
[서울] 서울 <b>가산동맛집</b> 추천 가성비 좋은 수제버거 “왓더버거... ,https://blog.naver.com/kee_mg05/224083002172,"찾는다면 가산동에서 가성비 햄버거집을 원한다면 가디역 근처에서 맛집을 가고자 한다면 <b>가산동맛집</b> 왓더버거 가산직영점, 강추⭐️⭐️⭐️ 꿀팁공유 네이버 영수증 리뷰 이벤트 참여시 쉐킷쉐킷 시즈닝... ",For kee_mae,blog.naver.com/kee_mg05,20251121
"<b>가산동</b> 회식<b>맛집</b>, 소고기&amp;흑돼지 모두 즐기는 고기집! 육로",https://blog.naver.com/sesv1004/223740033496,"시끌벅적한 <b>가산동 맛집</b>, 육로 벽면에는 야구선수들 사인으로도 꽉 채워져 있는데, 아무래도 사장님이 전직 프로야구 선수였다보니 팬분들도 많이 찾아오는 듯! 가산동 회식맛집, 육로 예약 ‘가산동 고기집... ",DAILY PLANET,blog.naver.com/sesv1004,20250127
<b>가산동 맛집</b> 솥밥에 푸짐한 명태조림 가성비 점심,https://blog.naver.com/ivyfoody/223902635645,매운갈비찜 먹으러 재방문 해야겠어요~ <b>가산동 맛집</b> 김명태 매운갈비찜 가산점 이었습니다. #<b>가산동맛집</b> #가산디지털단지맛집 #가산동점심 #가산동점심맛집 #가산디지털단지점심맛집 #독산동맛집,오늘도 라랄라~,blog.naver.com/ivyfoody,20250618
<b>가산동 맛집</b> 줄서서먹는 청춘껍데기,https://blog.naver.com/mamon555/224073168886,<b>가산동 맛집</b> / 가산역 술집 청춘껍데기 오늘의 포스팅은 내돈내산 <b>가산동 맛집</b> 청춘껍데기 후기입니다. 지나갈 때마다 웨이팅이 있는 집이라 얼마나 맛있길래..? 나중에 한번 가보자 해놓고 한참을 못가다가... ,메몽의 하루,blog.naver.com/mamon555,20251112
"<b>가산동</b> 혼밥ㅣ국물 메밀 국밥 <b>맛집</b>, 의령메밀집",https://blog.naver.com/seollean/224066886995,"추워진 계절에도 맛있는 국물과 메밀, 국밥을 맛있게 먹을 수 있다고 해서 다녀왔어요 :) 가산디지털단지 맛집 의령메밀집 #<b>가산동맛집</b> #가산퍼블릭맛집 #가산동혼밥 ✓ 특허받은 메밀반죽으로 만드는 전문점... ",하나네 한국생활기,blog.naver.com/seollean,20251106
서울 <b>가산동</b> 일식 <b>맛집</b> 요미우돈교자 퍼블릭가산점 내돈내산,https://blog.naver.com/joojoo5623/223859723468,"메인 메뉴는 우동 종류이고 교자 만두, 덮밥류도 판매하는 가산동 일식 맛집이에요. 내돈내산 후기... 17:00) <b>가산동 맛집</b> 요미우돈교자는 퍼블릭가산 1층에 위치해있는데요. 가산디지털단지역 3번 출구 또는 6번... ",바삭바삭한 일상그리기❣,blog.naver.com/joojoo5623,20250509
<b>가산동 맛집</b> 김명태 매운갈비찜 1인메뉴도 있어요,https://blog.naver.com/freshlight77/224063065877,제가 알고 지내는 친한 언니와 맛집탐방을 하는 것을 좋아하는데요 오늘은 가까운 <b>가산동 맛집</b>을 찾아갔어요 인근에 도보로 5분 거리에 있는 현대아울렛도 있어서 쇼핑하고 밥 먹기 좋은 위치에 있는 김명태... ,지아성빈이네,blog.naver.com/freshlight77,20251103
[<b>가산동 맛집</b>] 흥부전놀부전 - 겨울 제철메뉴 오동통 굴전과... ,https://blog.naver.com/sielle83/223757999912,흥부전놀부전 / 금천구 남부순환로108길 27 (<b>가산동</b> 145-15) 전화번호 02-853-9926 영업시간 17:00-02:00 일요일 휴무 1월 중순에 다녀온 <b>가산동</b>을 아직도 풀고 있는 중 이제 진짜 마지막 기록.. 왜냐면 이때부터... ,여의도 직장인 문썬의 밥상 (舊 을지로),blog.naver.com/sielle83,20250217
"서울 금천 | <b>가산동 맛집</b>, 소곱창 탑티어, 문정곱창",https://blog.naver.com/ramiilog/223934057498,가산동 소곱창 탑티어 문정곱창 송히 10년 단골 맛집 친해지고 언니가 여기부터 데려갔던 기억이 난다... 스캔 <b>가산동 맛집</b> 문정곱창 우선 가성비가 좋다 요즘 웬만한데 다 가봐도 250g씩 주는 곳 잘 없다 근데... ,아름다운 날들.,blog.naver.com/ramiilog,20250715
<b>가산동</b> 고깃집 기영상회 차돌삼합 <b>맛집</b> 추천,https://blog.naver.com/wep17/223724252276,<b>가산동</b> 고깃집 기영상회 기영상회 차돌삼합 후기 시작~ 역과는 조금 거리가 멀지만 역앞에서 마을버스 타고 내리면 기영상회가 바로 보여요! 그래서 그런지 동네사람들만 아는 <b>맛집</b>입니당 대표메뉴는 장흥식... ,YUN :D REC,blog.naver.com/wep17,20250113
[<b>가산동</b> 술집] 숙성회 <b>맛집</b>! 이자카야의 정석 ‘진케이’,https://blog.naver.com/kimys9312/224077986687,<b>가산동 맛집</b> 얘기하면 진케이는 꼭 넣어야겠심다. 해물도 오징어 홍합 등등 너무너무 알찬 구성이라... 숙성회 하면 떠오를 정도로 감동적인 맛이었던 가산동 술집 진케이 후기였어요~!!,어중이떠중이,blog.naver.com/kimys9312,20251116
<b>가산동맛집</b> 바게뜨빵으로 만든 샌드위치 규디스 가산점,https://blog.naver.com/sootsajalife/224078975711,#가산샐러드 #가산샌드위치 #<b>가산동맛집</b> #가산맛집 #가산아메리카노 #가산밀크쉐이크 #가산밀크셰이크 #가디맛집 #가디혼밥 #가디규디스 #규디스가디 #규디스가산,숱사자의 일상,blog.naver.com/sootsajalife,20251117
<b>가산동맛집</b> 저녁 소고기 먹기 좋은 동대문 털보네,https://blog.naver.com/aquawhta/224042852531,"그럼 저희는 다음 제 포스팅에서 또 만나요. 빠이~ #동대문 털보네 #<b>가산동맛집</b>, #가산맛집 #가산동고기집, #가산동회식, #가산디지털단지맛집, #가산동회식, #<b>가산동맛집</b>, #가산맛집",댄싱피나의 맛있는 춤,blog.naver.com/aquawhta,20251016
보배반점 금천구중식당 가산디지털단지맛집 <b>가산동맛집</b> 방문!,https://blog.naver.com/likeporsche9795/223998356613,"이런 직장인들이 많이 몰리는 <b>가산동</b>중국집 이 있다면, 그 집은 100% <b>맛집</b>이겠죠??? 바로 보배반점 가산점 인데요, 비단 짜장면/짬뽕 뿐만 아니라 다양한 메뉴들도 있다고 해서 다녀왔어요. 함께 보시죠!! 1.... ",라코닉의 카라이프,blog.naver.com/likeporsche9795,20250907
서울 <b>가산동 맛집</b> 소고기회식 부담없는 한우마당,https://blog.naver.com/rmfldna1a/223837473948,회사 관리자여러분도 맛있는 소고기 먹고 생색내는것 추천! 가족단위로도 많이 오시던데 가성비 외식으로도 짱이랍니다! #<b>가산동맛집</b> #가산역맛집 #가산동소고기 #가산역소고기 #가산역회식 #가산회식,메리떼 일상노리,blog.naver.com/rmfldna1a,20250417
<b>가산동 맛집</b> 가산동 닭한마리 메뉴 가격 후기,https://blog.naver.com/green7333/223687176862,#가디맛집 #<b>가산동맛집</b> #가산동닭한마리 #가산닭한마리 #가산현대아울렛맛집 #현대아울렛맛집 #가디닭한마리 #내돈내먹 서울특별시 금천구 가산로 142 영업시간: 11:00 - 24:00 매주 월요일 휴무 아주버님이... ,GREEN TEA.,blog.naver.com/green7333,20241209
<b>가산동</b> 가디 <b>맛집</b> 추천 점심부터 가기 좋은 호랭이반점 후기,https://blog.naver.com/jej3480/223703448862,가산동 가디 맛집 추천 점심부터 가기 좋은 호랭이반점 후기 점심 저녁 인기쟁이 가디 맛집 추천... 풀리면 <b>가산동 맛집</b>으로 다시 와보고 싶었어요 ✔️ 이벤트도 하고 있어서 참여해서 서비스도 챙겨봅시다 6.... ,일기쓰듯,blog.naver.com/jej3480,20241223
"<b>가산동맛집</b> 밥생선구이, 푸짐한 8가지 반찬까지",https://blog.naver.com/xavisnet/223930087750,오늘은 친구와 함께 가산디지털단지에 방문했다가 우연히 발견한 정말 괜찮은 맛집을 소개해 드리려고... 이곳은 정말 <b>가산동맛집</b>으로 인정할 만한 곳이었습니다. 업체명 밥생선구이 주소 서울 금천구 가산동... ,XAVISnet,blog.naver.com/xavisnet,20250711
<b>가산동맛집</b> 돈까스도 먹고 파스타까지 후회없는 카츠토랑,https://blog.naver.com/jej3480/223857140943,이렇게 맛집이 가까운데 있었다니 안갈수가 없었어요 다녀와보니 현대아울렛이며 마리오까지 다들... <b>가산동맛집</b> 메뉴 먹는내내 배달이 울리길래 내가 가산동에 일찍 잘왔구나 했어요 개별로 있는 태블릿으로... ,일기쓰듯,blog.naver.com/jej3480,20250506
<b>가산동맛집</b> 추천! 회식하기 좋은 동대문 털보네 솔직 후기,https://blog.naver.com/bacuhime/224048895074,가산디지털단지맛집 동대문 털보네 위치&amp;운영정보 가산디지털단지역 근처에서 가산동회식장소... 가산디지털단지 맛집으로 손색이 없었습니당 남김없이 다 먹어버렸쨔낭 <b>가산동맛집</b> 중에서도 회식분위기와... ,Today's moonie,blog.naver.com/bacuhime,20251021
<b>가산동 맛집</b> 라멘 돈까스 전문점 명서쿠,https://blog.naver.com/villt/223902096304,오랜만에 <b>가산동 맛집</b>에서 맛있는 라멘과 돈카츠 즐긴것같네요 저녁에는 이자카야로 운영하는 명서쿠! 다음에 또 방문해야겠어요 #가산디지털단지맛집 #가디단맛집 #가산맛집 #가산디지털돈까스,L’instant Présent,blog.naver.com/villt,20250617
[서울] 서울 <b>가산동맛집</b> 추천 가디역 깔끔한 솥밥 한상... ,https://blog.naver.com/kee_mg05/224085909523,"가고자 한다면 가디역에서 든든한 한 끼를 하고자 한다면 <b>가산동맛집</b> 정백어가 가산퍼블릭점, 강추⭐️⭐️⭐️ #가산디지털단지역맛집 #<b>가산동맛집</b> #가산디지털단지밥집 #가산동밥집 #가산동생선구이",For kee_mae,blog.naver.com/kee_mg05,20251124
<b>가산동맛집</b> | 간편하고 맛있는 반미 샌드위치 규디스,https://blog.naver.com/onso_home/224084415203,#<b>가산동맛집</b> #규디스가산점 #가산맛집 #가산카페 #가산샌드위치 #가산반미 #샌드위치맛집 #반미맛집... 가산점심추천 #가산동카페추천 #가성비맛집 #직장인맛집 #가산디지털단지역맛집 #샌드위치추천,온소로그,blog.naver.com/onso_home,20251122
[정백어가 가산퍼블릭점] 정갈한 한식! <b>가산동맛집</b> 다녀왔어요^^,https://blog.naver.com/rlaekfekf22/224061146547,#가산디지털단지역맛집 #<b>가산동맛집</b> #가산디지털단지밥집 #가산동밥집 #가산동생선구이 안녕하세요 여러분 로제입니다 ㅎㅎ 여러분들은 생선구이 좋아하시나요? 저는 평소에 자주 즐겨먹는데요... ,"Review & daily life day5,",blog.naver.com/rlaekfekf22,20251101
독산동 <b>맛집</b> 김명태 매운갈비찜 가산점 <b>가산동</b> 점심,https://blog.naver.com/coom91/223781444107,"남편과 현대아울렛 뒤쪽 골목에 위치한 #독산동맛집 #<b>가산동맛집</b> #가산디지털단지맛집 김명태... 급 점심 데이트를 했는데, 엄청 배부르게 잘 먹었에요. 독산동 맛집 김명태 가산점 가산동 밥집으로 추천할게요!",콩이네 여행이야기,blog.naver.com/coom91,20250303
[<b>가산동맛집</b>] 규디스 가산점 : 바게트 빵 샌드위치로 든든한... ,https://blog.naver.com/seosu13/224071247821,추천하는 <b>가산동맛집</b> 규디스 가산점 나는 간단히 저녁을 해결해야하는 상황이라 맛있게 먹고 가자며... 뒷쪽에 <b>가산동맛집</b> 이 즐비해 있는데 딱 그라인으로 찾으면 바로 보였다 쇼핑 후 식사하기 굿 음료... ,오늘도 잘 부탁해 : ),blog.naver.com/seosu13,20251110
<b>가산동</b> 한식 <b>맛집</b> 가성비있고 진한 국물맛이 일품인 새벽집,https://blog.naver.com/thdus0946/224048934657,"새벽집 가산 새벽집 오늘 유미소는 서울 금천구 가산동에 위치한 찌개, 청국장 등 한식맛집으로 유명한 <b>가산동 맛집</b> 새벽집에 내돈내산 다녀왔습니다 새벽집은 따뜻한 밥한공기를 맛있고 정갈한 반찬들을... ",유미소,blog.naver.com/thdus0946,20251021
금천 <b>가산동 맛집</b> 호세가 타코스 가산본점 타코맛집,https://blog.naver.com/art_cream/224018066436,금천 <b>가산동 맛집</b> 호세가 타코스 가산본점 타코맛집 오늘의 포스팅은 금천 <b>가산동 맛집</b> 호세가 타코스 가산본점 타코맛집 후기에요!! 호세가 타코스 가산본점 매일 11:30-21:15 / 14:30-17:30 브레이크 타임... ,꼬물이는 개그냥이!,blog.naver.com/art_cream,20250923
가산디지털단지고기집 <b>가산동</b> 삼겹살 <b>맛집</b> 김치굽는삼겹살,https://blog.naver.com/angela881112/224083962029,"셀프바도 푸짐하게 잘 준비되어 있어서 식사 중간중간에 편하게 반찬을 보충할 수 있었어요 <b>가산동</b>고기<b>맛집</b> 김치굽는삼겹살의 김치굽는한판이 나왔어요 초벌되어 나온 맛있는 삼겹살과 미나리, 콩나물, 김치... ",쑥덕숙덕 레시피,blog.naver.com/angela881112,20251121
<b>가산동</b> 혼밥 추천 독산역 <b>맛집</b> 돈카츠 우동 히나타 자가제면,https://blog.naver.com/slpbb/224078938390,독산역 2번출구에서 가까운 <b>가산동 맛집</b>이예요. 금천구 우수안심식당이구요. 들어가는 입구부터 정갈하고 깔끔한 모습이 돋보이더라구요. 가산동 회식 독산역맛집 저는 비록 혼밥을 하러 방문했지만 장소가 꽤... ,실버라이닝 {Silver Linings PB},blog.naver.com/slpbb,20251118
규디스 가산점 | <b>가산동맛집</b> | 현대아울렛 근처 샌드위치 맛집,https://blog.naver.com/of__violet/224080052942,<b>가산동맛집</b> 규디스 가산점은 가산동 현대아울렛 옆 아스크타워에 위치해있어요! <b>가산동맛집</b> 규디스는... 현대아울렛 근처 맛집으로 정말 강추합니다! 주차도 두 시간이나 지원되니 편하게 방문해 보세욥,purplog,blog.naver.com/of__violet,20251118
"<b>가산동 맛집</b>, 푸짐한 만원의 행복 사월에보리밥과쭈꾸미... ",https://blog.naver.com/sesv1004/223801014987,위치한 <b>가산동 맛집</b> 사월에보리밥과쭈꾸미 1인 1만원의 가격으로 10가지 이상의 찬을 무한리필로 즐길 수 있는 보리밥 한 상을 받아볼 수 있는 엄청난 메리트를 선사하는 <b>가산동 맛집</b>❣️ <b>가산동 맛집</b>... ,DAILY PLANET,blog.naver.com/sesv1004,20250318
<b>가산동맛집</b> 규디스가산점에서 케이준치킨샌드위치와 콘치즈반미,https://blog.naver.com/dhkim601/224069686398,"다양한 메뉴와 이벤트로 근처 직장인들 사이에서는 이미 브런치, 점심 맛집으로 유명한 곳인 것... 많은 <b>가산동 맛집</b> 규디스가산점이었습니다 단체주문도 예약을 받고 잇다고 하니 (100개 까지) 미리... ",From.최선을다혜,blog.naver.com/dhkim601,20251109
분위기 좋은 <b>가산동맛집</b> 고조 가산점 퇴근 후 이자카야 데이트,https://blog.naver.com/tpwlsckq/224066730203,분위기 좋은 <b>가산동맛집</b> 고조 가산점 퇴근 후 이자카야 데이트 여러분 안녕하세요 먹뷰리입니다 ㅋㅋㅋ 요새 꽤나 먹으러다니는 후기를 많이올리게 되네여? 히히 하지만 맛집이니까 이웃님들 정독해주세요.... ,먹뷰리 니나노라이프,blog.naver.com/tpwlsckq,20251106
"<b>가산동 맛집</b> 오스타 닭갈비, 춘천 닭갈비 우동사리 먹고온 후기",https://blog.naver.com/sgu35/224087524466,"오랜만에 닭갈비가 너무 먹고싶었는데, 좋은 기회로 방문하게된 <b>가산동 맛집</b> 오스타닭갈비!... 가산디지털단지역 맛집 오스타 닭갈비 메뉴 춘천 닭갈비 4 14.000 x 4 우동사리 2.500 x 3 날치알 볶음밥 3. 000 x3... ",지은이가 지은 블로그,blog.naver.com/sgu35,20251125
<b>가산동 맛집</b> 육로 가산디지털단지역 바로 앞 주차OK,https://blog.naver.com/enne313/223739203063,<b>가산동</b> 고기 <b>맛집</b> 육로는 전 기아타이거즈 소속 홍상삼 선수가 차렸다고 하는데요 그덕분인지 가게 곳곳에 유명 야구선수들 싸인 등이 붙어있었습니다. 고깃길 육로(肉路). 크게 소고기와 흑돼지 고기가... ,Cuirassier Total Stationery,blog.naver.com/enne313,20250126
<b>가산동</b> 닭갈비 <b>맛집</b> : 오스타닭갈비,https://blog.naver.com/ualsk/224054164137,또오자고 생각하고 싹싹 긁어서 다 먹었다 오늘도 맛있게 먹었습니다~ <b>가산동</b> 직장인들은 점심도 괜찮을 것 같고 퇴근 후에 저녁 겸 반주하기에도 좋고 아예 닭볶음탕을 시켜서 술 드시면서 야구나 4-6인정도는... ,소소한 일상기록러,blog.naver.com/ualsk,20251026
<b>가산동 맛집</b> 김명태 매운갈비찜,https://blog.naver.com/villt/223880664896,가산동에 자주 가거나 직장이 근처라 가깝다면 김명태 매운갈비찜 가산점 꼭 한번 들러보세요 매운 음식이 이렇게 맛있을 수 있다는 걸 새삼 느낄 수 있을 거예요! #<b>가산동맛집</b> #가산디지털단지맛집... ,L’instant Présent,blog.naver.com/villt,20250528
<b>가산동맛집</b> 규디스 가산점 겉바속촉 샌드위치가 매력적인... ,https://blog.naver.com/jioun210/224075146295,"신선한 속재료와 겉바속촉한 바게트빵으로 든든하게 즐길 수 있는 <b>가산동맛집</b>, 규디스 가산점 추천드려요 #<b>가산동맛집</b> #규디스가산점 #가산디지털단지맛집 #가산직장인맛집 #샌드위치맛집 #반미맛집... ",뭐든 잘하는 찌으니의 블로그,blog.naver.com/jioun210,20251113
[<b>가산동맛집</b>]장수촌풍천장어,https://blog.naver.com/andrew_easternshine/224055470286,완전 킥임 오랜만에 몸보신 제대로 했네요 그럼 리뷰 끝! 아 뀨~?! #장수촌풍천장어 #<b>가산동맛집</b> #가산동회식 #가산동장어 #장어맛집 #서울맛집 #금천구맛집 #풍천장어메뉴 #풍천장어가격 #가산다지털단지역맛집,맛집/일상/추억,blog.naver.com/andrew_easternshine,20251027
[호랭<b>맛집</b>] 금천구 술집 <b>가산동</b> 이자카야  도찌리도후 숙성회... ,https://blog.naver.com/holee250/224068288132,금천구 맛집 가산동 술집 <b>가산동 맛집</b> 가산동 데이트 가산동 사시미맛집 원목으로 깔끔하게 잘되있네요~ 일본스타일 답게 일본전통술 포스터가 눈길을 사로 잡네요 ^^ 안주+사케 세트 할인 하이볼 1+1 행사... ,호랭이 소소한 일상이야기~,blog.naver.com/holee250,20251107
<b>가산동 맛집</b> 부모님과 아침식사 김명태,https://blog.naver.com/naaaming_/223932063631,"<b>가산동 맛집</b> 부모님과 아침식사 김명태 지난 주말 부모님이 서울에 올라오셨다. 하지만 여름 날이 너무... 가산동에서 쇼핑 전 무얼 먹지 하다가, 평소 자주가는 맛집 김명태에 함께 다녀왔다. 1. 위치... ",에브리데이 신나밍,blog.naver.com/naaaming_,20250713
매콤 담백한 시래기명태조림 <b>가산동 맛집</b> 김명태 가산점,https://blog.naver.com/lks1994/223956641627,"여러분, 가산동 쪽에서 뭔가 맛있고 든든한 한 끼를 먹고 싶을 때 어디로 가야 할지 고민 많이 되죠?... #가산디지털단지맛집 #<b>가산동맛집</b> #독산동맛집 #김명태 #김명태가산점 #시래기명태조림 #가산명태조림... ",¤조슈아의 어썸라이프¤,blog.naver.com/lks1994,20250802
<b>가산동 맛집</b> 혼밥 뜨끈한 국물 과 피로회복이 싸악... ,https://blog.naver.com/helloworld1203/224072660624,여러분 오늘은 가산디지털단지역 근처에 위치한 <b>가산동 맛집</b>인 삼계탕 음식 여름이 아니어도 가을에도... 오늘 가산동에서 점심은 무엇을 먹을지 찾다가 발견한 누리한방삼계탕은 제이플라츠 지하 1층 내려오면... ,나의하루일과인생START,blog.naver.com/helloworld1203,20251111
<b>가산동</b> 점심<b>맛집</b> 김명태 매운갈비찜 명태조림,https://blog.naver.com/villt/223796049960,가산동 점심 맛집 김명태 매운갈비찜 명태조림 요즘 날씨가 급 따뜻해져서 외투를 안입어도... 푸짐하게 즐길수있음 #<b>가산동맛집</b> #가산점심맛집 #독산동맛집 #가산매운갈비찜 #가산명태조림 #가산디지털맛집,L’instant Présent,blog.naver.com/villt,20250314
<b>가산동 맛집</b> 가디회식하기 좋은 고기집 슬로가든&amp;까몬,https://blog.naver.com/bcbcas89/224051113252,연말에 가산동 회식 장소로 많이 이용될듯합니다 !!! <b>가산동 맛집</b> 가디회식하기 좋은 고기집 슬로가든&amp;까몬은 베트남쌀국수 메뉴도 같이 판매되는 곳인데 고기 테이블과 공간이 나뉘어져 있어요... ,무엇이든 기록해쏭,blog.naver.com/bcbcas89,20251023
가디 <b>가산동 맛집</b> 남씨 양꼬치 꿔바로우 맛집,https://blog.naver.com/wonder1313/224086525467,오늘은 가디에 잡내없는 양꼬치 맛집이 있어서 소개해드리려고 왔습니당 :) 양꼬치 주기적으로... 02-855-6880 <b>가산동 맛집</b> 남씨 양꼬치는 가디역에서 한 3분? 정도 걸리는 곳에 위치해있고 가까워요 ! 2층 건물이니... ,ᴰᴬᴵᴸᵞ ᴮᴸᴼᴳ ʕっ•ᴥ•ʔ,blog.naver.com/wonder1313,20251124
<b>가산동맛집</b> 직장인점심으로 좋은 규디스가산점,https://blog.naver.com/ssodaram/224081366950,<b>가산동맛집</b>은 계란우유버터가 미포함된 비건메뉴를 사전예약하면 맛볼 수 있다고 하는데요. 비건선호자분들께서는 미리 사전예약하시면 좋을 것 같아요! 또 단체주문맛집으로 최대 100개까지 단체주문이... ,쑤담한 일상,blog.naver.com/ssodaram,20251120
[가산디지털단지<b>맛집</b>] 회식 장소로 완벽한 <b>가산동</b>고기집... ,https://blog.naver.com/coolhotsil/223892702718,단체든 소규모든 모두 만족하실 거예요! 저희처럼 단순한 저녁식사라도 기분 좋은 외식이 되는 그런 곳입니다  #가산맛집 #<b>가산동맛집</b> #가산동고기집 #가산동회식 #가산디지털단지맛집,☆ Rimrimi's Journal♬,blog.naver.com/coolhotsil,20250608
가산디지털단지 맛집 가산물갈비&amp;수원왕갈비 <b>가산동 맛집</b> 추천,https://blog.naver.com/sempre337/223950587000,"주말 가산동에 가족들과 외출하면서 식사도 하게되어 가산디지털단지 맛집인 가산물갈비&amp;수원왕갈비 <b>가산동 맛집</b>을 방문해보았어요. 가산물갈비&amp;수원왕갈비집 위치는 1,7호선 가산디지털역 7번 출구에서 401m... ",Antique Barn,blog.naver.com/sempre337,20250729
<b>가산동 맛집</b> 동남부대찌개 또간집,https://blog.naver.com/rlwnghks1477/224043820388,<b>가산동 맛집</b> 동남부대찌개 또간집 안녕하세요. 좐의 일상입니다 가산동에서 든든한 점심이나 회식... 가산동 근처 점심 맛집으로 딱이죠. 메뉴는 기본 부대찌개를 중심으로 두루치기·등갈비찜·삼겹 등 저녁에... ,일상과 경험의 모든것,blog.naver.com/rlwnghks1477,20251017
<b>가산동 맛집</b> 김명태 가산점,https://blog.naver.com/yatzar542/223864687706,"얼큰하고 깊은 맛의 명태찜은 매콤함과 담백함, 시래기와 콩나물의 식감이 어우러져 한 입 한 입 먹을수록 감칠맛이 배가됐다. #<b>가산동 맛집</b> #가산디지털단지 맛집",MERCI,blog.naver.com/yatzar542,20250513
한식세끼 금천점 :: 매장 가서 먹어본 <b>가산동</b> 김치찜 배달 <b>맛집</b>,https://blog.naver.com/luuuuuucy/223891553563,"시켰습니다 #<b>가산동맛집</b> #가산동밥집 #가산동집밥 #가산동배달맛집 #가산김치찌개 밥에 올려서 먹다가 비벼 먹고 싶어서 셀프바에 있는 김가루 챙겨와서 김치찜 양념과 밥, 김 야무지게 비벼봅니다. 비주얼은... ",Lucete✨,blog.naver.com/luuuuuucy,20250607
<b>가산동 맛집</b> 정백어가 생선구이 정갈한 한식 밥집!,https://blog.naver.com/dltmf2792/224073609767,"#가산디지털단지역맛집 #<b>가산동맛집</b> #가산디지털단지밥집 #가산동밥집 #가산동생선구이 가끔 그럴 때 있지 않아요? 진짜 맛있는 생선구이가 먹고 싶을 때, 정갈하게 차려진 한식이 먹고 싶을 때, 지금 그런... ",스뤼이야기,blog.naver.com/dltmf2792,20251112
<b>가산동 맛집</b> - 보경닭한마리삼계탕,https://blog.naver.com/herohwangsae/223623581878,"가산동 닭 맛집, 보경닭한마리삼계탕으로. 닭에 관련 요리가 많은 보경 닭한마리 삼계탕. 닭한마리, 닭볶음탕, 닭개장, 삼계탕, 반계탕 등등. 그리고 추어탕까지. 먹을게 많은 <b>가산동 맛집</b>이다. 내부도 넓고... ",무적황새의 세계여행기록&맛집투어,blog.naver.com/herohwangsae,20241018
가산디지털단지역 일식집 맛집 <b>가산동맛집</b> '명서쿠 STXV타워... ,https://blog.naver.com/gkdusglaso/224075773820,#가산디지털단지역맛집 #가산디지털단지역일식 #<b>가산동맛집</b> #가산동일식집 #가산디지털단지역야식추천 명서쿠 STXV타워 가산점 명서쿠 STXV타워 가산점은 일본 분위기의 식당입니다~~!!! 내부는 깔끔하고... ,뽀밍뚜 RECORD,blog.naver.com/gkdusglaso,20251114
<b>가산동 맛집</b>에서의 감동적인 순간,https://blog.naver.com/circle2080/224077308307,"<b>가산동 맛집</b>에서의 감동적인 순간 가산동의 맛집을 찾는 사람들은 특별한 경험을 원할 것입니다. 새로운 맛을 발견하고, 그곳의 분위기에서 특별한 순간을 만들어가고 싶죠. 가산동에서의 경험은 단순한 식사를... ",정전기소녀,blog.naver.com/circle2080,20251116
서울 금천구 <b>가산동 맛집</b> 탐방의 재미,https://blog.naver.com/parliament3231/224081432033,"가산동에는 다양한 맛집들이 있어 미식 탐험의 즐거움이 가득하다. 서울 금천구 <b>가산동 맛집</b> 탐방의 재미 <b>가산동 맛집</b>을 찾는 당신의 마음, 맛있는 음식을 즐기고 싶은 갈망이 가득하겠군요. 특히 가산동은... ",헐크버스터,blog.naver.com/parliament3231,20251119
"[맛집 후기]건강, 맛, 편의성을 모두 갖춘 <b>가산동맛집</b>_규디스... ",https://blog.naver.com/8120438khs/224069382178,"채식주의자들이 이용하기 좋은 <b>가산동맛집</b>이다. 건물 주차장에 2시간 무료 주차가 가능하여 자가용을... 있는 <b>가산동맛집</b>이다. 또한, 가성비 또한 훌륭한데, 1900원에 즐길 수 있는 아이스 아메리카노가 있어... ",일상을 기록하는 코맷,blog.naver.com/8120438khs,20251108
<b>가산동</b> 쪽갈비 <b>맛집</b> | 배부장찌개 가산디지털단지역점,https://blog.naver.com/ciae141/224070585533,영업정보 <b>가산동</b> 쪽갈비 <b>맛집</b> <b>가산동</b> 쪽갈비 <b>맛집</b> 배부장찌개 가산디지털단지역점 ● 주소 : 서울특별시 금천구 가산디지털1로 168 우림라이온스밸리 A동 219-2호 (<b>가산동</b> 371-28) 가산디지털단지역 7번 출구에서... ,나의 달님,blog.naver.com/ciae141,20251110
<b>가산동 맛집</b> 솥밥에 명태조림 막걸리까지 먹기 좋은 김명태... ,https://blog.naver.com/nineplus1th/224039548166,<b>가산동 맛집</b>으로 엄마도 만족하신 명태조림맛의 김명태 매운갈비찜 가산점을 소개해본다. 김명태 매운갈비찜 가산점 주소 서울 금천구 가산동 145-26 전화번호 0507-1316-3664 위치 김명태 매운갈비찜 가산점은... ,MUKA TRIP,blog.naver.com/nineplus1th,20251013
[<b>가산동 맛집</b>] 현대아울렛 근처 가성비 넘치는 술집... ,https://blog.naver.com/jingbao57/224085722455,강추드립니다ㅎ #가산동 #<b>가산동맛집</b> #<b>가산동맛집</b>추천 #동네술집 #정거장포차 #현대아울렛 #현대아울렛가산 #현대아울렛가산점 #술집 #근처술집 #가산술집 #가산술집추천 #가산술집맛집 #가산현대아울렛... ,jingbao57님의 블로그,blog.naver.com/jingbao57,20251124
<b>가산동 맛집</b> 매운갈비찜 김명태 가산점,https://blog.naver.com/mamon555/224065370459,<b>가산동 맛집</b> / 가산디지털단지 맛집 김명태 가산점 오늘의 포스팅은 <b>가산동 맛집</b> 김명태 가산점입니다 여러번 이 곳을 지날 때마다 뭔가 맛집인 것 같은 느낌에 언젠가 꼭 가봐야지 했다가... ,메몽의 하루,blog.naver.com/mamon555,20251105
<b>가산동 맛집</b> 규디스 가산점 반미 샌드위치 파는곳 케이준치킨... ,https://blog.naver.com/kkablog/224073967964,#<b>가산동맛집</b> #규디스가산점 #반미샌드위치 #케이준치킨샌드위치 #명란에그반미 #가산반미샌드위치 반미 샌드위치 좋아하세요?~~ 전 바게트류를 다 좋아해서 반미는 무조건! <b>가산동 맛집</b> 반미샌드위치 파는곳... ,까불로그,blog.naver.com/kkablog,20251112
<b>가산동맛집</b> 제대로 먹는 돈카츠 미락카츠,https://blog.naver.com/hyeju1226/223633753570,저희집이랑 가까운 가산동에 맛있는 돈카츠집이 있어서 다녀왔어용. 부드럽고 바삭한 돈카츠가... <b>가산동맛집</b> 미락카츠 맛있게 먹는 방법 :) 히레카츠와 치즈카츠가 나왔어요 !! 신선한 국내산 돼지 안심으로... ,앙또의 요모조모,blog.naver.com/hyeju1226,20241025
<b>가산동</b> 떡볶이와 닭강정 <b>맛집</b> 떡밀밀,https://blog.naver.com/fleur_daldal/224083934911,"뭔가 서브메뉴로 괜찮은 거 없을까 싶어 닭강정도 같이 먹을 계획으로 방문한 <b>가산동</b> 떡볶이 <b>맛집</b> 떡밀밀 가산한화점. 후기 시작하겠습니다. <b>가산동</b> 떡볶이 닭강정 <b>맛집</b> 떡밀밀 가산한화점 주소, 배달, 메뉴... ",달.달 dal.dal,blog.naver.com/fleur_daldal,20251121
[가산디지털단지] <b>가산동맛집</b>... 만든 반미샌드위치 샐러드 맛집,https://blog.naver.com/nmj617/224071600225,"가산동 샌드위치 샐러드 맛집답게 종류도 다양했고 아이스 아메리카노도 1,900원이라 가성비도 좋았다! 마침 네이버 영수증 리뷰이벤트도 진행중이었다 <b>가산동맛집</b> 규디스 내부는 좁고 길게 이어진 구조로... ",소소한 기록들♡,blog.naver.com/nmj617,20251110
추억에 젖을 수 있는  <b>가산동맛집</b>  서천집,https://blog.naver.com/ys-j03/224087995208,"추억에 젖을 수 있는 <b>가산동맛집</b> 서천집 맛있는 저녁 드셨나요?? 저 완전 맛있는 거 먹고 왔고... 10:00 - 23:00, 주말 10:00 - 21:00 #쭈꾸미맛집 #가산동회식 #가산디지털단지맛집 #가산디지털단지쭈꾸미 #가디맛집",꿀떡으로 맛탕 만들어먹기,blog.naver.com/ys-j03,20251125
[콤웨어] 서울/가산디지털단지역 맛집_숙성목살 &quot;로&quot;(<b>가산동맛집</b>),https://blog.naver.com/58691/223783111920,오늘은 <b>가산동</b>에 아는 사람만 아는 <b>맛집</b>!! 가산디지털단지역 &quot;로&quot; 에 방문했습니다 ~~ 꼭꼭 숨어있지만 직장인들 발걸음이 끊이질 않는곳! 검색이 되지 않아 '<b>가산동</b> 로' 라고 쳐야한답니다 ㅎㅎ 맛있는 고기... ,No.1 수발주프로그램 발주고 - 콤웨어 공식블로그,blog.naver.com/58691,20250304
<b>가산동 맛집</b> 요미우돈교자 퍼블릭가산점,https://blog.naver.com/poohhoo/223591900788,혹은 맛집이여서인지는 모르겠지만 점심시간에는 사람들이 꽉 차있었고 식당에서 봤던 대부분의 사람들은 맞은편에 있는 스타벅스에서 다시 얼굴을 볼 수 있었다. <b>가산동 맛집</b> 요미우돈교자 추천. 그리고... ,나를 블로깅 합니다,blog.naver.com/poohhoo,20240922
<b>가산동 맛집</b> 하남돼지집 가산디지털역점,https://blog.naver.com/wep17/223581537238,국수 맛집이라 거의 갈때마다 주문해서 먹는 메뉴에요 고기랑도 너무 잘어울리고 시원하고 깔끔한맛이 호로록호로록 계속 들어가더라구요 n번째방문이지만 항상 만족하며 먹고 오는 하남돼지집 <b>가산동 맛집</b>... ,YUN :D REC,blog.naver.com/wep17,20240912
가산디지털 <b>맛집</b> 황실왕짬뽕 <b>가산동</b>회식장소 추천(가격할인),https://blog.naver.com/uyn11/224024614710,"있어서 가산동 점심 혼밥하러 방문하기에도 편한 <b>가산동 맛집</b> 황실왕짬뽕 짬뽕 국물 옷에 튀지 않게... 한층 더 가성비좋게 이용할 수 있는 가산디지털 맛집 황실왕짬뽕 가산동점심, 가산동회식장소로 추천",HANA LOG,blog.naver.com/uyn11,20250928
[호랭맛집] <b>가산동맛집</b> 가산동생선구이 정백어가 가산퍼블릭점... ,https://blog.naver.com/holee250/224030425538,"호랭맛집에 오신걸 환영해요오~~ 오늘은 <b>가산동맛집</b> 가산동생선구이 맛집 정백어가 가산퍼블릭점 방문했어요. 저희는 2인정찬세트 , 공기밥 주문했어요 (고등어구이+고등어조림+오징어제육) 주차가능해요... ",호랭이 소소한 일상이야기~,blog.naver.com/holee250,20251003
"<b>가산동 맛집</b> 슬로가든 까몬 회식, 모임에 딱! 가산디지털단지... ",https://blog.naver.com/rim7510/223971726647,베트남 로컬같은 인테리어로 시선을 사로잡는 <b>가산동 맛집</b> 민생회복 소비쿠폰 사용가능 2. 가산동에... #가산고기집 #가산디지털단지맛집 #가산삼겹살 #가산회식 #가산모임장소 #가산가성비맛집 #<b>가산동맛집</b>,"ʕ•̬͡•ʕ•̫͡•짱이,짱구는 여행중",blog.naver.com/rim7510,20250815
가성비 좋은 <b>가산동</b> 인생곱창 <b>맛집</b> 곱창전골도 맛있는 가디... ,https://blog.naver.com/gyeomd22/224033321485,화 - 일 17:00 ~ 23:00 매주 월요일 정기휴무 ☎ 0507-1352-9047 #가산맛집 #<b>가산동맛집</b> #가디맛집 #가산디지털단지맛집 #가디곱창 #가산동곱창 #가산곱창 #가산곱창맛집 #내돈내산 사실 <b>가산동 맛집</b> 가산곱창은 내부가... ,내이름은삼순이,blog.naver.com/gyeomd22,20251006
<b>가산동 맛집</b> - 목포회수산,https://blog.naver.com/herohwangsae/223543321342,<b>가산동 맛집</b>. 목포회수산. 신선한 활어회가 생각날 때 가끔 찾는 곳이다. 깔끔하게 리모델링이 된 내부.... 가산동에서 활어회는 목포회수산이 최고인듯하다. 늦은시간까지 사장님과 이런저런 얘기를... ,무적황새의 세계여행기록&맛집투어,blog.naver.com/herohwangsae,20240810
<b>가산동 맛집</b> 김명태 매운갈비찜 가산점 입 텁텁함 없는 깔끔한 맛,https://blog.naver.com/every_art_day/224028866239,남녀노소 호불호 거의 없을 맛이에요 :) <b>가산동 맛집</b> 김명태 매운갈비찜 가산점 입 텁텁함 없는 깔끔한 맛 포스팅을 마칩니다. #<b>가산동맛집</b> #독산동맛집 #가산디지털단지맛집,Every Art Day,blog.naver.com/every_art_day,20251001
"<b>가산동맛집</b> 무식하게 크고, 싸고, 맛있다! 진짜 뼈갈비는 무시칸... ",https://blog.naver.com/dodo8250/224048073696,"요즘 진짜 고기 맛집 찾기 쉽지 않죠. 특히 가성비 좋고 퀄리티까지 챙긴 곳은 더더욱 드물어요. 그런데 얼마 전, 회사 근처에서 회식 장소를 찾다가 발견한 곳이 바로 <b>가산동맛집</b> 무.시칸... ",롱롱씨 잡화점,blog.naver.com/dodo8250,20251021
<b>가산동</b>혼밥 <b>맛집</b> 가디 수제버거는 가성비 좋은 프랭크버거,https://blog.naver.com/gyeomd22/224019626364,매일 10:00 ~ 22:00 라스트오더 21:00 ☎ 02-852-8358 #가산동혼밥 #가디혼밥 #가디수제버거 #가디수제버거맛집 #가산동수제버거 #<b>가산동맛집</b> #가디맛집 #가산디지털단지수제버거 #가산수제버거 #프랭크버거 새로... ,내이름은삼순이,blog.naver.com/gyeomd22,20250924
[호랭맛집] 금천 <b>가산동맛집</b> 서울양갈비맛집 라복궁 가산본점... ,https://blog.naver.com/holee250/224029589670,가산본점 <b>가산동맛집</b> 금천구마랑탕 가산동고기집 서울양갈비맛집 가산디지털단지맛집 천장에 벚꽃 이쁘쥬  매장이 깔끔하게 잘되있네요 저희가 간날은 비가 왔었어서 야외테라스 자리를 오픈안하셨데요.... ,호랭이 소소한 일상이야기~,blog.naver.com/holee250,20251002
"<b>가산동 맛집</b> 멕시칸 음식이 당길 땐, 호세가 강력 추천",https://blog.naver.com/purereung/223660147464,#<b>가산동맛집</b> #가산타코 #가디타코 #호세가 #가산맛집 <b>가산동 맛집</b> 멕시칸 음식이 무지무지 맛있는... 가산동에서 이렇게 힙하고 감성적인 음식점 찾기 힘든데 호세가는 맛도 좋고 힙한 곳이라 사람들이 많이 찾는... ,푸르릉데이,blog.naver.com/purereung,20241114
"<b>가산동 맛집</b>,  금천구 피자 EPP 구로가산점",https://blog.naver.com/inthewet/223510636123,"<b>가산동 맛집</b> &amp;금천구 피자 EPP 구로가산점 위치 &amp;외부내부 서울 금천구 가산로9길 12-8 1동 111호 가산동 현대아울렛, 롯데시네마 부근에 지웰에스테이트 2차 이마트24 편의점, BHC치킨 옆쪽에 위치해있다 매우... ",Photograph Diary,blog.naver.com/inthewet,20240712
[호랭맛집] <b>가산동맛집</b> 마리오아울렛맛집 태국음식 콘타이... ,https://blog.naver.com/holee250/224045903420,태국음식점 #태국음식맛집 #가산동쌀국수 #<b>가산동맛집</b> #이색식당 #가산동아기의자있는식당 #아이와갈만한곳 #가산디지털단지역맛집 #구로동맛집 #마리오아울렛맛집 #가족외식장소 #가산동데이트 #콘타이주차,호랭이 소소한 일상이야기~,blog.naver.com/holee250,20251019
<b>가산동맛집</b> 양갈비 마라탕 라복궁 고기퀄리티 미쳤다,https://blog.naver.com/ghfjvb465/223938943086,<b>가산동맛집</b> 라복궁 양갈비&amp;마라샹궈 고기퀄리티 미쳤다 안녕하세요 신지테입니다. 요즘 비가 너무 많이... 양고기 맛집이기 때문에 일단 구워먹는 양고기 뭐든 주문하고 다른 요리를 추가 고민하시는걸... ,노마드신지테의 경제적자유얻기 챌린지,blog.naver.com/ghfjvb465,20250719
<b>가산동 맛집</b> - 가산곱창,https://blog.naver.com/herohwangsae/223476741362,<b>가산동 맛집</b> 가산곱창. 간판부터 맛집 포스. 가산동 문정곱창과 함께 최고 곱창 맛집이다. 테이블이 몇개 없다. 환영합니다. 낙서가 많은데 읽어볼 필요가 있는 내용들. 물론 낙서도 많지만 전달사항이 낙서처럼... ,무적황새의 세계여행기록&맛집투어,blog.naver.com/herohwangsae,20240612
마라홀릭 마라탕 가산센트럴점 :: <b>가산동</b> 마라탕 <b>맛집</b> 멘보샤 후기,https://blog.naver.com/luuuuuucy/223721771445,#가산동마라탕 #서울<b>가산동맛집</b> #가산동데이트 #서울가산동마라탕맛집 #서울<b>가산동맛집</b> 마라홀릭 마라탕 메뉴 마라탕 우삼겹추가 멘보샤 (중) 4p 사이드로 튀김양꼬치를 시키고 싶었는데 방문한 날엔... ,Lucete✨,blog.naver.com/luuuuuucy,20250110
<b>가산동 맛집</b> 가산물갈비 가족외식 했어요,https://blog.naver.com/qkrgkdud325/224041366633,"<b>가산동 맛집</b> 가물갈비 가족외식 했어요 &amp; 주말마다 가족이랑 외식할 곳을 찾다 보면, “맛도 좋고 자리도 여유 있는 곳” 찾기가 참 어렵죠. 이번엔 오랜만에 가족들과 <b>가산동 맛집</b>으로 유명한 가산물갈비에... ",ෆ요이웨딩월드ෆ,blog.naver.com/qkrgkdud325,20251014
<b>가산동 맛집</b> 혼밥하기 좋은 식당 김명태 매운갈비찜 가산점,https://blog.naver.com/pjs_tkd/224003877271,"금천구 <b>가산동</b> 145-26 현대아울렛 뒷편 보도 3분 단체예약 가능, 포장, 배달 가능 가산 근처 직장인분들이 자주 찾는 <b>맛집</b> 이라는데 깔끔한 매장과 빠른 회전율로 점심시간에도 부담없이 방문하기 너무 좋은 곳... ",박사범의 행복한 하루,blog.naver.com/pjs_tkd,20250911
인생내뼈 : 나만의 또간집 <b>가산동</b> 뼈해장국<b>맛집</b>,https://blog.naver.com/iinmi/224035087347,"커피한잔 7천원의 시대,, 고물가시대에 가격은 저렴하지만 맛은 끝장나게 든든한 한끼 먹자구요~~ #인생내뼈감자탕 #<b>가산동맛집</b> #가산맛집 #한라원앤원타워맛집 #가산동감자탕 #가산동해장국 #얼큰뼈해장국... ",젼밍의 소소한 일상,blog.naver.com/iinmi,20251008
금천구 <b>가산동 맛집</b>ㅣ숯불 닭구이 전문점 계부심 내 돈 내산... ,https://blog.naver.com/jsdj1108/224028588464,<b>가산동 맛집</b> 계부심 내 돈 내산 후기였습니다 도움이 되셨다면 공감&amp;댓글 부탁드려요  ❤ <b>가산동 맛집</b> #가산동닭한마리 후기보기 ❤ ❤ 독산역 맛집 #포닷베트남쌀국수 후기 보기 ❤,THIS IS ME,blog.naver.com/jsdj1108,20251015
<b>가산동맛집</b> 주차가능한 동대문털보네 양념소갈비 추천,https://blog.naver.com/qkrgkdud325/224050473167,<b>가산동맛집</b> 주차가능한 동대문털보네 양념소갈비 추천 오늘 소개할 곳은 <b>가산동맛집</b> 중에서도 진짜... 적합한 가산동 대표 고기맛집 좌석이 넓고 환기 잘 되어 있어서 단체 회식이나 가족 모임하기에도... ,ෆ요이웨딩월드ෆ,blog.naver.com/qkrgkdud325,20251022
금천구 <b>가산동 맛집</b> 회식하기 좋아 바삭 천국의계닭,https://blog.naver.com/xlzjrhdwn/223066889345,"일끝나고 잠깐, 시원 크림생맥주와 이 조합 <b>가산동 맛집</b>이라 그런가 직장인 회식으로 북적이던 저녁이요 하나, 둘 셋 넷 .. 닭다리가 10개 계단을 타고 ㅋ 사장님썰 가산동 회식 이 메뉴가 인기래요 네이밍센스... ",오늘 하루도 끄적끄적,blog.naver.com/xlzjrhdwn,20230406
<b>가산동 맛집</b> - 최대포 숯불구이,https://blog.naver.com/herohwangsae/223553911653,"<b>가산동 맛집</b>. 최대포 숯불구이. 우연히 길을 지나다가 여긴 맛집이야 꼭 방문해봐야지 했던 곳. 포스가 남다르다. 나는 삼겹살파인데. 항정살, 주먹고기, 갈매기살 등등. 친근한 대포집 분위기. 술이 술술 넘어갈... ",무적황새의 세계여행기록&맛집투어,blog.naver.com/herohwangsae,20240820
<b>가산동 맛집</b> 회식이나 모임은 역시 이곳!,https://blog.naver.com/subin_s_humteresting/222970096891,"212호(가산동, 우림라이온스밸리) 번호 : 0507-1338-0400 시간 : 매일 10:00 – 22:30 <b>가산동 맛집</b>인 서천집은... 존재하는 맛집인거 같아요. 술이 정말 술술 들어가는 날이네요. <b>가산동 맛집</b>인 서천집은 인테리어도... ",수빈's humteresting,blog.naver.com/subin_s_humteresting,20221230
[호랭맛집] <b>가산동 맛집</b> 금천 가산물갈비&amp;수원왕갈비... ,https://blog.naver.com/holee250/224040399802,추천드려요 ~~ &amp; #금천맛집 #가산동티비출연식당 #가산물갈비 #<b>가산동맛집</b> #금천가산물갈비&amp;수원왕갈비 #가산디지털단지맛집 #가산디지털역맛집 #<b>가산동맛집</b> #가산물갈비 #가산맛집 #가산동데이트... ,호랭이 소소한 일상이야기~,blog.naver.com/holee250,20251014
금천구 <b>가산동 맛집</b> :: 기가막힌 장흥 차돌삼합을 즐길 수 있는... ,https://blog.naver.com/sirano89/223782947702,"금천구 <b>가산동 맛집</b>, 기영상회를 다녀왔습니다. 소고기와 버섯, 관자구이로 삼합을 즐길 수 있는 곳입니다. 비주얼 자체가 맛집 인증인 기영상회 소개해드릴게요. 기영상회, 정직한 고깃집  주소 서울... ",영국할매 컨텐츠랩,blog.naver.com/sirano89,20250304
서울 <b>가산동</b> 양갈비 <b>맛집</b> 데이트 하기 좋은 쿠모,https://blog.naver.com/mamybebe/223522556986,분위기와 맛을 동시에 즐길 수 있는 곳으로 추천^^ 가산동 양고기 맛집 쿠모 위치 : 서울 금천구 가산로 143 101호 영업시간 17:00~24:00 전화 0507-1475-1172 #<b>가산동맛집</b> #가산동데이트 #데이트하기좋은곳 #양고기맛집... ,돌아다니고 끄적거리는 리뷰몽땅,blog.naver.com/mamybebe,20240723
"[가산] <b>가산동</b> 바게뜨•샌드위치 <b>맛집</b>, 규디스",https://blog.naver.com/suyean02_/224058678833,"가산 현대아울렛 쇼핑 후 맛있으면서도 가볍고 건강하게 떼울 수 있는 <b>가산동 맛집</b>, 규디스를 소개하고자 해요. <b>가산동 맛집</b>, 규디스는 가산디지털단지역에서 도보 10분거리로 도보, 대중교통 이용이... ","쑤로그, 또 먹는다! ‘쑤또맘마’",blog.naver.com/suyean02_,20251030
가산 점심/<b>가산동 맛집</b> 조려당 스팸두부조림 한 끼 훌륭해,https://blog.naver.com/justone486/224080759163,먹을 수 있었던 조려당을 <b>가산동맛집</b>/가산점심/가산동두부조림 찾으시는 분들에게 추천합니다! #<b>가산동맛집</b> #가산점심 #가산동두부조림 #가산디지털단지역맛집 #가산역맛집 #가디역맛집 #가산디지털단지점심맛집,Mom’s daily,blog.naver.com/justone486,20251119
가산디지털단지 <b>맛집</b> 삼겹살 갑오징어로 <b>가산동</b> 회식장소 !,https://blog.naver.com/tmddn7173/223640038149,가산 근처 삼겹살 맛집 찾으시는분들께 강추에요!! #<b>가산동맛집</b> #가산동삼겹살 #가산디지털단지회식장소 #가산고기집 #금천구맛집 #금천구회식 #동산미 본 포스팅은 소정의 서비스를 제공받아 작성되었습니다 :),깡★여행 정복하고 맛집 뿌시자!,blog.naver.com/tmddn7173,20241030
<b>가산동 맛집</b> - 돼지네 연탄구이(냉삼),https://blog.naver.com/herohwangsae/223425322464,<b>가산동 맛집</b>. 돼지네 연탄구이. 가산동에서 아는사람들은 아는 맛집이다. 오늘은 하루도 연탄구이 삼겹살 먹기 좋은 날씨이다. 내부도 소주가 땡기는 분위기. 테이블이 많지는 않다. 드럼통 테이블에 무시무시한... ,무적황새의 세계여행기록&맛집투어,blog.naver.com/herohwangsae,20240424
[서울<b>맛집</b>] <b>가산동</b> 쭈꾸미 <b>맛집</b> 누나밥쭈 가산디지털역점... ,https://blog.naver.com/hsjk1004/223681068337,[서울맛집]가산디지털단지꾸쭈미맛집 #가산동쭈꾸미맛집 #가디쭈꾸미맛집 #<b>가산동맛집</b> #가산디지털단지쭈꾸미맛집 #누나밥쭈가산디지털역점 #누나밥쭈가산점 #누나밥쭈 #가산역맛집,Jackie's paradise ♥,blog.naver.com/hsjk1004,20241203
가산동 타코 맛집 호세가... (feat. 가디역 <b>가산동 맛집</b>),https://blog.naver.com/wowterry/223804033641,"가산동 타코 맛집 호세가를 추천합니다! ✨ 저는 평소에도 타코를 즐겨 먹어서 배달로도 종종 시켜... ✔ 배달 &amp; 포장도 가능해서 언제든지 맛볼 수 있는 찐 맛집! <b>가산동 맛집</b> 찾으신다면, 가디역 타코 맛집... ",BaekData,blog.naver.com/wowterry,20250320
"<b>가산동 맛집</b>, 미스터빠삭에서 직장인 점심 해결!",https://blog.naver.com/ggumzg/224087529256,"오늘은 <b>가산동</b>에 위치한 가성비 <b>맛집</b>, 미스터빠삭 가산롯데아울렛점을 소개해드리겠습니다. 이곳은 특히 가산돈까스와 가산라멘으로 유명한 곳으로, 직장인들 사이에서 점심 <b>맛집</b>으로 자주 언급되는 곳이에요.... ",쿠끼 블로그,blog.naver.com/ggumzg,20251125
<b>가산동 맛집</b> - 마라홀릭,https://blog.naver.com/herohwangsae/223570356137,<b>가산동</b> 센트럴푸르지오시티. 건물 상가에 많은 음식점들이 있다. 그중에 내 최애 마라탕 <b>맛집</b> 마라홀릭. 금천구 최고의 마라 <b>맛집</b>이다. 가산디지털단지역에서도 걸어서 15분내로 도착이다. 매장도 깔끔하고... ,무적황새의 세계여행기록&맛집투어,blog.naver.com/herohwangsae,20240903
요리몽땅 중식뷔페♬ 가산디지털단지 <b>맛집</b> <b>가산동</b> 도원 중국집,https://blog.naver.com/ttimbakjil/223193162404,<b>가산동 맛집</b> 요즘 맛집데이트는 물론 배달음식도 살짝쿵 망설여질 만큼 외식물가가 올라서인지 일전에 소개한 꿀가성비 중식뷔페 컨텐츠에 관심 있는 분들이 제법 많은 듯하여 오늘은 그 2탄 격으로 가산동에... ,뜀박질의 달콤한 테라피,blog.naver.com/ttimbakjil,20230825
[<b>가산동</b>술집] 녹번꼼장어 : 불향 가득한 포차 감성 <b>맛집</b>,https://blog.naver.com/seosu13/224003875766,꿀맛 가산동술집 으로 찾았지만 <b>가산동맛집</b>이기도 해서 식사로도 N번 방문할 듯 하다 깔끔하게 끝나버린 우리의 한상 꼼장어 처음 먹어보는 사람이 꼼장어 킬러가 될 수 있는 곳이다 그만큼 맛있었던... ,오늘도 잘 부탁해 : ),blog.naver.com/seosu13,20250911
<b>가산동맛집</b> : 오투닭갈비&amp;부대찌개 아스크타워점,https://blog.naver.com/22ifeel/224033677414,"닭갈비가 땡기던 어느 날, 새로 생긴 <b>가산동맛집</b>에 가보기로 했다! &amp; 그리고 평일 저녁에 여기 앞을 지나가다보면 사람이 항상 바글바글하던 가산동 신상 맛집. 주소 : 서울 금천구 디지털로10길 37... ",예비맘의 알찬 육아 준비 !,blog.naver.com/22ifeel,20251007
<b>가산동맛집</b> 육회 주는 한옥집숯불갈비 독산본점,https://blog.naver.com/jieun4243/223481151594,"<b>가산동맛집</b> 한옥집숯불갈비 독산본점 주소: 서울시 금천구 시흥대로 141길 71, 1층 영업시간: 매일 11:30-21... 먹었는데 양념도 맛있었어요 구디 근처 독산동 맛집 한옥집숯불갈비 독산본점 맛집으로 추천드려요:):)",YUN SANG CHU,blog.naver.com/jieun4243,20240616
서울 금천 <b>가산동</b> 점심식사 <b>맛집</b> 가산물갈비수원왕갈비,https://blog.naver.com/mikako7119/223990365854,"서울 금천 가산동 점심식사 맛집 가산물갈비수원왕갈비 <b>가산동 맛집</b>, 가산물갈비&amp;수원왕갈비에서 즐거운 주말 식사를 했어요. 아이들과 함께 방문했는데, 즉석에서 조리되는 소불고기가 정말 부드러웠고... ",유자네 뷰티 블로그,blog.naver.com/mikako7119,20250902
<b>가산동 맛집</b> 김명태 매운갈비찜 가산점,https://blog.naver.com/ronghee0210/223708882044,"ㅎㅎ 저는 돼지런하게 연말이라고 더 잘 먹고 다닌답니다 그러는 의미에서 오늘도 맛집... 같아요 <b>가산동 맛집</b> 인정 저는 매운갈비찜을 먹었지만, 원래 이 집은 김명태라는 가게 이름에 맞게... ",먹고 여행가는 이야기,blog.naver.com/ronghee0210,20241230
<b>가산동맛집</b> 동대문 털보네 회식 추천 가산디지털단지역 고기집... ,https://blog.naver.com/dhekddud/224044815455,과식해버렸어요 <b>가산동맛집</b> 동대문털보네 후기는 여기까지에요 여기까지 읽어주셔서 감사드리고 다음에 또 봐요 :) 안녕~~~~~~~~~~~~~~~~~ #가산맛집 #<b>가산동맛집</b> #가산동고기집 #가산동회식 #가산디지털단지맛집,오다다의 지구정복기,blog.naver.com/dhekddud,20251017
가산디지털단지역<b>맛집</b> 정백어가 가산퍼블릭점 <b>가산동</b>... ,https://blog.naver.com/dubu3303/224063088503,"어른 아이 할 것 없이 누구나 맛있게 먹을 수 있는 깔끔한 한상차림, 가산밥집 &lt;정백어가&gt; 추천해요. #가산디지털단지역맛집 #<b>가산동맛집</b> #가산디지털단지밥집 #가산동밥집 #가산동생선구이",두부의 맛집과 쇼핑,blog.naver.com/dubu3303,20251103
화덕구운고등어 ll 생선구이 넘버원 찐맛집 <b>가산동 맛집</b> 방문기,https://blog.naver.com/wangchacha/224020603792,생선구이 맛집이라며 몇번 소개한 곳이 있었는데 마침 남편이 생선구이 킬러라 ㅎㅎㅎ 함께 방문하게... 가산동 직장인분들에게 추천하는 <b>가산동맛집</b> 화덕구운고등어. 맛있다는 소문만 듣다가 직접 와서... ,이거저거 요모조모 기타등등,blog.naver.com/wangchacha,20250924
[가산/<b>맛집</b>]<b>가산동</b> 화덕구운고등어(한정식)내돈내산 후기입니다.,https://blog.naver.com/muesdreken/224003713115,한 번 방문해보시길 추천합니다. #화덕구운고등어 #가산<b>맛집</b> #<b>가산동</b>생선구이 #<b>가산동</b>화덕구이 #<b>가산동</b>내돈내산 #<b>가산동</b>셀프바 #<b>가산동</b>직화제육 #<b>가산동</b>가볼만한곳 #<b>가산동</b>가족식사,02)807-2326 아파트형공장 전문공인중개사 이재성,blog.naver.com/muesdreken,20250911
<b>가산동맛집</b> 가디역마라탕 양궈푸,https://blog.naver.com/sugi033177/223383715782,실제로 이렇게 4가지 메뉴만으로 간단하게 있는 집이 맛집이라는 느낌이 뙇!!!! <b>가산동맛집</b> 가디역마라탕 양궈푸 들어가자마자 양푼에 각종 재료들을 골라 넣어봅니다. 저희 아이들과 함께 먹을 것이기 때문에... ,유쾌한 로운쌤,blog.naver.com/sugi033177,20240314
<b>가산동 맛집</b> 장흥식 한우 삼합이 제공되는 정직한 고깃집... ,https://blog.naver.com/enne313/223660852480,"<b>가산동 맛집</b> 기영상회는 순두부찌개까지 아주 훌륭하네요 가산동 가산더블레스 1층에 위치한 기영상회. 여러 종류의 고기도 있고 밑반찬도 훌륭했는데요, 가장 가성비있게 즐기려면 네이버 예약하면 받을 수... ",Cuirassier Total Stationery,blog.naver.com/enne313,20241114
<b>가산동</b>마라탕 <b>맛집</b> 마라홀릭에서 추운날 따숩게 마라탕... ,https://blog.naver.com/angela881112/223720735403,바로바로 가산센트럴푸르지오시티맛집 마라홀릭 가산센트럴점 이예요 #금천구마라탕 #서울<b>가산동맛집</b> #가산동데이트 #서울가산동마라탕맛집 #서울가산동마라탕 #가산동마라탕 가산동마라탕 마라홀릭... ,쑥덕숙덕 레시피,blog.naver.com/angela881112,20250109
<b>가산동 맛집</b> - 삼복 토종 닭도리탕,https://blog.naver.com/herohwangsae/223528025608,<b>가산동 맛집</b>을 찾아서. 현대아울렛 가산점 후문쪽으로 나섰다. 삼복 토종 닭도리탕. 가게 앞에 차량 2대 주차 가능하다. 내부는 이렇다. 메뉴판. 특별하지 않은 기본 반찬. 닭도리탕. 아니 내가 조금 늦게온 사이... ,무적황새의 세계여행기록&맛집투어,blog.naver.com/herohwangsae,20240728
[<b>가산동</b>마라탕] <b>가산동</b> 배달<b>맛집</b> 마라홀릭 마라탕,https://blog.naver.com/ayddl22/223492611418,좋은 마라탕이라 실망하지 않으실꺼에요~ #가산동마라탕 #서울<b>가산동맛집</b> #가산동데이트 #서울가산동마라탕맛집 #서울가산동마라탕 #가산마라탕 #가산마라탕맛집 #가산마라샹궈 #가산동마라샹궈 #가산동점심,MY:D,blog.naver.com/ayddl22,20240627
<b>가산동 맛집</b> 분위기 좋은 멕시코 음식 호세가,https://blog.naver.com/jeolmi820/223622180180,저는 아울렛도 방문할 겸 가산동에 자주 가는 편인데 예전에 돌아다니다 외부에서 봐도 분위기가... 정말 가산 데이트 맛집으로 추천하고 싶은 곳이에요 감성적인 <b>가산동 맛집</b> 멕시코 음식 호세가로... ,절미 그랜드오픈,blog.naver.com/jeolmi820,20241017
"<b>가산동맛집</b> 가디역 한식 생선구이 맛집, 화덕구운고등어",https://blog.naver.com/rinah0726/224054864251,"드셔서 좋았어요☺ 화덕구운고등어 솔직 총평 맛, 양, 깔끔함, 친절함까지 모두 갖춘 곳! 가산동에서 백반집, 생선구이맛집 찾으신다면 가디역 <b>가산동맛집</b>, 화덕구운생선구이 추천!!❤  함께 보면 좋은 글  &quot;&quot; &quot; &quot;",❀ 잼있는 노잼인생 ❀,blog.naver.com/rinah0726,20251027
<b>가산동 맛집</b> - 대식당 : 가디역 회식 제주도 고기 추천,https://blog.naver.com/i_am_korean/223506997311,가산디지털단지 근처에 위치한 <b>가산동맛집</b> 대식당! 내부는 생각보다 꽤 넓어서 가산동 가디역 구디역 근처 회식장소 찾으신다면 여기가 제격 bbb 맛있는 음식 = 쾌적하고 넓은 장소= 회식 딱! ㅋㅋ 그리고 매장... ,소담스러운 일상,blog.naver.com/i_am_korean,20240709
<b>가산동</b>분식 <b>맛집</b> 스텔라떡볶이 신메뉴 매콤크림떡볶이 닭강정,https://blog.naver.com/gyeomd22/224007779477,월 - 토 11:00 ~ 21:00 매주 일요일 정기휴무 ☎ 0507-1335-0323 #가산동분식 #가산동분식맛집 #가산동떡볶이 #가디떡볶이 #가산떡볶이 #스텔라떡볶이신메뉴 #스텔라떡볶이 #<b>가산동맛집</b> #가디맛집 #가산맛집 배달만... ,내이름은삼순이,blog.naver.com/gyeomd22,20250916
[<b>가산동</b>] 마실마실 | 가산에서 보기드문 분위기 <b>맛집</b>:),https://blog.naver.com/radiantzest/224038452467,#<b>가산동맛집</b> #가산동와인 #가산와인 #가산맛집 #가산디지털단지역맛집 #가산디지털단지역와인 #가산동파스타맛집 #가산파스타맛집 #가산분위기좋은곳 #가산데이트추천 #가산데이트장소추천... ,JinLog (๑❛ڡ❛๑),blog.naver.com/radiantzest,20251016
<b>가산동</b> 혼밥 <b>맛집</b> 동태탕 김치찌개 잘하는 양가네 찌개마을,https://blog.naver.com/spr0878/224061161235,가산동 백반집 양가네 찌개마을 다녀왔어요 사장님과 함께 야구보는 재미도 느낄 수 있던 찐 동네맛집이었는데요 너무 친절하시고 정겨운 느낌이었어요 제육도 부드럽고 촉촉 그 자체!! <b>가산동 맛집</b>으로... ,그로잉패런트,blog.naver.com/spr0878,20251101
<b>가산동 맛집</b> 가산물갈비&amp;수원왕갈비 매운맛 후기,https://blog.naver.com/budahae/224078037442,오늘의 리뷰 식당은 가산물갈비&amp;수원왕갈비 #가산디지털단지 맛집 #가산디지털역 맛집 #<b>가산동 맛집</b> 장소 &amp; ⏰ 영업시간  전화번호 0507-1446-5081  위치 서울 금천구 가산디지털1로 128 1층 111호 주차 공간 주차 가능... ,부다해의 이모저모,blog.naver.com/budahae,20251116
라복궁 - 가산디지털단지 양갈비 중식요리 <b>가산동맛집</b>,https://blog.naver.com/b_runch/224080795160,"맛있는 식사 금천구 가산동 라복궁, 맛있게 잘 먹었습니다! 주소: 서울 금천구 가산동 143-6 전화번호: 0507-1458-8300 영업시간: 15:00-01:30 #<b>가산동맛집</b> #금천구마라탕 #서울양갈비맛집 #가산디지털단지맛집 #라복궁",Food Report,blog.naver.com/b_runch,20251120
[<b>가산동 맛집</b>] 잡내 없이 깔끔한 가산디지털단지 곱창! 모듬... ,https://blog.naver.com/hwang_duckchol/224086374061,#문정곱창가산본점 #<b>가산동맛집</b> #가산디지털단지곱창 #가산곱창 #가산맛집 #가산디지털단지역맛집 #가산회식 #가산동술집 #곱창맛집 #순곱창 #모듬곱창 #대창맛집 #막창맛집 #염통맛집 #서울곱창맛집 #직장인맛집... ,Kitchen!,blog.naver.com/hwang_duckchol,20251124
[금천구] <b>가산동 맛집</b> 멕시코 음식점 호세가,https://blog.naver.com/luv744/223401113571,재방문의사 100000% #<b>가산동맛집</b> #금천구맛집 #가산동멕시코음식 #가산동타코 #타코맛집 #멕시코요리 #호세가 이 글은 리뷰노트를 통하여 본 업체에서 제품 또는 서비스를 제공받아 작성된 글 입니다,S s u ♥,blog.naver.com/luv744,20240331
가산 양갈비 쿠모 <b>가산동 맛집</b>,https://blog.naver.com/jdr21035/223802336509,<b>가산동</b>에서 양갈비를 파는 곳들이 있는데 그중에서도 직접 구워주면서 퀄티티 좋은 고기를 유지하고 있는 가산 양갈비 <b>맛집</b> 쿠모에 방문해서 맛있는 저녁을 먹고 왔어요. 양고기집이지만 양꼬치전문점같은... ,노란자전거 세상,blog.naver.com/jdr21035,20250319
"[<b>가산동 맛집</b>] 콘타이 마리오아울렛점, 신메뉴 무카타 제대로... ",https://blog.naver.com/50ruby/224081646624,위치정보 콘타이 마리오아울렛점 주소:서울시 금천구 가산동 60-20 마리오아울렛 3관 13층 위치:가산디지털단지역 6번 출구 전화번호:02-2067-3845 예약:○ 주차:○ #마리오아울렛맛집 #<b>가산동맛집</b>... ,한끼하루,blog.naver.com/50ruby,20251119
[가산 만두전골 <b>맛집</b>-개성손만두]<b>가산동</b> 숨은 찐<b>맛집</b>... ,https://blog.naver.com/jj160329/224082814765,가산동 골목길을 걷다가 문득 따끈한 만두 향기가 끌려 들어간 ‘개성손만두’. 1층에 자리한 작은 동네... 동네맛집추천 #숨은맛집 #<b>가산동맛집</b> #가산디지털단지역 #내돈내산 #만두 #전골맛집 #만두전골 #만두맛집,밥친구( *´ސު｀*),blog.naver.com/jj160329,20251121
[서울/가산동] <b>가산동 맛집</b>|양갈비|쿠모,https://blog.naver.com/91427ib/223520775101,분위기부터 고기까지 남친마저 여긴 또 오고 싶네 할 정도로 만족 섬세한 부분도 좋았습니다! #<b>가산동맛집</b> #가산동데이트 #양갈비 #디지털오거리 #양고기 #북해도식 #징기스칸,햅삐라잇,blog.naver.com/91427ib,20240721
<b>가산동 맛집</b> 김명태 매운 갈비찜 이렇게 부드러운... ,https://blog.naver.com/purereung/223681034113,#<b>가산동맛집</b> #독산동맛집 #가산디지털단지맛집 #김명태매운갈비찜 <b>가산동 맛집</b> 김명태 매운갈비찜 이때까지 먹어본 갈비찜 중 가장 야들야들하고 부드러웠던 매운갈비찜 갈비찜이 매콤달콤하고 고기가 엄청... ,푸르릉데이,blog.naver.com/purereung,20241203
<b>가산동 맛집</b> 분위기 좋은 레스토랑 롱블랙스푼,https://blog.naver.com/skqleofud/223998935132,"서울 <b>가산동 맛집</b> 롱블랙스푼 안녕하세요. 토마스와이프예요  오늘은 가산동에 있는 롱블랙스푼에... 가산맛집 , 가산동 파스타 맛집 , 가산동 스테이크 를 찾는다면 롱블랙스푼을 추천해요! 분위기도 좋고... ",토마스부부,blog.naver.com/skqleofud,20250908
[가산/<b>맛집</b>]<b>가산동</b> 수제버거 <b>맛집</b> 언타이틀 버거(본점) 내 돈... ,https://blog.naver.com/muesdreken/224011458949,#언타이틀버거 #언타이틀버거 가산디지털단지 본점 #언타이틀버거본점 #<b>가산동</b>수제버거 #올데이버거 #수제버거 #<b>가산동</b>햄버거<b>맛집</b> #내돈내산 #수제버거추천,02)807-2326 아파트형공장 전문공인중개사 이재성,blog.naver.com/muesdreken,20250917
[<b>가산동맛집</b>] 가산동닭한마리 진한육수와 매콤한 소스의 조화,https://blog.naver.com/ayddl22/223458775421,아빠용으로 다대기 조금 풀어서 먹으니 얼큰한 칼국수로 변신 ㅋㅋㅋ 취향따라 먹을 수 있어 더 좋은 <b>가산동맛집</b> &lt;가산동닭칼국수&gt; 였습니다~ 가산동에서 맛집 찾고계시다면 &lt;가산동닭칼국수&gt; 꼭 한번 들러보세용!,MY:D,blog.naver.com/ayddl22,20240526
금천구 고기집 <b>가산동</b>디지털단지역 돼지고기 <b>맛집</b>  로,https://blog.naver.com/mamybebe/223536395853,듬뿍 올려서 육즙 팡팡 터지는 고기 맛있게 먹고 온 가산디지털단지역 맛집에서 한 주의 스트레스를 말끔히 날려버리고 왔어요. #가산디지털단지역맛집 #금천구고기집 #가산동고기집 #<b>가산동맛집</b> #가산동삼겹살,돌아다니고 끄적거리는 리뷰몽땅,blog.naver.com/mamybebe,20240804
가산디지털단지역 <b>가산동 맛집</b> 슬로가든 까몬 삼겹살 육회,https://blog.naver.com/jdr21035/224069107969,"실속 <b>맛집</b> 오늘은 가산디지털단지역 근처에서 발견한 고기집을 소개해드리려고 해요. 요즘 물가가 많이... 가산디지털단지역에서 고기 <b>맛집</b>을 찾고 계신 분들, 특히 가성비 좋은 숙성육을 드시고 싶은 분들께... ",노란자전거 세상,blog.naver.com/jdr21035,20251108
매운맛이 땡긴다면 <b>가산동맛집</b> 김명태 매운갈비찜 가산점,https://blog.naver.com/jcook2400kr/224057971963,매운맛이 땡긴다면 <b>가산동맛집</b> 김명태 매운갈비찜 가산점은 어떠신가요? 오늘은 예쁜 동생들을... 이렇게 맛집투어라도 다니세요 가산맛집 가산매운갈비찜 찾으시면 김명태 매운갈비찜 가보세요 저는 대만족!,한국과일본 이야기,blog.naver.com/jcook2400kr,20251029
<b>가산동맛집</b> : 동대문 털보네 회식하기 좋은 고기집,https://blog.naver.com/22ifeel/224011171421,"육회와 된장라면, 소세지와 껍데기, 버섯까지 이 모든 것이 서비스인 <b>가산동맛집</b>이 있다? 가산동회식하기 좋은 이 곳! 인기가 많아, 미리 예약을 하고 방문했다. 가디역 5번 출구와 가까운 <b>가산동맛집</b> 동대문... ",예비맘의 알찬 육아 준비 !,blog.naver.com/22ifeel,20250917
<b>가산동 맛집</b> - 풍년갈비,https://blog.naver.com/herohwangsae/223452075835,<b>가산동</b> 현대아울렛 뒷쪽 골목. 오래전부터 가보고 싶었던 풍년갈비. 딱봐도 그냥 <b>맛집</b>이라 생각했다. 들어갈땐 날이 밝았는데 나올때는 어두워졌다. 안쪽에도 자리가 있는것 같았는데 입구 바로 앞쪽으로... ,무적황새의 세계여행기록&맛집투어,blog.naver.com/herohwangsae,20240520
<b>가산동 맛집</b> 김명태 가산점 시래기명태조림과 솥밥까지 직장인... ,https://blog.naver.com/catallena0/224012870560,"금천구, 가산동, 독산동, 가리봉동, 심지어 광명 철산동이나 구로3동에서도 차로 10분이면 올 수 있으니 근처 계신 분들은 꼭 들러보시면 좋겠습니다  #<b>가산동맛집</b> #독산동맛집 #가산디지털단지맛집... ",까탈레나의 솔직일상리뷰~.~,blog.naver.com/catallena0,20250918
가산동 떡볶이 / <b>가산동 맛집</b> : 떡밀밀 가산한화점,https://blog.naver.com/pma4958/224049172646,가산동 떡볶이 / <b>가산동 맛집</b> : 떡밀밀 가산한화점 안녕하세요! 블로거 미나입니다 이번 포스팅은 떡밀밀 가산한화점입니다! 오랜만에 떡볶이쓰가 땡기더라고요 ㅎㅎ 동네 가산동에 떡밀밀이라는 집이... ,Bajo el cielo,blog.naver.com/pma4958,20251021
[<b>가산동맛집</b>]한옥집 숯불갈비 가성비가 철철내리는,https://blog.naver.com/2tmdwo/223446092844,협찬임에도 불구하고 나를 만족시키고 승재로드에 등극할만하며 <b>가산동맛집</b>으로 올릴만한 곳이다 정말루 내가 보증 #승재로드 #가산디지털단지맛집 #가산디지털맛집 #<b>가산동맛집</b> #독산동맛집 #구디역맛집... ,꾸익꾸익 이거슨 돼지가 우는 소리,blog.naver.com/2tmdwo,20240514
<b>가산동</b> 밥집 카츠올로지 (KATSU OLOGY),https://blog.naver.com/jiaejoy/224082225436,한결 부드러웠던 안심카츠의 식감을 다시금 느껴보며 오늘 포스팅은 요기까지!! #<b>가산동</b>밥집카츠올로지 #KATSU-OLOGY #<b>가산동</b>밥집 #카츠올로지가산본점 #카츠올로지가산점 #<b>가산동</b>카츠올로지 #<b>가산동</b>카츠<b>맛집</b>,홍대언냐네,blog.naver.com/jiaejoy,20251120
북촌삼대갈비에서 회식했다 ㄹㅇ추천하는 <b>가산동맛집</b> 후기,https://blog.naver.com/qorhvk323/224020005963,그와중에 사진 열심히 찍은 내가 대단하다고 생각해 <b>가산동 맛집</b> 북촌삼대갈비 추천요ㅠ #가산고기집 #<b>가산동맛집</b> #가산디지털단지역맛집 #가디역맛집 #가산현대아울렛맛집 #가산직장인점심 #가산저녁회식... ,미농은 나야 둘이 될 수 없어,blog.naver.com/qorhvk323,20250924
가산디지털단지 맛집 <b>가산동 맛집</b> 가산물갈비 후기,https://blog.naver.com/austkdvk/224069455302,#가산디지털단지 맛집 #가산디지털역 맛집 #<b>가산동 맛집</b> #가산물갈비&amp;즉석소불고기 #가산디지털단지역맛집 #가산디지털역맛집 #가산동물갈비 #가디역물갈비 #가산디지털단지물갈비 #가산디지털역맛집,김케이와쌍둥이딸들의일상~♡,blog.naver.com/austkdvk,20251109
<b>가산동 맛집</b> 서울양갈비 맛집 모듬한판 추천 라복궁 가산본점,https://blog.naver.com/sun1691-/224004047324,뻔한 삼겹살 치킨집 소고기 구이등 말고 안먹어본 특이한 메뉴는 없을까 고민하다가 마라탕&amp;양갈비를 동시에 먹을 수 있는 맛집 오늘은 가산동에 위치한 <b>가산동맛집</b> 금천구마라탕 서울양갈비맛집... ,복부인짱의 부동산 임장스터디,blog.naver.com/sun1691-,20250912
<b>가산동</b> 독산동 <b>맛집</b> - 독산동 고기집 야끼니꾸 호챈,https://blog.naver.com/herohwangsae/223982283998,<b>가산동</b> 독산동 고기집 <b>맛집</b>을 검색해서 빠르게 식사를 하러 갔다. 2. <b>가산동</b>/독산동 고기집 호챈 <b>가산동</b> 독산동 고기집 호챈. 마치 일본여행가서 대도시 쇼핑 후 숙소 근처 뒷골목에 있는것 같은 분위기 좋은... ,무적황새의 세계여행기록&맛집투어,blog.naver.com/herohwangsae,20250825
"금천구이자카야 진케이, 숙성회가 맛있는 <b>가산동맛집</b> 추천",https://blog.naver.com/jjje_a/224022297515,리뷰 :) #금천구이자카야 #가산동이자카야 #금천구술집 #금천구맛집 #가산동술집 #<b>가산동맛집</b> 가게주소 : 서울특별시 금천구 디지털로10길 69. 1동 112호 영업시간 : 매일 오후 5시부터 새벽 1시까지 (일요일은... ,또링로그,blog.naver.com/jjje_a,20250926
[<b>가산동맛집</b>]박가부대찌개,https://blog.naver.com/andrew_easternshine/223977155228,전투적으로 먹음 아주 만족스러운 식사바리였음 직원분들도 친절하고 자주 방문할 것 같음 그럼 리뷰 끝! 아 뀨~?! #박가부대찌개 #박가부대가산대륭6차점 #부대찌개맛집 #<b>가산동맛집</b> #가산동점심 #가산직장인점심,맛집/일상/추억,blog.naver.com/andrew_easternshine,20250820
"[서울시 금천구 <b>가산동</b>] 가디역 고기집, 삼겹살 <b>맛집</b>... ",https://blog.naver.com/yygraphikos/224062970882,#내돈내산 #미트앤쓰리가산디지털단지점 #미트앤쓰리 #가디역맛집 #가디역고기집 #가디역삼겹살 #<b>가산동맛집</b> #가산동고기집 #가산동삼겹살 #가산디지털단지맛집 #가산디지털단지고기집... ,맛있는 음식과 술이 있는 여행,blog.naver.com/yygraphikos,20251103
<b>가산동 맛집</b> 김명태 매운갈비찜 스트레스 풀리는 매콤함,https://blog.naver.com/mbh0820/224034074397,특히 부모님께서 생선 요리를 좋아하셔서 이번엔 <b>가산동 맛집</b>으로 소문난 김명태 매운갈비찜을... 직장인들이 점심으로 많이 찾는 <b>가산동 맛집</b>답게 기본 반찬 구성도 괜찮은 편이었어요. 제가 좋아하는... ,달서방TV,blog.naver.com/mbh0820,20251007
<b>가산동맛집</b> 가산퍼블릭점 정백어가 생선구이 정식 깔끔그자체,https://blog.naver.com/ghfjvb465/223915354585,<b>가산동맛집</b> 정백어가 가산퍼블릭점 생선구이 정식이 너무 깔끔 안녕하세요 신지테입니다. 제가... 정백어가 가산동 밥집 맛집은 김치찌개가 걸쭉하면서 맛이 진하게 우려난게 김치찌개 맛집이더라고요 ㅋㅋ... ,노마드신지테의 경제적자유얻기 챌린지,blog.naver.com/ghfjvb465,20250629
금천구 <b>가산동 맛집</b> | 기영상회,https://blog.naver.com/heejin5371/223557770050,"제가 저번에 다녀왔던 시흥사거리 <b>맛집</b> 푸름상회의 두번째 매장을 다녀왔어요~! 저번에 너무 맛있게... 금천구 <b>가산동</b>, 가산더블레스 오피스텔 1층에 위치하고 있어요 문성초등학교 정류장에서 내려서도 금방... ",히무니의 먹방log,blog.naver.com/heejin5371,20240823
<b>가산동 맛집</b> 김명태가산점 매운갈비찜과 명태조림이 맛있어요 :9,https://blog.naver.com/sizzka/223574243699,좋았던 맛집랭킹에 들어있던 <b>가산동 맛집</b>입니다❤️ 포장 주문시에는 명태 한마리가 추가된다니 다음에는 포장도 추천드립니다  주차는 매장 옆 공간이 있어서 주차가 가능한데 주차를 정말 잘하시는... ,너구리랑 해피라이프♥,blog.naver.com/sizzka,20240906
<b>가산동 맛집</b> 가산디지털단지역 점심 혼밥 추천 의령메밀집,https://blog.naver.com/rice_cap/223982343895,의령메밀집 가산 <b>가산동 맛집</b> 점심 혼밥 추천 주소 서울 금천구 벚꽃로 244 106호 영업시간 월~토 11:00~20... 가산마리오아울렛근처맛집 #가디역한식 #가산동메밀요리전문 #의령소바 #가산가성비한식,daily920 log,blog.naver.com/rice_cap,20250825
가산닭도리탕 <b>맛집</b> <b>가산동</b>닭한마리 후기,https://blog.naver.com/eeeean15/224076665332,진짜 이 육수에 사리를 추가못한게 너무너무 아쉽네요 #가산닭도리탕 #가산디지털단지닭한마리 #가디닭한마리 #가산백숙 #가산디지털단지닭도리탕 #가산동닭한마리 #닭한마리맛집 #<b>가산동맛집</b>... ,우당탕탕 일상기록,blog.naver.com/eeeean15,20251115
[<b>가산동맛집</b>]규씨뭉티기,https://blog.naver.com/andrew_easternshine/223977227191,개존맛임다 너무나도 만족스러운 식당이었구연~ 다음에 또 갈거에유~ #뭉티기<b>맛집</b> #서울뭉티기<b>맛집</b> #<b>가산동</b>뭉티기 #<b>가산동</b>술집 #<b>가산동</b>회식 #규씨뭉티가가격 #규씨뭉티기 #서울에있는뭉티기<b>맛집</b> #뭉티기존나<b>맛집</b>,맛집/일상/추억,blog.naver.com/andrew_easternshine,20250821
"<b>가산동</b> 가산디지털단지 <b>맛집</b> 명태조림 <b>맛집</b>, 김명태... ",https://blog.naver.com/rinah0726/224055745204,"가산동 가시면 꼭 한번 이 맛있는 명태조림 드셔보셨음 좋겠어요! 김명태매운갈비찜 가산점 총평 명태조림이 맛있는 가산디지털단지 맛집, <b>가산동 맛집</b> 찾으신다면 기명태 매운갈비찜 가산점 추천!❤ 가족... ",❀ 잼있는 노잼인생 ❀,blog.naver.com/rinah0726,20251029
<b>가산동 맛집</b> 재료와 맛이 훌륭한 고기집 깔끔해요!,https://blog.naver.com/dayoff_91/221186792124,돼지고기에서 이렇게 풍부한 육즙이 나오나?라고 생각이 날 정도의 1등급 돼지고기라 남달랐던 <b>가산동 맛집</b>이라는! 쌈에 싸서 한 입에~ 역시 삼겹살은 쌈에 싸먹는 맛집이죠! 마무리로 사이드 메뉴인... ,Day Off,blog.naver.com/dayoff_91,20180117
[가산] 미나리 듬뿍 감자탕 <b>가산동맛집</b> &quot;미나리산장 가산점&quot;,https://blog.naver.com/mui_choi/223489547675,미나리 듬뿍 감자탕 <b>가산동맛집</b> &quot;미나리산장 가산점&quot; 엄마랑 볼일이 있어서 가산에 갔다가 <b>가산동맛집</b> 미나리산장 가산점에 방문했다. 감자탕에 미나리가 듬뿍! 미나리 무한리필이 가능한 곳! 외관... ,먹는게 메리트。,blog.naver.com/mui_choi,20240624
<b>가산동 맛집</b> 점심 슬로가든&amp; 까몬 오픈 이벤트 방문 후기,https://blog.naver.com/eajoeh/224012013851,"이렇게 다 해서 배터지게 먹었는데도 가격도 60,000원밖에 안 나온 가산디지털단지역 맛집 <b>가산동 맛집</b> 슬로가든&amp;까몬 가산디지털단지역점! <b>가산동 맛집</b> 점심 맛집 찾는 분들 여기 바로 방문하세요 &amp; 퍼블릭가산... ",아무말대잔치,blog.naver.com/eajoeh,20250917
<b>가산동 맛집</b> 가산 물갈비&amp;백년불고기,https://blog.naver.com/jieun4243/223170063435,<b>가산동 맛집</b> 가산 물갈비&amp;백년불고기에 왔어요 요새 너무덥고 지쳐서 입맛이 없어야 하는데 이상하게도 입맛이 더 돋는건 저뿐일걸까요 그래서 맛있는거 먹으러 왔어요 <b>가산동 맛집</b> 가산물갈비&amp;백년불고기는... ,YUN SANG CHU,blog.naver.com/jieun4243,20230730
<b>가산동 맛집</b> 내돈내산 슬로가든&amp;까몬 ft.삼겹살에 해산물... ,https://blog.naver.com/hyeonji-yumyumlog/224026015992,정말 계획없이 갑작스럽게 방문했는데 첫방문만큼 만족스러웠던 <b>가산동 맛집</b>✨ &amp; 베트남 쌀국수 볶음밥 삼겹살 소고기(는 안 먹어봤지만 분명 맛있겠죠 뭐 ㅎㅎ) 맛집 '슬로가든&amp;까몬' 가디점 추천드리면서... ,넌 먹을 때가 제일 예뻐,blog.naver.com/hyeonji-yumyumlog,20250929
금천 <b>맛집</b> <b>가산동</b> 회식장소로 딱! 양고기 좋못사 라복궁 가산본점,https://blog.naver.com/qsz4532/224042030391,캣찹의 솔직화끈 리뷰 끝~ #가산맛집 #금천맛집 #금천구맛집 #<b>가산동맛집</b> #가디맛집 #가산양고기 #금천양고기 #금천구양고기 #가산동양고기 #가디양고기 #가산양갈비 #금천양갈비 #금천구양갈비 #가산동양갈비... ,캣찹의 요모조모 일상,blog.naver.com/qsz4532,20251015
[서울/가산] 문정곱창 :: 가디회식장소 추천 <b>가산동</b> 곱창 <b>맛집</b>... ,https://blog.naver.com/luuuuuucy/223543568819,가산동 곱창 맛집으로 이미 유명한 문정곱창  예약 방법 0507-1391-7291  위치 서울 금천구 디지털로12길 37... ❤️ 느끼한 맛 하나도 없다면 거짓말이지만 진짜 식감 미쳤고 왜 <b>가산동 맛집</b>인지 알겠더라고요. 또... ,Lucete✨,blog.naver.com/luuuuuucy,20240810
<b>가산동 맛집</b> - 마라홀릭 마라탕,https://blog.naver.com/herohwangsae/223398964924,"오늘은 <b>가산동</b> 마라탕 <b>맛집</b> 마라홀릭. 가끔 술안주로 마라샹궈를 선택하곤 하는데 그때마다 원픽인 가게이다. 가산푸르지오시티 상가에 위치해 있다. 내부는 굉장히 깔끔하다. 마라탕, 마라샹궈외에도... ",무적황새의 세계여행기록&맛집투어,blog.naver.com/herohwangsae,20240329
"<b>가산동</b> 보쌈 <b>맛집</b>, 존재감이 확실했던 박만배아리랑보쌈",https://blog.naver.com/gksqhrwk1950/224072666711,위치 : 경기 광명시 오리로 1005 1층 시간 : 11:00 - 22:00 라스트오더 21:00 번호 : 0507-1460-9315 #가산동보쌈맛집 #<b>가산동맛집</b> #광명사거리역보쌈맛집 #광명사거리맛집 #철산동보쌈맛집 #철산동맛집 #일직동보쌈맛집... ,감사의 기적,blog.naver.com/gksqhrwk1950,20251111
[<b>가산동맛집</b>] 미나리산장 미나리 무한리필 감자탕맛집,https://blog.naver.com/ayddl22/223481401556,"신상 맛집이에요. 평범한 감자탕집이 아닌 미나리감자탕과 뼈도리탕, 뼈한방백숙으로 서울뼈찜을 전문하는 집이랍니다 ㅎㅎ <b>가산동맛집</b> &lt;미나리산장&gt; 영업시간은 매일 오전 11시부터 저녁 11시까지이고... ",MY:D,blog.naver.com/ayddl22,20240616
<b>가산동 맛집</b> 김명태 매운갈비찜 든든하지만 가성비 넘치는 혼밥,https://blog.naver.com/chun_3_2/224066379122,안녕 나는 칼칼한 한식에 진심인 춘삼이 든든하지만 가성비 넘치는 <b>가산동 맛집</b> 김명태 매운갈비찜에서... 가산 맛집 김명태의 내부는 굉장히 넓으면서 좌석도 많았다. 점심시간 인근 주민분들과 직장인분들이... ,B급감성 춘삼이,blog.naver.com/chun_3_2,20251106
<b>가산동</b> 생선구이 <b>맛집</b> 정백어가,https://blog.naver.com/gmlstkfkd1/223919711909,"제육보다는 생선이 더더더 맛있네요 가산동 생선구이집 정백어가 화덕생선구이를 드시고 싶다면 정백어가 방문해보세요 위치  #가산디지털단지역맛집, #<b>가산동맛집</b>, #가산디지털단지밥집, #가산동밥집... ",일상 생활의 변화 블로그,blog.naver.com/gmlstkfkd1,20250702
<b>가산동맛집</b> 가산동술집 녹번꼼장어 직접 구워주는 꼼장어구이... ,https://blog.naver.com/mushroom928/224010232822,직접 구워주는 녹번꼼장어 <b>가산동맛집</b> 가산동술집 추천 녹번꼼장어 매장정보 매장위치 금천구 가산로 147-18 영업시간 매일 17:00 - 02:00 L.O 01:00 매장번호 0507-1445-8346 무료주차 불가 * 가산동주민센터 옆... ,죤’s 욜로라이프,blog.naver.com/mushroom928,20250916
가산 닭갈비 제대로 즐기기! <b>가산동 맛집</b> 오스타 후기,https://blog.naver.com/gguay/223988812520,가디역 맛집이에요. 가산동 메인 거리 바로 앞에 있어 길치라도 쉽게 찾을 수 있어요. 운영시간은 오전... <b>가산동 맛집</b> 오스타 닭갈비 찾아가는 길과 내부 분위기 이곳의 매력 중 하나는 정말 뛰어난... ,소소하지만 확실한 일상기록 :),blog.naver.com/gguay,20250830
[가산] 페이자이 @ 중식러버가 추천하는 찐 <b>가산동맛집</b>,https://blog.naver.com/wshwhite01/223453080218,"넘 좋은 <b>가산동맛집</b>✨ 가디역맛집 찾으시는 분들, 중식이 먹고 싶은데 더 맛있고 특별한 중식 드시고 싶으신 분들께 <b>가산동맛집</b> 페이차이 추천합니다 ㅎㅎ 맛있는 식사와 함께 가산에서 중국을 느껴보시길",수컁 블로그,blog.naver.com/wshwhite01,20240521
<b>가산동맛집</b> 회식하기 좋은 육뜸,https://blog.naver.com/nothinkercrazyflower/224023942490,위치 및 영업시간 <b>가산동맛집</b> 위치 : 서울 금천구 벚꽃로40길 8 2층 영업시간:16:00 - 22:00 라스트오더 : 21... 진짜 친구들이 서울맛집 알려달라~ 맛집추천 해달라고 하면 저는 바로 여기! 서울핫플 비싼땅에 이런... ,포도포도포도,blog.naver.com/nothinkercrazyflower,20250927
<b>가산동</b> 중식 <b>맛집</b> | 월래순교자관 최자로드 나온 찐 중국 음식점,https://blog.naver.com/sksgp/224066110819,"월래순교자관 최자로드에도 나왔던 만두가 맛있는 <b>가산동</b> 중식 <b>맛집</b> 영업시간 | 11:00 ~ 21:40 예약방법 | O (전화예약 가능) 주차유무 | O (매장 앞 주차공간 5개) 매장꿀팁 | 룸 1개 있음, 포장 가능 최자로드에... ",일상쓰는 어른이,blog.naver.com/sksgp,20251105
"<b>가산동 맛집</b> 신선한 양갈비와 푸짐한 마라탕, 모임 하기 좋은 곳... ",https://blog.naver.com/nowlora_/224031669607,"직장인이 아니더라도 양갈비 초심자나, 양갈비 평소에 비싸서 잘 못 먹었던 분들 서울양갈비 맛집 라복궁 강추 드립니다 ♀️ #<b>가산동맛집</b> #금천구마라탕 #서울양갈비맛집 #가산디지털단지맛집 #가산양갈비... ",리뷰하는 로라,blog.naver.com/nowlora_,20251004
<b>가산동</b> 숨은 <b>맛집</b>! 국내산 생삼겹살과 차돌박이를 동시에 즐길... ,https://blog.naver.com/foundersmi/223556210891,"가능 가산동 숨은 맛집 추천! 국내산 생삼겹살과 차돌박이를 동시에 즐길 수 있는 고기집  안녕하세요, 훈코동이입니다!  오늘은 가산디지털단지 인근에서 찾은 <b>가산동 맛집</b> 기영상회를 소개해드릴게요. 이곳은... ",Founder's meals and information,blog.naver.com/foundersmi,20240822
"[금천 <b>맛집</b>] 가산현대아울렛<b>맛집</b> <b>가산동</b>닭한마리, 여름철... ",https://blog.naver.com/2junsik/223492527221,그럼 끝까지 함께 해주세요 가산의 숨은 맛집 가산동닭한마리 입니다. <b>가산동맛집</b> 가산동닭한마리 위치 가산현대아울렛맛집 가산동닭한마리 영업시간 및 전화번호 월요일 정기휴무 화~금 11:00 ~ 24:00... ,준식쓰 인생살이,blog.naver.com/2junsik,20240626
"<b>가산동</b> 샤브샤브 무한리필 샤브샤브<b>맛집</b>, 샤브쌈주머니 가산점",https://blog.naver.com/misan4719/223544283711,수 있어 가까운 시일 내에 방문하면 더 좋을 듯하다. #샤브쌈주머니 #샤브샤브 #샤브샤브맛집 #소고기샤브샤브 #가산동샤브샤브 #가산동무한리필 #<b>가산동맛집</b> #가산디지털단지역맛집 #가산점심 #가산점심맛집,오브에,blog.naver.com/misan4719,20240811
<b>가산동 맛집</b> :: 여의도 불맛 쭈꾸미 (가산동 직장인 점심 특선... ,https://blog.naver.com/iamdooboo2/223981942375,"<b>가산동 맛집</b> 찾으신다면, 점심 메뉴 고민 중이시라면, 꼭 가보세요. 매운맛 좋아하시는 분, 주꾸미 맛집 찾으시는 분, 저녁 회식 자리 찾는 분들 모두 좋아하실 것 같아요. 다음엔 쭈삼세트나 치즈 쭈꾸미도... ",2두부네 블로그,blog.naver.com/iamdooboo2,20250824
"[서울/가산] <b>가산동 맛집</b>, 맛있고 가성비 좋아서 회식 추천... ",https://blog.naver.com/capella83/223586043108,계란과 파밖에 없는데 넘 맛있네 오늘도 배 터지는 줄 ㅋㅋ 이 집은 오면 무조건 과식하게 됨 ㅋㅋ 그래도 역시 오길 잘했다 ㅎ #라복궁 #<b>가산동맛집</b> #가산동양갈비 #금천구마라탕 #서울양갈비맛집... ,나에게 질문하면서 깨어 살자,blog.naver.com/capella83,20240916
가성비 <b>가산동 맛집</b> 점심 저녁 추천 슬로가든&amp;까몬 가디점,https://blog.naver.com/rkgml506/223999416562,<b>가산동 맛집</b> 매장 외부 현대아울렛 근처 가산 점심 저녁 맛집 슬로가든&amp;까몬 가산디지털단지역점은 퍼블릭 가산 상가 건물 1층에 위치하고 있어요. 건물 주차장 2시간 무료 주차를 지원하기 때문에 차량으로... ,드림터치의 LIFE 기록장,blog.naver.com/rkgml506,20250908
<b>가산동</b> 보쌈 <b>맛집</b> 박만배아리랑보쌈 블루리본 서울3대 보쌈집,https://blog.naver.com/yooye012/224071351802,주소 : 경기 광명시 오리로 1005 1층 영업시간 : 11:00 - 22:00 라스트오더 21:00 전화번호 : 0507-1460-9315 #광명사거리역보쌈맛집 #광명사거리맛집 #가산동보쌈맛집 #<b>가산동맛집</b> #철산동보쌈맛집 #철산동맛집... ,DEEP :-),blog.naver.com/yooye012,20251110
"<b>가산동</b>샤브샤브 무한리필 월남쌈, 샤브샤브<b>맛집</b> 샤브쌈주머니... ",https://blog.naver.com/angela881112/223546419775,#가산동가성비맛집 #가산동샤브샤브 #가산동무한리필 #샤브샤브맛집 #소고기샤브샤브 #샤브쌈주머니가산 #샤브쌈주머니 #<b>가산동맛집</b> #가산디지털단지역맛집 오늘 제가 방문할 곳은 가산동의 샤브쌈주머니... ,쑥덕숙덕 레시피,blog.naver.com/angela881112,20240813
서울 <b>가산동맛집</b> 가성비 최고인 '여의도불맛쭈꾸미' 점심,https://blog.naver.com/cnerisn/224051546250,<b>가산동맛집</b> 찾는 분들이라면 웨이팅 생기기 전에 꼭 방문해보세요. #가산동쭈꾸미맛집 #여의도불맛쭈꾸미 #가산현대아울렛맛집 #가산동점심특선 #가산동점심메뉴 #가산동점심추천,맛집에만 반응하는 사람,blog.naver.com/cnerisn,20251024
<b>가산동 맛집</b> 점심 먹기 좋은 슬로가든 까몬 가산디지털단지역점,https://blog.naver.com/anita_kim/224000502476,가산디지털단지역 근처에 있는 쇼핑하기 좋고 맛집이 많은 가산 퍼블릭을 자주 가는 보미 누나입니다.... 오늘도 총총총 &amp; <b>가산동 맛집</b> 점심 잘하는 집을 오픈런 고 했습니다. 안 그러면 매장이 넓고 좌석이... ,보미누나 블로그,blog.naver.com/anita_kim,20250911
"<b>가산동맛집</b>, 문정곱창 가산본점",https://blog.naver.com/eomazingyen/224063412795,"곱창 좋아한다면, 문정곱창 가산본점은 무조건 한 번은 가볼 만한 곳이에요 #<b>가산동맛집</b> #곱창가산맛집 #문정곱창가산본점 #가산회식 #가산디지털단지맛집 #곱창맛집 #문정곱창",⠀,blog.naver.com/eomazingyen,20251103
<b>가산동 맛집</b> 35년 전통 오스타 닭갈비 가산 본점,https://blog.naver.com/anita_kim/223955793410,가산디지털단지역 앞에 위치한 곳이라서 약속 장소로 잡기 가장 좋은 <b>가산동 맛집</b>입니다. 다양한... 뭔가 퇴근하고 만나는 정말 맛있는 <b>가산동 맛집</b>에서 대표 메뉴를 주문해서 그런지 행복쿠 하는 거 같다는... ,보미누나 블로그,blog.naver.com/anita_kim,20250806
<b>가산동 맛집</b>방문 황제짬뽕양꼬치 그리고 유키온나,https://blog.naver.com/jiaejoy/223191834002,자리 비웠던 친구 앞접시에도 미리 덜어두어서 맛보기 가능~ <b>가산동 맛집</b>방문 처음이었는데... 아주아주 마음에 흡족합니다. 친구가 그러더군요~ 가산동에서 맛집은 정말이라구요 ㅎㅎㅎㅎ 맛있는 곳들 너무... ,홍대언냐네,blog.naver.com/jiaejoy,20230824
<b>가산동 맛집</b> - 월래순교자관,https://blog.naver.com/herohwangsae/223242199664,"구로, 가디, <b>가산동 맛집</b>. 월래순 교자관. 주기적으로 가줘야 하는 맛집이다. 최자로드로 유명해진 맛집. 그래서 웨이팅이 일상이다. 오늘도 웨이팅. 메뉴를 기다리는 동안 양념장을 제조한다. 일단 군만두는... ",무적황새의 세계여행기록&맛집투어,blog.naver.com/herohwangsae,20231020
가산디지털단지 <b>맛집</b> 티비에 방영된 가산백숙 <b>가산동</b>닭한마리,https://blog.naver.com/eu_ni_log/223966055743,<b>가산동 맛집</b> 가산동 닭한마리 예전부터 익히 들어왔는데 생생정보에 방영된 가산디지털단지 맛집이라 해서 궁금했거든요. 드디어 가산동 닭한마리 집에 방문했어요 :) 닭육수 베이스를 워낙 좋아하는 저희라 이... ,으니로그_euni_log,blog.naver.com/eu_ni_log,20250811
[서울] 서울 독산역 분위기 좋은 밥집 <b>가산동</b> 한식 <b>맛집</b> 추천... ,https://blog.naver.com/kee_mg05/224066369326,이번에는 반주하러 왔었으니 다음번에는 점심에 식사하러 또 와야겠다 가산동 한식 오복식당진주향토음식점 가산직영점 강추⭐️⭐️⭐️⭐️⭐️ #가산맛집 #<b>가산동맛집</b> #가산역맛집 #가산회식,For kee_mae,blog.naver.com/kee_mg05,20251106
[<b>가산동 맛집</b>] 쿠모 - 고급스러운 신선한 양갈비 맛집_내돈내산... ,https://blog.naver.com/upncol/223688375756,안녕하세요 <b>맛집</b> 리뷰어 리트리쀼~~~~ 가족외식으로 무려 3번이나 다녀온 또간집 &lt;쿠모&gt;를 소개합니다 쿠모는 요즘 핫한 <b>가산동</b> 양갈비 <b>맛집</b>인데요 둘째 동생 친구가 먹어보고 추천해줘서 가족외식으로... ,우당탕탕 해피 웨딩&맛집투어,blog.naver.com/upncol,20241210
가산디지털단지역라멘 <b>맛집</b> <b>가산동</b>일식집 명서쿠,https://blog.naver.com/rjadmsvpfl1/224023540646,가산디지털단지역라멘 맛집 가산동일식집 명서쿠 가산디지털단지역라멘 <b>가산동맛집</b> 명서쿠 모든 메뉴가 다 빠짐없이 맛있었고 직원분들이 친절하셔서 기분좋게 식사하고 나왔습니다 평일에 가산동 가디역... ,루샤로그,blog.naver.com/rjadmsvpfl1,20250927
<b>가산동</b> 소곱창 <b>맛집</b> [문정곱창] 방문후기,https://blog.naver.com/kidddy-/224062098281,#가산디지털단지역 #<b>가산동맛집</b> #가산디지털단지곱창 #가산곱창 #가산맛집 #가산맛집 #가산동회식#소곱창 #천엽 #볶음밥 #청결 #맥주 #문정곱창리뷰 #가산동소곱창맛집 #문정곱창가격정보... ,kidddy-님의 블로그,blog.naver.com/kidddy-,20251102
<b>가산동</b> 이자카야 진케이 분위기와 맛 모두 완벽한 숙성회 <b>맛집</b>,https://blog.naver.com/luv744/223483239017,서울 금천구 디지털로10 69 1동 112호 월 - 화 17:00 ~ 01:00 일 17 :00 ~ 24:00 02-852-9892 진케이 정보 #금천구이자카야 #가산동이자카야 #금천구술집 #가산동술집 #<b>가산동맛집</b> #금천구맛집 #진케이 #이자카야 #이자카야술집... ,S s u ♥,blog.naver.com/luv744,20240619
<b>가산동 맛집</b> 이자카야 진케이 맛 좋은 모듬사시미,https://blog.naver.com/tnlyu/223269687773,#<b>가산동맛집</b> #가산동이자카야 진케이 금천구 이자카야 글.사진 ⓒ 애린 퉁이와 함께 산책하며 이곳저곳 돌아다니며 자주 봤었던 <b>가산동 맛집</b> '진케이' 모듬 사시미를 먹을 기회가 생겨 퉁이와 함께 오랜만에... ,애린이네,blog.naver.com/tnlyu,20231120
<b>가산동 맛집</b> 불고기천국153,https://blog.naver.com/dream35_489/224073762779,안녕하세요 <b>가산동</b>에 있는 <b>맛집</b>을 소개 합니다 불고기천국 153 은 독산역2번 출구로 나오셔서 2분만 걸어 가시면 바로 나옵니다 빌딩건물 이라 점심시간만 되면 직장인 분들로 가게가 꽉!! 차게 됩니다 이 집은... ,dream35_489님의 블로그,blog.naver.com/dream35_489,20251112
[<b>가산동맛집</b>] 비 오는 날 시원한 국물 맛집 가산동닭한마리,https://blog.naver.com/airumeraru/223224026182,닭고기는 퍽퍽한 한 덩어리 남기고 다 쓱싹 육수를 두 번이나 리필했다는 건 안 비밀 시원하고 깔끔한 국물 맛 좋아한다면 가산동닭한마리 강추!! #<b>가산동맛집</b> #가산현대아울렛맛집,Yum-yum Diary,blog.naver.com/airumeraru,20230928
[금천구/구로구]<b>가산동</b>/독산동 소고기 <b>맛집</b>/한옥집숯불갈비/주차,https://blog.naver.com/cjoin2010/223552900654,#금천구맛집 #구로구맛집 #독산동맛집 #<b>가산동맛집</b> #소고기맛집 한옥집숯불갈비 기본 정보 : 금천구맛집 / 독산동맛집 / <b>가산동맛집</b> / 골목숨은맛집 - 전화번호 : 02-867-8592 - 주소 : 서울 금천구 시흥대로141길 71... ,유용한정보가 한가득,blog.naver.com/cjoin2010,20240819
호텔식 샤브뷔페 샤브올데이 가산점 <b>가산동 맛집</b>으로 인정!!... ,https://blog.naver.com/angela881112/223715633778,"ㅋㅋㅋ #<b>가산동맛집</b> #가산동신상맛집 #가산디지털단지역맛집 #호텔식샤브뷔페 #김수현 #60여가지샐러드바 #프리미엄소고기 호텔식샤브뷔페 샤브올데이의 이용가격은 평일점심 23,900원 평일저녁 28,900원 주말... ",쑥덕숙덕 레시피,blog.naver.com/angela881112,20250105
<b>가산동</b> 타코 <b>맛집</b> 찾는다면 추천합니다! <b>가산동</b> 가로집... ,https://blog.naver.com/diddbsqls12/223996754566,청년 모임이나 소규모 회식에도 좋은 공간이 될 거예요. #<b>가산동맛집</b> #가산디지털단지맛집 #가산동타코맛집 #가로집 #금천구맛집 #포케맛집 #타코플래터 #가산동데이트코스 #가산동직장인맛집 #청년커뮤니티PRism,On:saye I 온사이 투어,blog.naver.com/diddbsqls12,20250905
<b>가산동맛집</b> 여의도불맛쭈꾸미 점심추천,https://blog.naver.com/goddong2_/224014046822,위치 서울 금천구 가산로 147 ⏰ 영업시간 일요일 정기휴무 월-토 11:30-01:00 ☎️ 문의 0507-1356-8877  네이버링크 여의도불맛쭈꾸미 가게내부 여의도맛집이 <b>가산동맛집</b>으로!!! 여의도불쭈꾸미 가산동에 새로... ,DDONGWORLD,blog.naver.com/goddong2_,20250919
<b>가산동맛집</b> 쉐프라이더,https://blog.naver.com/kuraki3/80193643686,"<b>가산동맛집</b>이나 각종 서울 방방곡곡 맛집 찾아 다닐때 항상 모델이 되어준 친구 입니다. 생긴건 더럽게 생겼어도, 마음만은 착한 그런친구죠~ 얼른 결혼을 해야 될텐데, 아참... 제코가 석자군요. 식당이 오픈형... ",오늘맛집,blog.naver.com/kuraki3,20130709
<b>가산동</b> 가산디지털단지 <b>맛집</b> 두툼한 돈까스 미락카츠,https://blog.naver.com/brentparker/223456529270,"나는 이 날 집에서 가까운 가산동으로 갔는데 가디맛집, 가산디지털단지 맛집으로 이미 알려진 곳인듯... <b>가산동맛집</b>, 가산디지털단지맛집인 미락카츠 아직 안 가 봤다면 한 번 가보길 추천한다! 잘... ",국제활동,blog.naver.com/brentparker,20240526
<b>가산동</b> 직장인 점심 <b>맛집</b> 유림회관(순대국밥 흡입!),https://blog.naver.com/ladyguard119/223549574737,가성비도 좋고 맛도 좋고 이모님들도 친절하시니 근처에서 일하시는 분들 한번 꼭 드셔보세요 :) #<b>가산동맛집</b> #벽산디지털밸리 #가성비맛집 #금천구직장인맛집 #가산동점심맛집 #내돈내먹 #구내식당,GKEEM,blog.naver.com/ladyguard119,20240819
가산디지털단지 <b>맛집</b> 탄탄면공방 <b>가산동</b> 라멘 혼밥<b>맛집</b>추천,https://blog.naver.com/uyn11/223969546165,"좋은 가산동혼밥 맛집 탄탄면공방 탄탄면공방 메뉴와 가격 탄탄면, 청양탄탄면, 사천탄탄면... 있는 <b>가산동맛집</b> 테이블마다 볶음김치, 단무지, 마늘소스가 비치되어 있어요 2인 탄탄세트 29,800원 탄탄면 2그릇... ",HANA LOG,blog.naver.com/uyn11,20250813
<b>가산동 맛집</b> | 건강한 메밀요리를 찾는다면 의령메밀집,https://blog.naver.com/jklee433/223986658356,"저희 가족은 건강식을 먹으러 <b>가산동 맛집</b> 의령메밀집에 다녀왔습니다. 의령메밀집은 경상남도... 전에 춘천에서 맛있는 들기름 소바를 먹은 적이 있어서 한때 서울, 경기도 주변의 들기름 소바 맛집을 찾아... ",연서네집♡,blog.naver.com/jklee433,20250828
가산디지털단지 <b>가산동 맛집</b> 점심 추천 슬로가든&amp;까몬 쌀국수... ,https://blog.naver.com/joy_writinglife/223997915501,맛집 슬로가든&amp;까몬에 방문해보길 추천 :) &amp; #가산디지털단지맛집 #<b>가산동맛집</b> #가산동쌀국수 #가산디지털단지역쌀국수 #슬로가든앤까몬 #가산퍼블릭점심추천 #가산퍼블릭맛집 #가산동쌀국수맛집 #슬로가든&amp;까몬,우리들의 블록스,blog.naver.com/joy_writinglife,20250906
<b>가산동 맛집</b> : 우거지해장국이 맛있는 삼복토종닭도리탕,https://blog.naver.com/arum7608/223341663968,오세요 #가산아침식당 #삼복토종닭도리탕 #우거지해장국맛집 #가산동아침오픈식당 #가산동우거지해장국맛집 #가산우거지해장국 #가산해장국맛집 #우거지해장국 #<b>가산동맛집</b> #가산현대아울렛맛집추천 #맛집... ,I'm겸,blog.naver.com/arum7608,20240204
<b>가산동 맛집</b> 대게요리전문점 아카미,https://blog.naver.com/smartdaily/150172103600,종류가 어떤 것이든 모두 맛있는 재료들이죠~ 그래서 비가 내리는 날이었지만 아카미로 향하는 발걸음이 즐거웠답니다.^^ <b>가산동 맛집</b> 대게요리전문점 아카미 서울시 금천구 가산동 146-84 TEL. 02-868-5171 룸을 갖춘... ,스마트한 일상,blog.naver.com/smartdaily,20130717
<b>가산동맛집</b> 스트레스 풀리는 매콤한 불맛 여의도불맛쭈꾸미,https://blog.naver.com/moonji418/223957372117,"ㅋㅋ 가산동점심추천 여의도불맛쭈꾸미 가산점 리뷰 끝!! #가산현대아울렛맛집, #가산동쭈꾸미맛집, #가산동점심특선, #가산동점심메뉴, #가산동점심추천, #여의도불맛쭈꾸미, #<b>가산동맛집</b>",고전의 서재,blog.naver.com/moonji418,20250803
서울 무한리필 맛집 <b>가산동 맛집</b>  무한구이,https://blog.naver.com/rnlghs2215/80180378319,<b>가산동 맛집</b> 무한구이 사실 무한리필 맛집이라고하면 뽕 뽑을 생각부터하는게 맞는 거 같다.. 괜히 그... 가산디지털단지가면 마리오 아울렛도 있고 그러던데 가산동에 간다면 가볼만한 맛집이다 ㅋ 문의 :: 02... ,팔라우로 여행을  떠나자,blog.naver.com/rnlghs2215,20130131
내돈내산 #금천구맛집#연말 모임추천#<b>가산동맛집</b> 포타제#가산동... ,https://blog.naver.com/sunsky0070/224087767536,"코스, 1일 1식만으로도 충만해지는 그런 시간이였습니다. 이제 달리러 가야겠네요^^;; #<b>가산동맛집</b>#가산동런치추천#수비드스테이크#가산동법률사무소추천#재산분할소송#이혼전문#소송전문#수평선법률사무소",김실장의 특급상가모음,blog.naver.com/sunsky0070,20251125
모르는 사람이 없는 <b>가산동 맛집</b> 가산물갈비 수원왕갈비,https://blog.naver.com/9130211/223990031720,모르는 사람이 없는 <b>가산동 맛집</b> 가산물갈비 수원왕갈비 주말에 가족들과 외출할 일이 있어 가산동으로 나가게 되어 가산물갈비에 방문했는데요 이쪽에서 직장 생활을 조금이라도 해본 적이 있다면 가산동... ,Reviewlog,blog.naver.com/9130211,20250903
가산동 떡볶이 &quot;떡밀밀 가산한화점&quot; <b>가산동 맛집</b>,https://blog.naver.com/rhdiddlwja/223947133693,요기요를 통한 포장 및 배달 가능하다고해요! 가산동 떡볶이 맛있어요! #가산동떡볶이 #가산떡볶이 #가디맛집 #가디떡볶이 #가디포장맛집 #<b>가산동맛집</b> #가디배달떡볶이 #가디분식 #가산동분식 #떡밀밀,민트민트한 하루,blog.naver.com/rhdiddlwja,20250725
가산디지털단지역 / <b>가산동</b>... <b>맛집</b> <b>가산동 맛집</b>... ,https://blog.naver.com/smg0315/224085954794,"가산디지털단지역 맛집 <b>가산동 맛집</b>, 가산동 한식, 가산동 생선구이, 가산동 혼밥, 가산동 점심, 가산동 저녁, 가산디지털단지역 맛집, 가산디지털단지역 한식, 가산디지털단지역 혼밥, 가산디지털단지역... ",️맛있는 하루️,blog.naver.com/smg0315,20251124
<b>가산동</b> 보쌈 <b>맛집</b> 박만배아리랑보쌈 히밥 추천 가브리살 보쌈... ,https://blog.naver.com/nanaye09/224071357141,21:00 전화번호 : 0507-1460-9315 #광명사거리역보쌈맛집 #광명사거리맛집 #가산동보쌈맛집 #<b>가산동맛집</b> #철산동보쌈맛집 #철산동맛집 #일직동보쌈맛집 #일직동맛집 #박만배아리랑보쌈광명사거리점 #박만배아리랑,nanaye09님의 블로그,blog.naver.com/nanaye09,20251110
[<b>가산동 맛집</b>] 프리미엄 한돈 숙성 고기 맛집 ‘육뜸’ 방문... ,https://blog.naver.com/wh597979/224072786127,금천구 가산동 (가산디지털단지역 인근) 영업시간: 매일 11:00 ~ 23:00 전화번호: 0507-1328-2663 주차: 매장 앞 주차 가능 / 인근 공영주차장 이용 가능 #<b>가산동맛집</b> #서울고기맛집 #서울맛집 #금천구맛집 #맛집추천... ,콩이네,blog.naver.com/wh597979,20251111
<b>가산동</b> 보쌈 <b>맛집</b> - 박만배아리랑보쌈 단체 모임 회식 가능한... ,https://blog.naver.com/nanayee08/224071360453,21:00 전화번호 : 0507-1460-9315 #광명사거리역보쌈맛집 #광명사거리맛집 #가산동보쌈맛집 #<b>가산동맛집</b> #철산동보쌈맛집 #철산동맛집 #일직동보쌈맛집 #일직동맛집 #박만배아리랑보쌈광명사거리점 #박만배아리랑,12345,blog.naver.com/nanayee08,20251110
"<b>가산동 맛집</b> ‘문정곱창 가산본점’ 모듬곱창, 볶음밥 후기",https://blog.naver.com/0_rae/224022854776,"오늘은 <b>가산동 맛집</b> 문정곱창에 방문했습니다 :) 문정곱창은 마리오아울렛, 현대아울렛과 가까이에... 드셔주세요~ 약간 눌러주시면 더 맛있는 거 아시죠 가산동 곱창 맛집 찾으시면 문정곱창 완전 추천드립니다!",:),blog.naver.com/0_rae,20250926
<b>가산동맛집</b> 여의도불맛쭈꾸미 가산점 후기,https://blog.naver.com/eajoeh/223939477517,가산동점심 맛집 <b>가산동맛집</b>인 여의도불맛쭈꾸미 후기 바로 가볼게요. 여의도불맛쭈꾸미는 가산현대아울렛에서 도보 2분 정도 거리에 위치해 있습니다. <b>가산동맛집</b> 여의도불맛쭈꾸미 가산점! <b>가산동맛집</b>... ,아무말대잔치,blog.naver.com/eajoeh,20250719
"<b>가산동맛집</b> 정백어가 가산퍼블릭점, 화덕 생선구이&amp;김치찌개!... ",https://blog.naver.com/dodo8250/224021977559,"퇴근 후 친구와 함께 찾은 <b>가산동맛집</b> 정백어가 가산퍼블릭점!! 사실 생선구이를 제대로 즐기고 싶어... 배달 맛집이구나” 싶었습니다. 생선을 집에서 굽기 번거로운데, 이렇게 매장에서 먹거나 배달로 즐길 수... ",롱롱씨 잡화점,blog.naver.com/dodo8250,20250926
동대문털보네｜소고기 돼지고기 전부 존맛 가성비 <b>가산동맛집</b> !,https://blog.naver.com/raccoon_candy/224004521730,특히 가산동회식 장소로 이미 유명한지 가디 회사원들이 삼삼오오 계속 들어오더라. 우리가 주문한... <b>가산동맛집</b>이라 언젠가 꼭 한번 데려가서 맛보여주고 싶을 정도로 존맛 가산디지털단지맛집 찾으면... ,수상한 솜사탕을 씻은 너구리,blog.naver.com/raccoon_candy,20250911
[가산디지털단지] <b>가산동</b>생선구이 <b>맛집</b> 정백어가 후기,https://blog.naver.com/cjo6070/223984743251,"무료주차 #가산디지털단지역맛집 #<b>가산동맛집</b> #가산디지털단지밥집 #가산동밥집 #가산동생선구이 자취를 오래해서 집밥이 그리울 친구 집에 갔다가 발견한 <b>가산동맛집</b>, 가산동생선구이집 장백어가에... ",져니의 이중생활,blog.naver.com/cjo6070,20250827
가산 포케 샐러드맛집 포케올데이 가산점 <b>가산동맛집</b>,https://blog.naver.com/yooree890/223247808554,#가산포케 #가산샐러드 #가산포케샐러드 #가산포케맛집 #가산샐러드맛집 #<b>가산동맛집</b> #가산동포케 #가산동샐러드 #가산맛집 #가디역포케 #다이어트샐러드 #포케올데이가산점,하쁘니월드,blog.naver.com/yooree890,20231027
꼭 먹어봐야 할 <b>가산동 맛집</b> ‘가산물갈비&amp;백년불고기’,https://blog.naver.com/na691793/223273842054,가산동은 회사가 대부분인 지역 특성상 주말엔 운영안하는 곳도 많고 식사시간이어도 한산한 곳이... 재방문의사 200프로⭐️ &amp; #가산디지털단지맛집 #가산디지털역맛집 #<b>가산동맛집</b> #가산물갈비 #산더미물갈비,느리쌤,blog.naver.com/na691793,20231124
"4월 블로그 체험단 찐맛집 인증 안산 중앙동, <b>가산동 맛집</b> 2곳!",https://blog.naver.com/brentparker/223441557258,그 중에서도 정말 괜찮았던 집을 소개해 주면 좋을 것 같아 시작하게 된 체험단 찐<b>맛집</b> 포스팅! 나는... <b>가산동</b> 닭한마리 <b>가산동</b> 가산디지털단지 닭한마리는 일본 친구와 서울에서 딱 한 번 먹어 봤는데 난 원래... ,국제활동,blog.naver.com/brentparker,20240511
가디 백숙 먹고 싶을 땐 현지인 <b>맛집</b>ㅣ<b>가산동</b>닭한마리,https://blog.naver.com/zxcv7500/224062910370,ㅋㅋㅋㅋ <b>가산동 맛집</b>을 찾는 콘서트를 보러온 k-pop 팬들 또는 가디 직장인들은 현지인 맛집인 이 곳을 아주 강추한다. 가산동 닭한마리는 여기서 종결 땅땅땅 오늘도 맛있게 잘 먹었습니다. #가산닭도리탕... ,"NO WHERE, NOW HERE",blog.naver.com/zxcv7500,20251103
<b>가산동 맛집</b> 가산동닭한마리,https://blog.naver.com/jieun4243/222961285385,날씨가 추워서 뜨끈한 국물이 생각나는날 남편과 <b>가산동 맛집</b> 가산동닭한마리에 다녀왔어요... ㅋㅋㅋㅋ 마지막 국물이 찐 액기스 죽까지 야무지게 남김없이 먹고 왔어요 <b>가산동 맛집</b> 찐 맛집 인정합니다!!,YUN SANG CHU,blog.naver.com/jieun4243,20221220
<b>가산동 맛집</b> 노상 술집 닭발도 파는 녹번꼼장어 숯불향 굿,https://blog.naver.com/js_eo/223999701672,안녕하세요 자취하라입니다 오늘은 제가 가산동 주민으로써 <b>가산동 맛집</b>을 소개하려고 합니다! 오늘 소개 시켜드릴 곳은 <b>가산동 맛집</b> 녹번꼼장어인데 여기는 내돈내산으로도 몇번 왔었던 곳이에요 약간... ,자취하는 하라일기,blog.naver.com/js_eo,20250908
가산 현대아울렛 맛집 / <b>가산동 맛집</b> 김명태 매운갈비찜 추천메뉴!,https://blog.naver.com/dasol5523/223334920035,"가산 현대아울렛 맛집 <b>가산동 맛집</b> 위치 : 서울시 금천구 가산로 132-1 , 1층 가산동 주민센터 맞은편 / 가산 현대아울엣 뒷편 ⏰영업시간 : 매일 10:00~23:00 전화번호 : 0507-1316-3664 매장이 커서 답답하지 않아 좋고... ",김미의 일상,blog.naver.com/dasol5523,20240126
[<b>가산동맛집</b>] 정백어가 | 정성 가득한 생선구이 한상차림 솔직... ,https://blog.naver.com/osanm80/224071374011,한식을 든든하게 먹고싶을 때 재방문해서 다른 메뉴도 도전해 봐야지! #정백어가 #<b>가산동맛집</b> #가산디지털단지역맛집 #가산디지털단지밥집 #가산동밥집 #가산동생선구이 #생선구이맛집 #한식맛집 #가성비맛집,ThinkerBell,blog.naver.com/osanm80,20251110
[맛집] 서울 <b>가산동 맛집</b> : 월래순교자관,https://blog.naver.com/gkstmf5555/224003116022,드디어 맛집 포스팅으로 돌아온 나 오늘부터 꾸준히 할테야 처음으로 소개할 맛집은 가산... 맛은 더 괜찮아서 한 번 시간 내서 찾아갈만한 <b>가산동 맛집</b>입니다~ 월래순교자관 (★★★★ 4/5) 재방문 의사 있음!,Dreams of adolescence,blog.naver.com/gkstmf5555,20250910
서울 <b>가산동</b> 냉동삼겹살 <b>맛집</b> 너희집,https://blog.naver.com/hatulip/223984401626,잘먹었습니다~~ #서울금천구맛집#서울금천구<b>가산동맛집</b>#냉동삼겹살맛집#너희집#서울너희집#서울금천구너희집#서울가산동너희집#<b>가산동맛집</b>#서울<b>가산동맛집</b>#서울냉동삼겹살맛집#금천구냉동삼겹살맛집... ,BEAUTIFUL DAY,blog.naver.com/hatulip,20250826
<b>가산동 맛집</b> 가산물갈비,https://blog.naver.com/buoasis/222579773215,<b>가산동</b>에 사무실이 있다 나눔스쿨 서울센터다 조카가 시행회사에 다니는데 좋은 정보들이 흘러 나온다.... 오늘 일기는 <b>맛집</b>이다. 나눔<b>맛집</b> 가산물갈비 집이다. 얼마나 맛있는지 방송 출연도 많이 했다. 역시나... ,건행부자의 호기심 여행,blog.naver.com/buoasis,20211126
<b>가산동 맛집</b>! 가산디지털단지역 태세라 한식뷔페 독산역 맛집.,https://blog.naver.com/lemons_tree/223879359622,벌써 <b>가산동</b> 출장 5일째! 주말 빼고 매 점심을 이곳에서 먹고 있는데요. 찐 <b>맛집</b>을 찾은 것 같습니다. 태세라타워 2층 태세라 한식 뷔페인데요. 네이버에는 업체 등록을 안 하신듯해요. 영업시간은 10:30 ~ 2시... ,THIS IS CLEAN,blog.naver.com/lemons_tree,20250527
<b>가산동 맛집</b> 여의도불맛쭈꾸미,https://blog.naver.com/sweetpotato0118/223957305036,"<b>가산동 맛집</b> 추천 여의도 불맛쭈꾸미 주소 서울 금천구 가산로 147 1층 101호, 102호 영업시간 월-토 11:30~01:00 일요일 휴무 전화 0507-1356-8877 가산동에 새로 생겼다고 해서 방문해본 여의도 불맛쭈꾸미! 점심 특선... ",깜콩일기장,blog.naver.com/sweetpotato0118,20250803
<b>가산동 맛집</b>에서 맛있는 김치찌개 먹다,https://blog.naver.com/helloworld1203/224060099868,#내돈내산 오늘은 <b>가산동 맛집</b>에서 점심으로 맛있는 김치찌개를 먹겠다 회사 점심시간이라 점심먹으러 지하 1층 도착 바로 지하 1층에 가마솥서울깍두기라는 식당이 존재하다 내려온 시간은 11시 45분 도착... ,나의하루일과인생START,blog.naver.com/helloworld1203,20251031
<b>가산동 맛집</b> 호세가 타코배달️ 매장가서먹기,https://blog.naver.com/minjee1209/223151895583,집 근처에 맛있는곳을 찾아보다가 발견한 가산동 호세가 타코 네이버 리뷰에서도 평이 워낙좋고 이쪽... 맛있는 <b>가산동 맛집</b> 호세가타코 배달로도 먹고 너무나도 마음에들어서 매장으로 방문! 점심시간때보면... ,순간의순간,blog.naver.com/minjee1209,20230710
<b>가산동맛집</b> 불독맨션버거 에서 맛있는 점심한끼,https://blog.naver.com/hsjk1004/223103648074,가까우니까 자주 방문해봐야겠습니다. ㅎㅎㅎ #가산디지털단지점심 #가산수제버거 #<b>가산동맛집</b> #가산디지털맛집 #가산햄버거 #불독맨션버거 #가산동수제버거 #가산동햄버거,Jackie's paradise ♥,blog.naver.com/hsjk1004,20230516
<b>가산동맛집</b> 도원 점심 식사 단체 회식 단체룸 있는 중식 맛집,https://blog.naver.com/leonar96/224068154600,&quot; <b>가산동맛집</b> 도원 단체룸 있는 중식 맛집 &quot; &lt;목차&gt; 1. 위치&amp;영업정보 2. 외부 3. 내부 4. 메뉴&amp;기본 세팅 5.... 가능 <b>가산동맛집</b> 도원은 이앤씨 드림타워 건물 2층에 위치하고 있어요. 직장인들이 많은 가산동이다... ,뭉냥꽁냥,blog.naver.com/leonar96,20251107
우렁두부조림이 너무 맛있는 <b>가산동 맛집</b> 가산동 한식 [조려당],https://blog.naver.com/smg0315/224080294901,"조려당 정보 조려당 영업시간은 월요일 ~ 금요일 11 : 00 ~ 21 : 00 매주 주말은 휴무인 <b>가산동 맛집</b> <b>가산동 맛집</b>, 가산동 한식, 가산동 두부조림, 가산동 혼밥, 가산동 점심, 가산동 저녁, 가산디지털단지역 맛집... ",️맛있는 하루️,blog.naver.com/smg0315,20251118
"<b>가산동맛집</b> 화덕구운고등어, 집밥 같은 밑반찬과 화덕... ",https://blog.naver.com/dodo8250/224006940394,그래서 <b>가산동맛집</b>을 찾아보다가 생선구이 전문점 화덕구운고등어를 발견했어요. 정갈한 밑반찬부터... <b>가산동맛집</b>은 특이하게 리뷰이벤트에 참여하면 로또를 제공해주신다고 합니다. 반찬부터 집밥 같은... ,롱롱씨 잡화점,blog.naver.com/dodo8250,20250914
"<b>가산동 맛집</b>, 의령메밀집에서 아이와 함께한 소박한 한 끼 추천",https://blog.naver.com/historia1103/223948618634,"맛도, 분위기도, 서비스도 모두 만족스러워서 다음에 또 오고 싶은 곳이었답니다. #<b>가산동맛집</b>, #의령메밀집 #메밀소바, #메밀돈가스, #메밀 #메밀면, #메밀김밥, #메밀전병, #서울맛집 #서울<b>가산동맛집</b>, #메밀만두",Daddy Bae Life,blog.naver.com/historia1103,20250727
깔끔하고 담백한 닭국물! <b>가산동맛집</b> &lt;가산동 닭한마리&gt;,https://blog.naver.com/inju00/223247083117,"오랜만에 영접한 하얀 닭국물이 기가 막혔던, 칼국수 사리까지 완벽하게 포용해주는 <b>가산동맛집</b>... 가산 현대아울렛 맛집 '가산동 닭한마리' 담백하고 하얀 국물이 땡길 때 추천이다! +칼국수랑 죽까지... ",먹고 마시고 여행하는 진주정뱅이,blog.naver.com/inju00,20231026
<b>가산동 맛집</b> 오스타닭갈비 솔직후기,https://blog.naver.com/tnsis12/223936205240,있어서 그런지 향긋하고 씹는 맛도 좋았던 볶음밥!! 안먹으면 유죄인거 아시쥬~?? <b>가산동 맛집</b> 찾으신다면 오스타 닭갈비 추천드려요^^ #가산회식 #가산닭갈비 #가산디지털단지역맛집 #<b>가산동맛집</b> #금천구닭갈비,Where must we go,blog.naver.com/tnsis12,20250718
금천구맛집 | 여의도불맛쭈꾸미 | <b>가산동맛집</b> | 가산동점심,https://blog.naver.com/ricebbi/224067958848,모든 면에서 만족도 100%였어요 매콤한 불 맛 쭈꾸미 craving이 올 때마다 생각날 집입니다 #가산현대아울렛<b>맛집</b> #<b>가산동</b>쭈꾸미<b>맛집</b> #<b>가산동</b>점심특선 #<b>가산동</b>점심메뉴 #<b>가산동</b>점심추천 #여의도불맛쭈꾸미,밥삐와 친구들,blog.naver.com/ricebbi,20251107
<b>가산동 맛집</b> 가산 점심메뉴 추천 미나리산장 가산점,https://blog.naver.com/al807/223658963312,안녕하세요 밍콩입니다 오늘은 <b>가산동 맛집</b> 미나리산장 가산점을 다녀왔어요 밍콩의 또간집 미나리산장은 정말 정말 맛있는 가산동 숨은 맛집이랍니다 주소 : 서울특별시 금천구 디지털로 10길 78 1층 119호... ,밍콩월드,blog.naver.com/al807,20241113
『<b>가산동 맛집</b>』2023 초복 중복 말복 가산동 닭한마리,https://blog.naver.com/foundersmi/223106247810,주소: 서울특별시 금천구 가산로 142 주차장 있음 전화번호: 02-858-9291 영업시간: 월요일 휴무 #마리오아울렛맛집 #현대아울렛맛집 #<b>가산동맛집</b> #가산동점심 #가디맛집추천 #초복 #중복 #말복 #2023년초복중복말복,Founder's meals and information,blog.naver.com/foundersmi,20230519
<b>가산동맛집</b> 가산 마포갈매기 맛집 추천해요.,https://blog.naver.com/mks8601/224064105641,"<b>가산동맛집</b> 가산 마포갈매기 맛집 추천해요. 제가 최근에 다녀온 <b>가산동 맛집</b>, 가산 마포갈매기를 추천드리고 싶어요. 우선 고깃값이 저렴해서 부담 없이 방문할 수 있었고, 이날 주문한 다양한 고기 메뉴도... ",만두,blog.naver.com/mks8601,20251104
화덕 <b>맛집</b> <b>가산동</b>생선구이 ｜ 정백어가 가산퍼블릭점,https://blog.naver.com/nimble_witted/224008656351,# 가산동생선구이 맛집 ｜가산퍼블릭점 정백어가 #<b>가산동맛집</b> #가산동밥집 #가산동생선구이 #가산퍼블릭맛집 #정백어가 #정백어가가산퍼블릭점 #가산디지털단지맛집 #가산동한식,DAILY PAYBACK,blog.naver.com/nimble_witted,20250915
서울 <b>가산동맛집</b> 여의도불맛쭈꾸미 가성비 최고야!,https://blog.naver.com/bingsoo82/224066319467,근처 <b>가산동맛집</b>으로 쭈꾸미 유명한 집이 있더라구요 쭈꾸미 좋아하는 신랑을 위한 오늘의 점심메뉴 직장인들이 인정한 가산동점심추천맛집에 다녀와보았습니다~~ 여의도불맛쭈꾸미 가산점은... ,나를 위한 정보&기억 저장소,blog.naver.com/bingsoo82,20251106
"<b>가산동</b> 국밥ㅣ가성비 좋은 가산퍼블릭 <b>맛집</b>, 할매가한우곰탕",https://blog.naver.com/seollean/224007631555,가산동에서 국물 땡기는 날에 꼭 가보시길 :) #가산국밥 #가산맛집 #<b>가산동맛집</b> #가산동혼밥 #가산퍼블릭혼밥 #가산혼밥맛집 #가산혼술 #가산국물 #가디맛집 #가디혼밥 #가디국밥 #가산디지털단지맛집... ,하나네 한국생활기,blog.naver.com/seollean,20250914
<b>가산동맛집</b> : 여의도불맛쭈꾸미 점심특선 굿!,https://blog.naver.com/22ifeel/223948869907,뿅 <b>가산동맛집</b> 여의도불맛쭈꾸미는 현대아울렛 뒤쪽에 위치해 있다! 주소 : 서울 금천구 가산로 147 1층 (서울 금천구 가산동 140-9)  연락처 : 02-6956-8871 ⏰ 영업시간 : 일요일 휴무 월 ~ 토 11:30 ~ 01:00  주차... ,예비맘의 알찬 육아 준비 !,blog.naver.com/22ifeel,20250728
<b>가산동 맛집</b> 아울렛 근처 현지 느낌의 멕시코 식당 호세가 타코스,https://blog.naver.com/moosin84/223839764944,#<b>가산동맛집</b> #가산동타코 #가디역맛집 #가디아울렛맛집 #가산디지털단지맛집 #가산디지털단지역맛집 #가디역타코 #가산동점심 #가산동데이트 #호세가타코 #가산동아울렛맛집 #가산디지털단지데이트,마시고 먹는 블로그,blog.naver.com/moosin84,20250419
[서울/금천구]<b>가산동 맛집</b> 가디역 맛집 가산 닭갈비_오스타닭갈비,https://blog.naver.com/yhy7665/224054595573,닭갈비 양념이 워낙 맛나서 볶음밥까지 감동적인 맛이었어요! 싹 긁어먹었답니다~ 가디역 근처 닭갈비맛집 찾으시면 #오스타닭갈비 완전 추천해요 #<b>가산동맛집</b> #가디역맛집 #가산닭갈비 #오스타닭갈비가산본점,흥부자 힁이네,blog.naver.com/yhy7665,20251026
직장인 회식 장소로 딱! <b>가산동맛집</b> 육로 방문기,https://blog.naver.com/like_merry/224000903081,점심 메뉴도 구성되어 있는 <b>가산동맛집</b> 육로 송년회나 기업 행사 있을 때 와도 괜찮겠다 싶었던... 좋은 <b>가산동맛집</b> 육로 불 조절이 쉬웠던 육로 맛나게 구워봤답니다 개인적으로 삼겹살은 타지 않게 굽는게... ,아리 블로그 :),blog.naver.com/like_merry,20250909
<b>가산동</b> 점심 <b>맛집</b> 다양한 메밀요리와 장터 국밥을 맛볼 수 있는... ,https://blog.naver.com/nowlora_/223985840486,한 끼를 찾고 있다면 의령메밀집 추천드릴게요 :) #가산동점심 #가산직장인점심 #<b>가산동맛집</b> #의령메밀집가산 #가산메밀소바 #가산점심맛집 #가산동소바맛집 #가산디지털단지맛집 #가산점심추천 #가산빠른점심,리뷰하는 로라,blog.naver.com/nowlora_,20250827
[<b>가산동</b> 점심 장소 추천]... 가산점_얼큰한 일본 라멘 <b>맛집</b>,https://blog.naver.com/bae_ddung/224075513052,"ㅋ ' 명서쿠라멘 10,900원 ' 역시 <b>가산동 맛집</b>, 가산디지털단지역 맛집으로 유명한 명서쿠다운... 마무리 가산동, 가산디지털단지 점심 메뉴 고민이신 분들, 전날 술 드셔서 해장이 필요하신 분들은 ' 명서쿠... ",배뚱이의 맛집 탐방기,blog.naver.com/bae_ddung,20251114
서울 금천구 <b>가산동맛집</b> 라복궁 양갈비&amp;마라샹궈 가성비최고,https://blog.naver.com/wnsdnjs0343/223260314930,안녕하세요 쭈니입니다 요즘 양갈비 노래를 부르다가 가산동 에 가성비 최고인 양갈비 식당을 발견했어요! 거기에 마라탕 까지 <b>가산동맛집</b> 가성비최고 인 곳 그 곳 은 바로 라복궁 양갈비 &amp; 마라샹궈 입니다... ,어썸쭌 기록,blog.naver.com/wnsdnjs0343,20231109
가산 <b>맛집</b> | 보배반점 | <b>가산동</b> 모임 회식으로 좋은 중식 <b>맛집</b>,https://blog.naver.com/codms7143/224063610650,찾을 때 가면 좋을 가산 맛집 &lt;보배반점&gt; ❤️ 오늘도 맛있게 잘 먹었습니다 ❤️ #가산동회식 #가산동모임 #가산디지털단지역회식 #가산맛집 #<b>가산동맛집</b> #가산디지털단지맛집 #가산디지털단지역맛집 #가디맛집,채채의 냠냠쩝쩝 일상 기록지,blog.naver.com/codms7143,20251103
<b>가산동 맛집</b> 김명태 가산점 뜨끈한 솥밥과 갑오징어 조림의... ,https://blog.naver.com/hooly_hooly/224023410471,오늘은 서울 <b>가산동 맛집</b> 김명태 가산점입니다 가산디지털단지 구경하고 밥먹으러 다녀왔는데 탱글한... 한정식 맛집 방문기. 푸짐하고 맛있는 한 끼를 소개합니다! 영업시간 / 전화번호 / 위치 *주차장있음... ,먹길동의 미식여행,blog.naver.com/hooly_hooly,20250927
가산디지털단지역맛집 육뜸2호점 <b>가산동 맛집</b>에서 불금... ,https://blog.naver.com/tjqhdud1001/223543579292,"드디어 리뷰로만 보던 가산디지털단지역맛집 가산동고기집 육뜸2호점 비쥬얼! 제가 드디어 여길... 직장인들 사이에서 <b>가산동맛집</b>, 가산디지털단지역맛집, 남구로역맛집으로 소문이 난 이유 요기 있었네여!!!!... ",탐미여행자 바오바오,blog.naver.com/tjqhdud1001,20240811
<b>가산동 맛집</b> 가산디지털단지 닭한마리 맛집인데 죽 맛집으로도... ,https://blog.naver.com/brentparker/223428569671,가족들과 뭔가 건강하면서 몸보신이 될만한 음식이 뭐 없을까 하고 찾아보다가 알게 된 <b>가산동</b> 닭... 그럼 가산디지털 닭한마리 <b>맛집</b>을 리뷰해 보도록 하겠다. 영업 시간 : 11:00 ~ 24:00 라스트 오더 : 22:30 정기 휴무... ,국제활동,blog.naver.com/brentparker,20240429
<b>가산동 맛집</b> 모임장소 에서 푸짐하게 먹어 보자!!!,https://blog.naver.com/budongsanbiz/220748776194,<b>가산동 맛집</b> 모임장소 에서 푸짐하게 먹어 보자!!! 안녕하세요 오늘은 <b>가산동맛집</b> 장수명가를 소개합니다. <b>가산동맛집</b>의 새로운 강자 문의는 02-868-5444로 하시구요 자리가 넓어서 모임장소로 아주 적격입니다.... ,최소장의 아파트형공장이야기,blog.naver.com/budongsanbiz,20160629
<b>가산동 맛집</b> 가산물갈비&amp;백년불고기,https://blog.naver.com/n468700/223064891073,"볶음밥이랑, 일반 볶음밥 두 가지가 있었는데 우리는 일반 볶음밥을 선택! 난 뭔가.... 볶음밥에는 치즈 안 올라가는 게 더 맛있는 것 같은 느낌?? ㅋㅋㅋㅋ &amp; #가산디지털단지맛집 #가산디지털역맛집 #<b>가산동맛집</b>",나의 최선이 최고의 날을 선사하기를,blog.naver.com/n468700,20230404
가디/가산디지털단지/<b>가산동 맛집</b> '가로집' 방문기,https://blog.naver.com/smail5013/223056721285,가로집을 꼭 방문하세요 ❤️ 리미랑 창댕이는 다음에 볶음밥을 먹기로 기약! 그럼 안뇽!! #가산동타코 #가산동포케 #<b>가산동맛집</b> #가로집 #가산동가로집 #레트로감성 #가디맛집 #가산디지털단지맛집 #금천구맛집,우당탕탕 리미의 일상 'ㅁ',blog.naver.com/smail5013,20230327
"<b>가산동 맛집</b>, 라복궁 양갈비&amp;마라샹궈",https://blog.naver.com/like_life505/223928342074,"먹었던 가산동 양갈비 맛집, 라복궁 소개 드려요 :)  라복궁 양갈비&amp;마라샹궈  위치 서울 금천구... 실감했어요 <b>가산동 맛집</b> 인정 술을 같이 먹느라 조금 아쉬워서 온면도 주문해 봤는데 약간 장칼국수 느낌... ",지구로그,blog.naver.com/like_life505,20250710
가산디지털단지역맛집 <b>가산동맛집</b> 수제버거 왓더버거 가산직영점,https://blog.naver.com/ehandy/224066377237,가산디지털단지역맛집 <b>가산동맛집</b> 수제버거 왓더버거 가산직영점 버거·감튀·사이드 메뉴 전체적으로 구성이 매우 다양하고 가성비가 좋은 편이에요. 비주얼도 이쁘고 맛도 괜찮은 편이라서 편하게 한끼... ,"뷰티, 맛잘알 전문",blog.naver.com/ehandy,20251106
가산 현대아울렛 맛집 <b>가산동 맛집</b> 여의도불맛쭈꾸미 쭈꾸미... ,https://blog.naver.com/ghyojung95/224071420275,하지만 쇼핑에 앞서 든든한 식사를 해야하잖아요 #가산현대아울렛맛집 #가산현대아울렛식당 #<b>가산동맛집</b> 알아보았구요 ~ 요 몇일 쭈꾸미가 끌렸는데 #가산쭈꾸미 #가산동쭈꾸미 맛있게 하는 #가산밥집... ,To make each day Count,blog.naver.com/ghyojung95,20251110
<b>가산동</b> 명태요리와 갈비찜이 맛있는 외식 <b>맛집</b> 김명태... ,https://blog.naver.com/nineplus1th/223941431911,"가산동 하면 대형 오피스만 생각하기 쉬운데 의외로 숨은 맛집이 꽤 있다. 점심시간 직장인들이... 오늘 소개할 곳은 바로 김명태 매운갈비찜 가산점, 명태요리와 매운갈비찜으로 소문난 <b>가산동 맛집</b>이다.... ",MUKA TRIP,blog.naver.com/nineplus1th,20250721
<b>가산동 맛집</b> 『포미가』 서울 편백찜,https://blog.naver.com/oairis86o/223012005263,있었던 <b>가산동 맛집</b>은 자차 방문하게 되면 지하 주차장이 있어 편하게 이용할 수 있었다 주차하고... 좋은 <b>가산동 맛집</b> 술상 메뉴 세 가지 세트 중 우리가 선택한 포세트에는 메인과 사이드 각 하나씩에 작은... ,Daᵕ̈,blog.naver.com/oairis86o,20230210
"금우면, 색다른 대만음식 우육면/마라수육/향라치킨 <b>가산동 맛집</b>",https://blog.naver.com/blackcatgo/223346684056,세가지 메뉴를 모두 처음먹어본 검냥이네는 <b>가산동 맛집</b> '금우면'에서 신세계를 보고 왔답니다. 오늘 고양이Pick!맛집 리뷰는 여기까지에요. 업체정보입니다. 금우면 서울 금천구 가산디지털1로 16 1층 114-R호... ,서울 근교 숲길지도,blog.naver.com/blackcatgo,20240207
<b>가산동 맛집</b> 점심 추천 슬로가든&amp;까몬 가산디지털단지역점,https://blog.naver.com/sthbrilliant/224028390115,꼬우꼬우♀️ #슬로가든&amp;까몬 #슬로가든&amp;까몬가산디지털단지역점 #가산디지털단지맛집쌀국수 #가산디지털단지맛집 #<b>가산동맛집</b> #<b>가산동맛집</b>점심 #가산동점심맛집 #가디쌀국수 #가디소고기 #가디돼지고기... ,호바는 여행중✈️ 여기서 행복할 것,blog.naver.com/sthbrilliant,20251001
미각양꼬치 <b>가산동 맛집</b> 으로 인정!,https://blog.naver.com/simva_/220983954823,회사 끝나고 한잔 하려고 하다가 친구가 <b>가산동 맛집</b>이라며 미각 양꼬치 데리고 갔어요! 제가 또 양꼬치... 건물 내 1층에 있는데 생각보다 크고 역시 <b>가산동 맛집</b> 이라서 그런지 사람도 엄청 많더라고요!! 마치고... ,12.8.29,blog.naver.com/simva_,20170415
<b>가산동</b> 줄서는 호세가 멕시코 음식 타코 <b>맛집</b>,https://blog.naver.com/gongjune3/222876319732,다음에도 타코 먹고 싶으면 요기 가산동 가야겠어요. 원주에 가서도 멕시코음식 맛나게 먹었는데 이제 매니아되겠어요. #서울타코맛집 #가디맛집 #가산동타코맛집 #<b>가산동맛집</b> #호세가 #가산동힙한집 #타코,제인이 만난 흥미로운 세상 이야기,blog.naver.com/gongjune3,20220916
<b>가산동맛집</b> 또 가고 싶은 곳 가산 마포갈매기,https://blog.naver.com/daekkung/224070801769,<b>가산동맛집</b> 또 가고 싶은 곳 가산 마포갈매기 요즘 날씨가 쌀쌀해지니까 이상하게 고기가 더... 가산 마포갈매기 02-2083-5577 서울 금천구 벚꽃로 298 대륭포스트타워 6차 B1층(지하) 104호 #갈매기살맛집... ,daekkung님의 블로그,blog.naver.com/daekkung,20251110
<b>가산동 맛집</b> 청춘껍데기 먹방 후기,https://blog.naver.com/qda9413/223911728966,영상도 낋여왓으니 보고가셔요 <b>가산동맛집</b> 술먹는고기집 청춘껍데기 가산점 완전 근접촬영해서 부담스러울 수 있습니다 ㅎㅎㅎ 고소함이 화면 뚫고 나오네요 또 가고싶다.. ㅎㅎ 가산동에서 맛집 찾으신다면... ,Make it happen✨,blog.naver.com/qda9413,20250625
가산동닭한마리 - <b>가산동맛집</b> 가산현대아울렛맛집,https://blog.naver.com/24sunnyday/222995583722,오늘 퇴근하고 다녀온 따끈따끈한 <b>가산동맛집</b> &amp; 가산현대아울렛맛집 가산동 닭한마리 가산 부근에서 회사를 다니는 직장인이라면 겨울 저녁 퇴근 후 뜨끈뜨끈한 닭한마리 맛있게 후루룩 할 수 있는 맛집이다... ,Stay with me,blog.naver.com/24sunnyday,20230126
방문해보세요! <b>가산동맛집</b> 무시칸 가산디지털단지역점 후기!,https://blog.naver.com/xkatms333/224012091934,제가 이번에 소개해드릴곳은 무조건 방문해봐야하는 맛집인데요! 바로 <b>가산동맛집</b>으로 유명한 무시칸 가산디지털단지역점입니다! 무시칸 가산디지털단지역점은 매장은 넓지 않았지만 단체석도 준비되어있고... ,까불까불해용,blog.naver.com/xkatms333,20250917
매콤한 쭈꾸미 한 상이 먹고 싶을때 찾는 <b>가산동맛집</b>,https://blog.naver.com/skyway90/223935662813,점심특선이 있는 <b>가산동맛집</b> 여의도불맛쭈꾸미를 방문해보세요 #<b>가산동맛집</b> #가산동점심 #가산현대아울렛맛집 #가산동쭈꾸미맛집 #가산동점심특선 #가산동점심메뉴 #가산동점심추천 #여의도불맛쭈꾸미,SKYWAY90_HOME,blog.naver.com/skyway90,20250717
"구로동,<b>가산동</b>.신도림<b>맛집</b>추천)",https://blog.naver.com/qkzks1014/223227676691,우림라이온스밸리 #가산동상가 #가산디지털밸리상가 #가산디지털단지역상가 #우림상가 #가산디지털단지역사무실 #가산디지털단지역지식산업센터 #구로동맛집 #신도림맛집 #<b>가산동맛집</b> #서울맛집 #족발집... ,가산동사무실 벤처부동산,blog.naver.com/qkzks1014,20231004
맛집 가산물갈비&amp;즉석소불고기 가산디지털역 맛집 <b>가산동 맛집</b>,https://blog.naver.com/io7942io/224008940782,"#가산디지털단지 맛집 <b>가산동 맛집</b> 가산물갈비 국물이 진하고 양도 많아서 술안주로도 정말 잘 어울리는 메뉴예요. 주변 테이블에서도 소주, 맥주 한잔 곁들이시는 분들이 많았어요! 넉넉한 양 덕분에... ",쑤깅,blog.naver.com/io7942io,20250915
<b>가산동맛집</b> 육즙에서 고기한판 맛있는 식사,https://blog.naver.com/jhw4950/223169696098,바로 가는게 신의 한 수 인 것 같아요 ㅋㅋ 전반적으로 가격도 괜찮고 매장도 깔끔하고 시원해서 저는 진짜 또 가고싶은 <b>가산동맛집</b>이었습니다! #<b>가산동맛집</b> #<b>가산동맛집</b>육즙 #가산디지털단지역맛집 #가산동육즙,아이린(Eileen)의 블로그,blog.naver.com/jhw4950,20230730
"<b>가산동 맛집</b> 점심 ) 슬로가든 &amp; 까몬 솔직후기(메뉴,가격,주차)",https://blog.naver.com/dreamcome825/224020091421,"<b>가산동</b> 점심 <b>맛집</b> 슬로가든 &amp;까몬 소개해드릴게요. 1. 위치 &amp;주차 가산디지털단지역 6번 출구에서 558m로 가깝고, &amp; 퍼블릭 가산 내부로 들어가 3분정도 직진해 걸으면 1층에 슬로가든 &amp;까몬 간판이... ",오늘도 행복,blog.naver.com/dreamcome825,20250924
<b>가산동 맛집</b> - 다도해 수산,https://blog.naver.com/qufgk94/223976355796,다도해수산 <b>가산동 맛집</b> 친구가 추천해준 <b>가산동 맛집</b> 다도해 수산 방문 가디역 (가산디지털 단지역) 생활권에서 멀지 않아서 가디 근무자들 방문할 위치 가산동~독산동 주민들도 방문할만한 위치 메뉴는 활어회... ,벼라의 블로그,blog.naver.com/qufgk94,20250820
가산디지털단지 <b>맛집</b> <b>가산동</b>닭한마리 후기 주차 정보,https://blog.naver.com/kikimsi87/223968535655,자리한 <b>가산동</b>닭한마리 간판을 보니 생생정보통 출연한 적이 있나 보다 집 근처에 닭한마리 <b>맛집</b>이 있었다니..! 왜 이제야 알게 된 건지ㅎㅎㅎ 집에서 걸어서 갈 수도 있었지만 날씨가 너무 더워서 자차로... ,오늘도 안녕,blog.naver.com/kikimsi87,20250813
"서울 금천구 <b>가산동</b> 산더미 물갈비 <b>맛집</b>, 가산 물갈비 &amp; 수원... ",https://blog.naver.com/chihozzang9/224028001614,"가산디지털단지 맛집, 가산디지털역 맛집, <b>가산동 맛집</b> 가산디지털단지 맛집, 가산디지털역 맛집, <b>가산동 맛집</b> 가산디지털단지 맛집, 가산디지털역 맛집, <b>가산동 맛집</b>",쵸짱의 방학일기,blog.naver.com/chihozzang9,20251001
<b>가산동 맛집</b>(가산디지털단지) - 옛날닭꼬치식당,https://blog.naver.com/herohwangsae/222228960288,"<b>가산동 맛집</b>. 지나가며 봐도 맛집처럼 보이는 간판. 옛날 닭꼬치 부대찌개&quot;가 상호명인듯하다. 닭꼬치, 부대찌개, 석쇠불고기, 김치찌개. 뭐가 간판이고 메뉴이며 주력인지 잘 모르겠다. 근처에 마리오 아울렛... ",무적황새의 세계여행기록&맛집투어,blog.naver.com/herohwangsae,20210202
<b>가산동 맛집</b> 가성비 맛집 빠른 회전률 ‘최고당 돈가스’ 후기,https://blog.naver.com/gkdusglaso/223994631619,#<b>가산동맛집</b> #가성비맛집 #빠른회전률 최고당 돈가스 가산디지털점 10:50 - 20:00 / 주말휴무 최고당 돈가스는 가산디지털단지역과 독산역 사이에 있어요~!! 10시 50분부터 시작을 해서 점심부터 먹을 수 있는 최고당... ,뽀밍뚜 RECORD,blog.naver.com/gkdusglaso,20250904
<b>가산동</b> 삼겹살 <b>맛집</b> &quot;도올 생고기&quot;,https://blog.naver.com/datazillbe/223920392253,#가산동삼겹살 #가산동 삼겹살#<b>가산동맛집</b>#가산동고기#가산동생고기#가산동고기집#가산맛집 #가산동삼겹살#<b>가산동맛집</b>#가산동고기#가산동생고기#가산동고기집#가산맛집 #가산동삼겹살#<b>가산동맛집</b>... ,Data doesn't lie,blog.naver.com/datazillbe,20250703
가산역파스타 <b>가산동맛집</b> 더제이케이키친박스,https://blog.naver.com/bom_bly/223994252137,#더제이케이키친박스가산디지털점 #가산역파스타 #<b>가산동맛집</b> #가산파스타 #가산동파스타 #가산디지털단지맛집 #가산디지털단지역맛집 #가산역맛집 #가산데이트,봄블리의 일상기록 :),blog.naver.com/bom_bly,20250903
<b>가산동 맛집</b> 명태조림이 맛있는 김명태매운갈비찜가산점,https://blog.naver.com/al807/223741497282,안녕하세요 밍콩이에요 명태조림이 맛있는 <b>가산동 맛집</b> 김명태매운갈비찜가산점을 다녀왔어요 주소... 오늘은 <b>가산동 맛집</b> 김명태매운갈비찜가산점의 시그니처 메뉴 시래기 명태조림을 주문했어요 기본... ,밍콩월드,blog.naver.com/al807,20250129
서울 <b>가산동맛집</b> 가산역맛집 더제이케이키친박스 가산디지털점,https://blog.naver.com/jsmp0536/223954069385,혹시나 주말에 가산에서 약속이 잡혔다면 더제이케이키친박스 방문해보시길바래요!! #가산역맛집 #가산역양식 #가산역양식맛집 #가산역파스타 #가산맛집 #<b>가산동맛집</b> #가산양식맛집 #가디단맛집,선명하게,blog.naver.com/jsmp0536,20250731
<b>가산동 맛집</b> 티비 방영된 산더미물갈비 먹고 온 솔직 리뷰,https://blog.naver.com/gyqls130/224003501561,알려주시면 더 참고하고 싶습니다  #가산디지털단지맛집 #가산디지털역맛집 #<b>가산동맛집</b> #가산물갈비 #산더미물갈비 #가산회식장소 #가산갈비맛집 #가산저녁맛집 #가산점심맛집 #가산디지털단지역맛집... ,콩의 여행 한 스푼,blog.naver.com/gyqls130,20250911
"가산디지털단지역 <b>맛집</b> <b>가산동</b>닭한마리, 아울렛 쇼핑후 시원한... ",https://blog.naver.com/ljh0003/223272653549,나니 너무 배가 불러 볶음밥보단 덜 헤비한 죽으로 마무리합니다. 끝까지 깔끔하게 먹을 수 있었던 <b>가산동맛집</b> 가산동닭한마리.. 다음에 가산디지털단지 아울렛쇼핑 올 때 또 방문할 맛집으로 저장해 둬야겠어요.,지프리의 맥주일주,blog.naver.com/ljh0003,20231128
내돈내산 <b>가산동</b> 숨은 고기<b>맛집</b> 금천갈비 후기,https://blog.naver.com/austkdvk/224030240290,✅본포스팅은 NO광고 NO협찬 내돈내고 작성한 김케이 리뷰입니다 :) #금천구맛집 #<b>가산동맛집</b> #가산동고기맛집 #금천갈비 #금천구고기집 #가산동고기집 #가산동삼겹살 #가산동돼지갈비 #가산동두루치기... ,김케이와쌍둥이딸들의일상~♡,blog.naver.com/austkdvk,20251003
<b>가산동</b> 고기<b>맛집</b> 제주탐하리,https://blog.naver.com/soato42/222700273075,일요일휴무 <b>가산동 맛집</b> 제주탐하리는 현대아울렛 뒤쪽에 있어요. 주차는 주변 주차장에 하고... 구워주셔서 불향도 느낄 수 있고 더 맛있었던거 같아요. 가산동에서 고기집 찾을때 가볼만한 맛집이었습니다!,잡동사니,blog.naver.com/soato42,20220414
<b>가산동맛집</b> 더푸드스케치 구내식당뷔페,https://blog.naver.com/kungdeeng/223968642933,언제나 엄마가 해준 집밥이 그립다면 한번 방문해보시길 바랍니다 그럼 지금까지 <b>가산동맛집</b> 더푸드스케치 리뷰였습니다. #구로맛집 #가산디지털단지역맛집 #금천구맛집 #가디맛집 #<b>가산동맛집</b>,궁뺀과함께하는세상,blog.naver.com/kungdeeng,20250813
가산디지털단지역맛집 <b>가산동맛집</b> 봉추찜닭 가산점 후기,https://blog.naver.com/eajoeh/223974840071,#가산디지털단지역찜닭 #가산디지털단지역점심 #가산디지털단지역한식 #가산디지털단지역데이트 #가산디지털단지맛집 #<b>가산동맛집</b> #가산디지털단지역맛집 #봉추찜닭 #봉추찜닭가산점,아무말대잔치,blog.naver.com/eajoeh,20250818
"가산디지털단지역 <b>맛집</b>, <b>가산동</b> 생선구이, 정갈하게 나오는... ",https://blog.naver.com/yulia2250/224071393153,점심을 먹고 바로 근처에 있 카페까지 가서 완벽했던 일정이었다~ #가산디지털단지역맛집 #가산동생선구이 #가산동밥집 #가산디지털단지밥집 #<b>가산동맛집</b> #정백어가 #정백어가가산퍼블릭점,Gooood Life,blog.naver.com/yulia2250,20251110
<b>가산동</b> 만두 <b>맛집</b> 원래순교자관에서 종류별로 맛보기! 최자로드... ,https://blog.naver.com/angela881112/223349387427,군만두 #원래순교자관 #최자로드만두맛집 #최자로드맛집 #<b>가산동맛집</b> #가산동군만두 #군만두맛집 #만두맛집 와...군만두는 진짜 왕추천... 양도 7천원이라는 가격대비 정말 많고 향신료 맛도 일도 없고 야채도... ,쑥덕숙덕 레시피,blog.naver.com/angela881112,20240209
정말맛있다!!!!가산디지털단지생선초밥(feat.<b>가산동맛집</b>초밥),https://blog.naver.com/qkzks1014/222942969864,가산디지털단지역창고 #우림라이온스밸리 #가산동상가 #가산디지털밸리상가 #가산디지털단지역상가 #우림상가 #<b>가산동맛집</b> #가산디지털단지맛집 #가산동초밥집 #가산디지털단지초밥집 #백상스타타워2차,가산동사무실 벤처부동산,blog.naver.com/qkzks1014,20221201
근처 몸보신하기 좋은 닭한마리 <b>맛집</b> &quot;<b>가산동</b>닭한마리&quot;,https://blog.naver.com/qks1992/224004458859,#가산닭한마리 #<b>가산동맛집</b> #가디맛집 #가산백숙 #가산디지털단지닭한마리 금천구 가산디지털단지... 닭한마리 맛집 &quot;가산동닭한마리&quot; 제가 닭한마리를 정말 좋아하는데 최근에 생생정보통에도 출연한... ,경이로운 일상 Story,blog.naver.com/qks1992,20250912
<b>가산동</b> NEW <b>맛집</b> 의령메밀집,https://blog.naver.com/songsigu5/224043109500,평일엔 직장인 90% 쇼핑러10% 인 가산동에 완전 맛집이 등장했다 #의령메밀집 체인점인데 전국에 지점이... 비벼먹으면 정말 꿀맛이다 참고로 열무김치도 존맛탱 #<b>가산동맛집</b> #의령메밀집 #블챌 #직장인점메추,슬킹의 블로그,blog.naver.com/songsigu5,20251016
<b>가산동 맛집</b> &quot;가산물갈비&amp;즉석소불고기&quot; 매콤했던 후기!!,https://blog.naver.com/minju2789/223957966801,"- 양이 진~~짜 많음! - 안주로 먹기 좋을 듯! - 배달도 엄청 많이 시켜먹는 듯 <b>가산동 맛집</b>, 가산디지털단지역 맛집을 찾는 분들께 &quot;가산물갈비&amp;즉석소불고기&quot; 추천한당!!!",오늘도 민쥬주의,blog.naver.com/minju2789,20250804
<b>가산동 맛집</b> / 개성 손만두 가산디지털점 ❤︎,https://blog.naver.com/yuna1880/222123194453,만두가 먹고 싶었는데 근처에 만두전골 맛집이 있어서 먹으러 왔다. 우리가 들어갔을 때는 저녁시간... 옆에서 볶음밥도 해서 드시는 것 같던데 정말 맛있어 보였으나 배불러서 패스 ㅠ_ㅠ <b>가산동 맛집</b> / 개성... ,YuNa Ar❨ h:ve ✰,blog.naver.com/yuna1880,20201022
<b>가산동</b> 점심<b>맛집</b> 봉추찜닭 / 근본 간장 찜닭 푸짐한 당면,https://blog.naver.com/so_4368/224073387691,"시원해서 시키길 잘했단 생각 ~~ 가산역점은 직원분도 친절하고 당면, 안에 부속재료도 푸짐해서 봉추찜닭을 가야하면 무조건 여기로 올듯 #봉추찜닭 #가산역<b>맛집</b> #<b>가산동</b>점심 #<b>가산동</b>점심<b>맛집</b> #가디점심",여행맛집로그,blog.naver.com/so_4368,20251112
<b>가산동</b> 회식 <b>맛집</b> 보배반점 가디 단체 모임 장소 추천,https://blog.naver.com/judy9650/224032507450,"가산동 회식 맛집 보배반점 안녕하세요 먹짱입니다 가산동, 가산디지털단지역 회식 장소로 딱 좋은 중국 요리 맛집 보배반점 가산점을 소개합니다✨ #<b>가산동맛집</b> #가산동회식맛집 #보배반점가산점... ",먹짱 돼지의 일상 이야기,blog.naver.com/judy9650,20251005
"[<b>가산동</b>만두<b>맛집</b>]최자로드<b>맛집</b>,월래순교자관 솔직후기",https://blog.naver.com/bom2000/223264536729,최자로드 맛집으로 유명한 월래순교자관! 예전에도 가서 만두 맛있게 먹었던 기억이 있어서 다시한번... 주관적이고 솔직한 내돈내산 후기였습니다! ▽▼ <b>가산동맛집</b> 월래순교자관 ▼▽,마늘땅 놀이터,blog.naver.com/bom2000,20231114
서울 <b>가산동맛집</b> 가산중국집 호랭이반점,https://blog.naver.com/jsmp0536/223889309399,<b>가산동맛집</b> 인정입니다! #직장인점심가산맛집 #<b>가산동맛집</b> #가산역맛집 #가산점심 #가산점심맛집 #가산중국집 #가산동중국집 #가산혼밥 #가산짬뽕 #가산동점심맛집 #가산중식당 #가산저녁,선명하게,blog.naver.com/jsmp0536,20250605
<b>가산동 맛집</b> 가산물갈비 재재재방문 후기,https://blog.naver.com/tnsis12/223921279060,꼭 드시길 ㅎㅎ 요기 오징어튀김도 맛있다 하니 3분이서 가시면 오징어튀김도 꼭 시켜보세요^^ &amp; #가산디지털단지맛집 #가산맛집 #가산밥집 #가산찐맛집 #<b>가산동맛집</b>,Where must we go,blog.naver.com/tnsis12,20250704
<b>가산동 맛집</b> - 가산물갈비&amp;수원왕갈비에서 아이랑 외식!... ,https://blog.naver.com/ludens_m/223961684709,가산디지털단지역 근처 맛집에서 주말에 소불고기를 맛있게 즐기고 왔어요. &amp; <b>가산동 맛집</b> 아이랑... 만족스러웠어요 가산동에서 소불고기 식당을 찾으신다면 꼭 한 번 방문해 보세요 진심 가득 담은 소불고기... ,아이와 행복한 일상 여행,blog.naver.com/ludens_m,20250806
<b>가산동 맛집</b> 제주목장 진또배기 고기집 파김치 도른놈 내돈내산,https://blog.naver.com/yura531/224059097504,음식 드세요 안농 #<b>가산동맛집</b> #제주목장 #가산제주목장 #가산동고기집 #가산디지털단지맛집내돈내산 #가산찐맛집 #가산고기집추천 #가산동삼겹살 #반찬잘나오는고기집 #가산가성비맛집 #가산저렴한고기집,유또술의 마시는 인생,blog.naver.com/yura531,20251030
"<b>가산동 맛집</b>, 포장으로 알뜰하게 즐기는 :: 족발굽다",https://blog.naver.com/ehdgml0124/222962243649,"<b>가산동 맛집</b>, 포장으로 알뜰하게 즐기는 :: 족발굽다 가산동에는 은근 숨은 맛집들이 많다 내가 몇개 지도에 픽을 해놨었는데 여긴 오며가며 밖에서 간판이 워낙커서 눈여겨 봤던 곳이다 이름간판에서 알 수... ",오늘도 국내 한 바퀴,blog.naver.com/ehdgml0124,20221221
<b>가산동맛집</b> 가산디지털단지에서 직장인들이 사랑하는 맛집을... ,https://blog.naver.com/orchid_r/224083203509,"사랑하는 <b>맛집</b>을 찾는다면 서천집 <b>가산동</b>점을 추천하고 싶어요. 점심시간뿐 아니라 저녁시간에도 늘 손님들로 붐비는 곳인데, 그만큼 맛과 분위기 모두 꾸준히 인정받는 곳이라는 생각이 들었어요. 가게는... ",orchid_r ‘s blog,blog.naver.com/orchid_r,20251121
<b>가산동 맛집</b> 무카타 먹으러 콘타이 마리오아울렛점 방문,https://blog.naver.com/haraeng2/224064353379,메뉴라는 <b>가산동 맛집</b>이지만 무카타가 신메뉴로 출시되었다길래 도전해보기로 했음 서울 한복판에서... 다녀가셨다는 <b>가산동 맛집</b> 콘타이는 메뉴가 엄청 다양한데다 가격대도 높지 않아 자주 방문해도 부담이... ,"인어의 별 - 맛집, 여행, 후기 블로그(haraeng2)",blog.naver.com/haraeng2,20251104
가산디지털단지역맛집 <b>가산동 맛집</b> 가산물갈비 수원왕갈비,https://blog.naver.com/014785236963/223966361232,가산디지털단지역맛집 <b>가산동 맛집</b> 가산물갈비 수원왕갈비 다녀왔어요. 가산디지털단지역맛집 가산물갈비&amp;수원왕갈비는 특급 소고기구이와 수원왕갈비(양념)을 판매하며 산더미물갈비의 품목을 파는... ,토볼 블로그 : 요리 맛집 ₍ᐢ.ˬ.ᐢ₎❤️,blog.naver.com/014785236963,20250811
<b>가산동 맛집</b> 가산동닭한마리 추운날 따뜻한 국물 최고b,https://blog.naver.com/ableshs/223024610556,<b>가산동 맛집</b> 가산동닭한마리 추운날 따뜻한 국물 최고b 02.18 가산동닭한마리 안녕하세요! 혐섬입니다 *.* 지난 주말 최씨 옷사러 마리오갔다가 저녁으로 닭한마리 먹은 후기 남겨요! 가산동닭한마리 닭한마리... ,혐서미의 일상 ; 로그온,blog.naver.com/ableshs,20230222
<b>가산동 맛집</b> 점심 저녁 언제든 좋은 슬로가든&amp;까몬... ,https://blog.naver.com/dnu50/224006270386,<b>가산동 맛집</b> 점심 또는 저녁 먹을만한 맛집 찾는다면 슬로가든&amp;까몬 가산디지털단지역점 추천합니다. #슬로가든까몬 #가산디지털단지역맛집 #가산맛집 #가산고기집 #가산회식장소 #가산디지털단지맛집... ,안녕하선영 _ 우당탕탕 좌충우돌 :),blog.naver.com/dnu50,20250913
<b>가산동 맛집</b> 금천구 맛집 화덕구운고등어,https://blog.naver.com/hoiz89/223861405026,"#<b>가산동맛집</b> #금천구맛집 #가산디지털단지역맛집 #가산동고등어 #금천구고등어 상호 : 화덕구운고등어 주소 : 서울 금천구 시흥대로153길 95 지상1층, 서울 금천구 가산동 150-1 영업시간 : 월 ~ 토, 10:30 ~ 22:00... ",호리사욕,blog.naver.com/hoiz89,20250510
<b>가산동 맛집</b> &lt;중화요리 연 가산역점&gt;,https://blog.naver.com/ekfkawnl0706/224043624072,가산동 직장인 분들 적극추천! 분위기도 좋죠?? 한번 가보시면 후회없으실겁니더 ~~ 잘먹고갑니다 감사합니다 !!! #가산맛집 #가산역맛집 #<b>가산동맛집</b> #가산디지털단지역 #가산디지털단지역맛집 #중화요리연... ,행복을 공유합니다 !,blog.naver.com/ekfkawnl0706,20251016
[서울/<b>가산동</b>] 가산디지털단지 <b>맛집</b>|가산통통생고기,https://blog.naver.com/91427ib/223219707530,저녁 방문 예정인 분들 꼭 예약하고 방문하는 걸 추천합니다!!! #가산디지털단지맛집 #가산디지털역맛집 #가산맛집 #가산점심맛집 #<b>가산동맛집</b> #가산디지털단지회식 #가산회식장소 #금천구맛집 #가산동회식,햅삐라잇,blog.naver.com/91427ib,20230923
<b>가산동</b>점심 여의도불맛쭈꾸미 가산점에서 매콤하게 해결,https://blog.naver.com/onso_home/224085446847,#가산동점심 #가산직장인점심 #<b>가산동맛집</b> #쭈꾸미볶음맛집 #가산현대아울렛맛집 #가산동쭈꾸미맛집 #가산동점심특선 #가산동점심메뉴 #가산동점심추천 #여의도불맛쭈꾸미,온소로그,blog.naver.com/onso_home,20251123
"[<b>가산동</b>]가산디지털단지역 숨은<b>맛집</b>.세라즈피자펍 피자, 파스타... ",https://blog.naver.com/writeherh/224079983791,세라즈 #세라즈피자 #가산피자맛집 #가산파스타맛집 #가산수제맥주 #피맥맛집 #봉골레파스타 #수제맥주플라이트 #가산동 피자 #가산직장인맛집 #<b>가산동 맛집</b> #피자맛집 #파스타맛집 #가산피자 #가산맛집 #가산술집,그녀H의 세상사는 이야기,blog.naver.com/writeherh,20251118
<b>가산동 맛집</b> - 스시쥬베이(참치뱃살초밥),https://blog.naver.com/herohwangsae/222786773674,"최근 발견한 <b>가산동</b> 초밥 <b>맛집</b>. <b>가산동</b> 스시쥬베이. <b>가산동</b> 현대아울렛, <b>가산동</b> 주민센터 근처이다. 우연히 발견한 <b>맛집</b>이라 더 끌린다. 집에서 먹을라고 포장주문을 했다. 오늘의 메뉴는 참치뱃살초밥.... ",무적황새의 세계여행기록&맛집투어,blog.naver.com/herohwangsae,20220624
<b>가산동 맛집</b> 덕승루 양고기 모듬으로 즐기기,https://blog.naver.com/yyuu9393/222864417739,<b>가산동 맛집</b> 덕승루 양고기 모듬으로 즐기기 안녕하세요오 오늘은 <b>가산동 맛집</b>인 덕승루에서 양고기 모듬이랑 새우 만두랑 양고기옥수수탕면먹은 후기를 들고왔습니닷&gt;&lt; 굽기 전의 양고기 모듬 사진 먼저... ,즐거운 일상,blog.naver.com/yyuu9393,20220901
<b>가산동 맛집</b> 찌바 : 직장인 점심 먹기 좋은 쌀국수,https://blog.naver.com/hy1549/223925247271,술먹고 점심에 해장하러 가면 최고인 메뉴랍니다 <b>가산동</b> 점심 <b>맛집</b> 찌바 찌바는 가산디지털단지역 7번 출구 에서 12분 거리에 있구요 주차도 가능해요! 4인 테이블이 기본이라 12시에 가면 자리가 없기도... ,술이수리마술이,blog.naver.com/hy1549,20250707
"가산점] <b>가산동</b> 족발 불족발 <b>맛집</b>｜포장 시 2,000원 할인",https://blog.naver.com/hmnnowk/224013887255,"안녕하세요 가산동 족발 맛집 족발야시장 무청감자탕 소개해 드릴게요 일반 족발과 불족발 그리고 막국수까지 거를 거 없이 전부 다 맛있는 <b>가산동 맛집</b>입니다 포장 시에는 2,000원 할인까지... ",en mi mente,blog.naver.com/hmnnowk,20250919
"<b>가산동</b> 아울렛 주변 <b>맛집</b>, 콤보 B 플레이트 이용 후기",https://blog.naver.com/angela881112/223553073116,서울 가산동 속의 작은 멕시코 호세가 가산점이예요 #가산멕시칸음식 #멕시칸푸드 #가산디지털단지역맛집 #<b>가산동맛집</b> #가산아울렛맛집 #금천구타코맛집 #금천구맛집 #가디맛집 #가디역맛집 #가산데이트... ,쑥덕숙덕 레시피,blog.naver.com/angela881112,20240819
<b>가산동 맛집</b> 한우차돌삼합 조합이 너무 좋은 고기집 기영상회,https://blog.naver.com/pjs_tkd/223788506084,방문한 가산동 고기집 영흥식 차돌삼합 조합이 정말 맛있는 맛집 기영상회에 방문했어요 메인샷... 외관 <b>가산동 맛집</b>인 정직한 고기집 기영상회는 엄청 깔끔하고 고급스런 외관이 눈에 확 들어오더라고요... ,박사범의 행복한 하루,blog.naver.com/pjs_tkd,20250308
"독산역맛집 - 계부심 (메뉴, 가격) : 숯불닭구이 <b>가산동맛집</b>",https://blog.naver.com/i_am_korean/223381444594,"독산역맛집 - 계부심 (메뉴, 가격) : 숯불닭구이 <b>가산동맛집</b> 유난히 바쁜 3월... 퇴근하고 맛있는 걸로 에너지를 채워주지 않으면 다음날 출근은 불가능할 지경이라 맛있는 것중에서도 맛있는 걸로 저녁... ",소담스러운 일상,blog.naver.com/i_am_korean,20240312
<b>가산동</b> 닭한마리_ 몸보신 하기 좋은 가산 현대아울렛 <b>맛집</b> 추천,https://blog.naver.com/luvdunk/223112246658,바글바글~~ #가산동닭한마리메뉴판 #가산현대아울렛맛집 #<b>가산동맛집</b> 닭한마리집인만큼 딱 닭한마리!와 닭도리탕만 팔고 점심에는 닭곰탕과 닭칼국수를 특선메뉴로 판다. 직장 동료들은 해장으로 닭곰탕... ,레이라Days:) Always Raylatic!!,blog.naver.com/luvdunk,20230526
[<b>가산동맛집</b>] 푸짐한 해물이 한상가득 : 해물 별주부전,https://blog.naver.com/im_youri/120191908692,[가산디지털단지역맛집] 푸짐한 해물이 한상가득 : 해물 별주부전 정말 오랜만에 양화랑 유진언니... 저희 집에서 멀어서라는 소심한 마이너스...ㅋ ▲ <b>가산동맛집</b> 별주부전 서울시 금천구 가산동 145-15 / 02-856... ,솔직담백 Reality ♪,blog.naver.com/im_youri,20130612
<b>가산동</b> 삼겹살 <b>맛집</b> 도을생고기집 다녀왔어요,https://blog.naver.com/eajoeh/223900109223,끝나고 선선한 저녁에 맥주 한잔하면서 삼겹살 구워먹기 좋은 도을생고기집! <b>가산동맛집</b>으로 추천드립니다! #가산동삼겹살 #도을생고기집 #<b>가산동맛집</b> #가산맛집 #가산동삼겹살맛집 #가산동고기집 #가산고기,아무말대잔치,blog.naver.com/eajoeh,20250615
"<b>가산동맛집</b> 발견! 맛도 좋고, 양도 많은 가산 곱창 맛집 &lt;문정곱창&gt;",https://blog.naver.com/inju00/223246304823,곱창 맛집은 없어서 아쉬웠는데 발견했도다. 이 곳은 <b>가산동맛집</b> '문정곱창' 되시겄다. 가산... 주문하신 모둠곱창 4인 나왔습니다~ 가산동에서 오랜 시간 가게를 하셨다고 했다. 사장님의 뚝심이 재료나 음식... ,먹고 마시고 여행하는 진주정뱅이,blog.naver.com/inju00,20231025
가산디지털단지역 회식 추천 :: 포미가 <b>가산동 맛집</b>,https://blog.naver.com/iamjieun2/223211985514,ㅜㅜ 가산동 직장인은 이런 맛집이 있어서 젤로 행복하다니깐요. 이날도 얼마나 회사 스트레스를 다... 14:30-16:30 #포미가 #포미가가산 #가산디지털단지역맛집 #<b>가산동맛집</b> #가산회식장소 #가디역맛집... ,배키네 맛동산,blog.naver.com/iamjieun2,20230915
"<b>가산동</b> 수제버거 <b>맛집</b>, 언타이틀버거 올데이버거 후기",https://blog.naver.com/snetty/224021586586,"<b>가산동</b> 수제버거 <b>맛집</b>, 언타이틀버거 올데이버거 후기 주말 점심 메뉴 고민하다가 다녀온 수제버거 <b>맛집</b>~!! 언타이틀버거 광고 아니고, 제 돈 주고 사 먹은 내 돈 내산 후기입니다 ㅎㅎ 외관부터 모던하고 심플한... ",천사린의 해피바이러스,blog.naver.com/snetty,20250925
[서울/가산] 가산디지털단지역 회식하기 좋은 <b>가산동 맛집</b> 포미가,https://blog.naver.com/reyia/223202421479,"어묵양도 꽤 많아서 푸짐하게 즐기기도 좋더라구요 가산디지털단지역 회식 맛집, <b>가산동 맛집</b>으로 잘 알려진 깔끔한 편백찜을 즐길 수 있는 곳이었는데요 제공된 메뉴들도 다 푸짐하고 맛있었고 가성비도... ","reyia, 소소한 일상의 즐거움",blog.naver.com/reyia,20230904
<b>가산동맛집</b> 구워주는 고기집 로 ROH 분위기 좋은곳,https://blog.naver.com/ucalynamoo/223642462453,가산디지털단지역이베리코맛집 #가디역이베리코맛집 #가산회식장소추천 #가산역회식장소추천 #<b>가산동맛집</b> #금천구고기집 #가산동고기집 #가산동삼겹살 #서로이웃 #이웃환영 #서로이웃추가환영,✨하얀나비 맛집블로그✨,blog.naver.com/ucalynamoo,20241101
<b>가산동 맛집</b> 양갈비 마라탕 전문점 라복궁,https://blog.naver.com/sailorsaturn/222763591198,가성비도 좋고 양도 많고 맛까지 좋아 적극 추천하고 싶어요. 단체 회식장소로도 좋은~라복궁 마라탕&amp;마라샹궈 #<b>가산동맛집</b> #가산동양갈비 #가산양고기 #마라탕 #라복궁 #가산동마라탕 #가산동양고기 #가산맛집,카카오썬 살롱,blog.naver.com/sailorsaturn,20220607
<b>가산동 맛집</b> 물갈비&amp;백년불고기 소불고기 점심,https://blog.naver.com/nora_nori/222855865366,"산더미 불고기로 유명한 <b>가산동 맛집</b>, 가산 물갈비 &amp; 백년불고기에서 점심식사! &amp; 가산디지털단지는 지역 특성상 주말에 영업을 안하는 식당들이 많아요. <b>가산동맛집</b>이라고 주말에 갔다가 그냥 돌아오게되는... ",나노씨 생활블로그♬,blog.naver.com/nora_nori,20220823
<b>가산동 맛집</b> 고소하고 신선한 고퀄리티 냉삼 즐길 수 있는 곳,https://blog.naver.com/iamsemo/223111273700,가산디지털단지역 맛집 찾으시는 분들이라면 냅다청양집 꼭 놀러가보세요. #<b>가산동맛집</b> #냅다청양집가산디지털단지직영점 이 포스팅은 업체로부터 소정의 원고료를 제공받아 작성되었습니다,♪ 세몽의 마음을 비추는 공간 :),blog.naver.com/iamsemo,20230525
[<b>가산동맛집</b>] 아끼니꾸 전문점 '유후꾸',https://blog.naver.com/amlee74/100204115393,주말에 가산동 근처에 가신다면 참고해보세요. <b>가산동맛집</b> 유후꾸에서 동네탐정멜리 www.meli.co.kr 서울시 금천구 가산동 543-1 대성디폴리스 B동 123호 02-861-9592 주차가능,동네탐정멜리의 탐정놀이,blog.naver.com/amlee74,20140122
정백어가 가산퍼블릭점 <b>가산동맛집</b> 한식 메뉴 추천 주차 정보,https://blog.naver.com/ssp_22/223982554634,"이용 가능, 예약, 무선 인터넷, 포장, 남/녀 화장실 구분, 배달, 유아의자, 간편결제, 주차 #가산디지털단지역맛집 #<b>가산동맛집</b> #가산디지털단지밥집 #가산동밥집 #가산동생선구이 #정백어가가산퍼블릭점 #정백어가",1시간 전,blog.naver.com/ssp_22,20250825
동네술집 이라기엔 감성 넘치는 안주 <b>맛집</b> <b>가산동</b> 술집 추천,https://blog.naver.com/luuuuuucy/223552125928,다른 테이블에서 시킨 육회도 맛있어 보여서 진짜 담에 또 올 듯 열두시 넘어 집 가려는데 2차 3차 하러 오시는 분들 끊임없고 나만 몰랐던 <b>가산동 맛집</b>이였나 싶었어요 담엔 저녁 8시 이전에 가가 지고 이벤트... ,Lucete✨,blog.naver.com/luuuuuucy,20240818
맛집 의령메밀집에서 시원한 소바 먹고 가세요~! <b>가산동 맛집</b>... ,https://blog.naver.com/devops_sso/224033927487,하나까지 싹다 맛나게 먹었답니다 그리고 나갈 때 보니까 손님을 위한 서비스~ *궁금하신게 있으시면 댓글로 남겨주세요!* #가디맛집 #가디점심 #가산디지털단지점심 #의령메밀집 #<b>가산동맛집</b> &lt; 매장 위치 링크 &gt;,DevOps SSO,blog.naver.com/devops_sso,20251007
가산 샐러드 포케올데이 Poke all day <b>가산동맛집</b>,https://blog.naver.com/minjee1209/223250392153,건강한 <b>가산동맛집</b>을 찾으신다면 먹으러가기에 너무나도 좋을거같다 키오스크가 있어서 편하게 주문도... 가산 맛집 보신적있나요ㅠ 인테리어 아기자기하면서 하나하나 다 신경쓰신 느낌이랄까 포케먹으러... ,순간의순간,blog.naver.com/minjee1209,20231030
"<b>가산동 맛집</b>, 식사 또는 소주 한잔과 좋은 가산물갈비... ",https://blog.naver.com/maydam/223067451490,아직 더 남았지만 불판에 있는건 다 먹고 배불러서 산책 30분 했답니다 흐흐 이곳을 떠나기전 <b>가산동 맛집</b> 다음에 남표니 데려가야겠어요 #가산디지털단지역맛집 #<b>가산동맛집</b> #가산디지털단지맛집,"봄처럼 도담도담,봄을 담다",blog.naver.com/maydam,20230407
"가산디지털단지역쌀국수 <b>맛집</b>, 직장인 <b>가산동</b>점심으로 추천",https://blog.naver.com/cyb4648/224065692834,"가산디지털단지맛집 골목 근처 ⏰ 영업시간 11:00 ~ 20:30 (라스트오더 20:00) 매 주 토요일, 일요일... 가산동점심이나 저녁식사로 정말 추천드립니다. 쌀국수 좋아하신다면 <b>가산동맛집</b> 리포브릭 꼭 한 번... ",메룸메룸ㅋㅋ,blog.naver.com/cyb4648,20251105
<b>가산동</b> 마리오아울렛<b>맛집</b> 콘타이 태국식 무카타 추천,https://blog.naver.com/blueberry_1119/224061312616,콘타이 마리오아울렛점 가산동쌀국수ㅣ <b>가산동맛집</b> ㅣ마리오아울렛맛집 태국식 불고기인 무카타를 먹을 수 있는 곳이 있다고 해서 주말에 다녀왔습니다. 콘타이 마리오아울렛점인데요. 넓은 이국적분위기... ,보석트리 탐구생활,blog.naver.com/blueberry_1119,20251101
자전거 <b>맛집</b>기행 54_팔람까오_<b>가산동</b> 태국음식점,https://blog.naver.com/guide_p/222859362349,* 주소 : 서울 금천구 서부샛길 606 대성디폴리스 217 #팔람까오 #안양천맛집 #<b>가산동맛집</b> #가산동태국음식점 #안양천태국음식점 #가산디지털태국음식점 #가산디지털단지역맛집 #철산대교맛집... ,의미있는 삶,blog.naver.com/guide_p,20220827
<b>가산동</b>이자카야 숙성사시미<b>맛집</b> '진케이',https://blog.naver.com/sootsajalife/223913558871,추천합니다 #가산이자카야 #가산숙성회 #가산숙성회맛집 #가산맛집 #가디이자카야 #가산디지털단지이자카야 #가산이자까야 #가산동이자까야 #가산이자까야 #<b>가산동맛집</b> #가디이자까야 #가디숙성회 #가디술집... ,숱사자의 일상,blog.naver.com/sootsajalife,20250627
가산디지털단지역맛집 쌀국수 까몬 <b>가산동 맛집</b> 점심 메뉴,https://blog.naver.com/candor_/224006160440,맛집입니다. 베트남식 등갈비인 랭쌥은 처음 먹어봤는데 고기 양도 많고 살도 완전 부드럽더라고요! 4인 이상이라면 하나 시켜서 쉐어해 먹는 것을 권해드려요. 위치 가산디지털단지역 <b>가산동 맛집</b> 점심으로... ,운동하는 직장인 주리링의 건강한 의미부여,blog.naver.com/candor_,20250913
<b>가산동맛집</b> W몰 맛집 트래블앤쿡 넘 맛있어요:),https://blog.naver.com/yh020581/220776958169,<b>가산동맛집</b> W몰 맛집 트래블앤쿡 넘 맛있어요:) 통오징어떡볶이 고르곤졸라피자 함박스테이크 맛집 지난주에 동네 웅이 유치원 동갑내기 엄마들과 가산동 패션아울렛인 W몰에 맛집으로 소문난 트래블앤쿡에... ,jejuhada 디자인 그리고 제주 한라봉 농장,blog.naver.com/yh020581,20160801
[서울/<b>가산동</b>] 김명태 매운갈비찜(독산동<b>맛집</b>),https://blog.naver.com/91427ib/222869480701,아울렛 인근에 있어서 쇼핑하고 먹기도 좋아요 #가산현대아울렛맛집 #독산W몰맛집 #<b>가산동맛집</b> #가산디지털단지맛집 #독산동맛집 #디지털오거리 #가산아울렛 #가디 #갈비찜 #독산동 #가산동 #매운갈비찜,햅삐라잇,blog.naver.com/91427ib,20220907
<b>가산동맛집</b> 라복궁 마라탕&amp;마라샹궈 왕푸짐 양고기 모듬 한판,https://blog.naver.com/sovediary/223094532208,<b>가산동 맛집</b> 라복궁 마라탕 &amp; 마라샹궈 #소브의추천맛집 &amp; 라복궁 양갈비&amp;마라샹궈 질 좋은 양고기를 착한 가격에 든든하게 영업시간 매일 15:00 - 02:00 전화 0507-1367-9906 위치 가산디지털단지역 3번 출구에서 926m... ,소브 일기장,blog.naver.com/sovediary,20230505
명서쿠 가산디지털단지직영점｜<b>가산동</b>일식 <b>맛집</b> 회식장소로 딱 !,https://blog.naver.com/raccoon_candy/223947201259,(1시간 30분 지원) #가산디지털단지역라멘 #가산디지털단지역이자카야 #가산디지털단지역일식 #가산디지털단지역맛집 #가산맛집 #<b>가산동맛집</b> #가산동일식 #가산동라멘 #가산동회식장소 #가산디지털단지역데이트,수상한 솜사탕을 씻은 너구리,blog.naver.com/raccoon_candy,20250725
<b>가산동맛집</b> 깔끔한 생선구이 정식이 맛있는 정백어가... ,https://blog.naver.com/maximum93/223918541416,있는 가산동밥집 <b>가산동맛집</b> 정백어가 정백어가 메뉴 구이 외에도 알탕이나 대구(지리)같은 메뉴들도... 가산맛집 실내에도 생선 비린내나 이런게 하나도 안 나서 페브리즈는 구경만 했다 깔끔하게 생선구이... ,기록된 순간,blog.naver.com/maximum93,20250701
<b>가산동 맛집</b> - 서울막창,https://blog.naver.com/herohwangsae/223375837508,<b>가산동</b>에서는 푸르지오시티 상가에 먹을 곳이 많다. 내가 좋아하는 진케이도 이곳에 있다. 오늘은 서울막창. 파막창이 있다고해서 방문했다. 낮시간이라 저녁장사 준비중이신듯. 들어서자마자 돼지부속냄새가... ,무적황새의 세계여행기록&맛집투어,blog.naver.com/herohwangsae,20240307
가산디지털단지역<b>맛집</b> <b>가산동</b>일식집 라멘 돈카츠 점심식사... ,https://blog.naver.com/junghr0308/224072743549,오늘도 완밥을 했습니다ㅋㅋㅋㅋㅋㅋㅋ #가산디지털단지역일식 #가산디지털단지역맛집 #<b>가산동맛집</b> #가산동일식집 #가산동점심추천 #가산디지털단지열라멘 #가산디지털단지점심 #가산디지털단지역야식추천,혬원하다,blog.naver.com/junghr0308,20251111
계절밥상 진짜 식재료를 만나다! 장터 <b>가산동맛집</b>,https://blog.naver.com/letter001/90183166985,"장터 <b>가산동 맛 집</b> 계절 밥상 이름에서부터 무언가 느껴지는 그냥 맛집이 아닌 대단한 스토리가 있는... 공휴일 : 22,900원 <b>가산동 맛집</b> W몰에 지하 1층에 위치한 계절 밥상 서울 금천구 가산동 60-27번지 W-Mall... ",'당신의 브랜드를 디자인하다' 디자인한스푼,blog.naver.com/letter001,20131020
<b>가산동 맛집</b> 문정곱창  염통서비스+야채무한리필로 가산 직장인... ,https://blog.naver.com/ha_yo9802/224062717614,가산본점은 가산동 직장인들 사이에서 회식장소로 인기가 많은 가산곱창맛집이에요 염통 서비스와... 편이에요 가산동에서 곱창이나 막창을 찾는 분들께 추천드릴 만한 곳입니다 <b>가산동 맛집</b> 문정곱창 위치는... ,HY NOTE,blog.naver.com/ha_yo9802,20251103
가산디지털단지 맛집 쌀국수 슬로가든앤까몬 <b>가산동 맛집</b>,https://blog.naver.com/yuzzang117/224018804024,안녕하세요:) 오늘은 <b>가산동 맛집</b>을 소개하려고 해요. 가산디지털단지에 위치한 슬로가든까몬은... 싶었던 가산동 쌀국수 맛집 까몬ㅋㅋ 총평 기대했던 것 만큼이나 음식이 맛있는 가산디지털단지 맛집이에요.... ,쫑블리의 슬기로운 잇팅 라이프,blog.naver.com/yuzzang117,20250923
<b>가산동맛집</b> 델리커리 가산현대아울렛점 카레 추천,https://blog.naver.com/sailorsaturn/222914677194,"(라스트오더 20시) 금-일 11:00-21:30 (라스트오더 20:30) #가산디지털단지역맛집, #가산현대아울렛맛집, #가산맛집, #가디맛집, #<b>가산동맛집</b>, #가산점심, #가디점심, #가산동점심, #델리커리가산현대아울렛점, #델리커리",카카오썬 살롱,blog.naver.com/sailorsaturn,20221030
<b>가산동</b> 술집 가산디지털단지<b>맛집</b> 통파이브 치맥뿌셔,https://blog.naver.com/n468700/223204401255,ㅋㅋㅋㅋ #가산동술집 #가산디지털단지맛집 #가산디지털단지역맛집 #금천구술집 #금천구데이트 #가산맛집 #금천구회식 #<b>가산동맛집</b> 메뉴가 진짜 다양하다~~~ 뭐먹을까 까하다가 이날... 사실 뭘 제대로 먹은게... ,나의 최선이 최고의 날을 선사하기를,blog.naver.com/n468700,20230906
<b>가산동 맛집</b> 포미가 포세트 와규샤브전골 후기,https://blog.naver.com/moon_yona/223272120728,<b>가산동 맛집</b> 포미가 와규샤브전골 후기 가산 회식장소 추천 포미가 위치 안내:서울 금천구... 그래서 오늘은 아이들도 좋아하고 특히 제가 너무나 좋아하는 샤브 전골 맛집을 다녀와 후기를 남겨보려고... ,ѕυa x cнan 매일이 여행ෆ,blog.naver.com/moon_yona,20231122
<b>가산동맛집</b> 콘타이... 태국 왕자님도 다녀간 무카타 맛집!,https://blog.naver.com/tkdska444/224057053033,콘타이 마리오아울렛점을 추천드리고 싶어요 신메뉴 무카타는 꼭 도전해보세요 태국의 정취와 맛을 그대로 느낄 수 있을 거예요 #가산동쌀국수 #<b>가산동맛집</b> #가산디지털단지역맛집 #구로동맛집 #마리오아울렛맛집,로이로그,blog.naver.com/tkdska444,20251028
[가산디지털단지] 가산물갈비&amp;즉석소불고기 - <b>가산동 맛집</b>... ,https://blog.naver.com/nmj617/224012160151,<b>가산동</b>에 <b>맛집</b>이 많은데 그 중에서도 각종 방송과 가산 직장인들 사이에서 <b>맛집</b>으로 입소문 난 가산디지털단지 <b>맛집</b> 가산물갈비&amp;즉석소불고기 평소 엄마도 나도 물갈비를 안 먹어봐서 주말 점심에 맛있는... ,소소한 기록들♡,blog.naver.com/nmj617,20250917
금천구 <b>맛집</b> <b>가산동</b> 생선구이 <b>맛집</b> 화덕구운고등어,https://blog.naver.com/mkzblog/223861400574,#<b>가산동맛집</b> #가산동생선구이 #가산동화덕구이 #가산동고등어구이 #가산동밥집 #가산동저녁맛집 #가산동점심추천 #가산동식당 #가산동한식맛집 #가산동생선정식 #금천구맛집 #금천구생선구이 #금천구화덕구이... ,MKz Blog,blog.naver.com/mkzblog,20250510
<b>가산동맛집</b> 매운갈비찜은 앞으로 여기서 먹어야쥐!... ,https://blog.naver.com/angela881112/223457101580,#매운갈비찜 #가산동갈비찜 #가산동매운갈비찜 #<b>가산동맛집</b> #금천구맛집 #가산디지털맛집 #독산동맛집 #치즈매운갈비찜 집근처에 김명태매운갈비찜이 있어서 맨날 지나가면서 봤었는데 드디어 오늘... ,쑥덕숙덕 레시피,blog.naver.com/angela881112,20240524
가산디지털단지 점심 맛집 추천 <b>가산동맛집</b> 봉추찜닭 가산역점,https://blog.naver.com/014785236963/223976595202,#가산디지털단지점심맛집 #가산디지털단지맛집추천 #가산디지털단지역맛집 #가산디지털단지맛집 #<b>가산동맛집</b> #봉추찜닭 #봉추찜닭가산역점 #가산디지털단지역찜닭 #가산디지털단지점심... ,토볼 블로그 : 요리 맛집 ₍ᐢ.ˬ.ᐢ₎❤️,blog.naver.com/014785236963,20250820
<b>가산동 맛집</b>(가산디지털단지) - 스시쥬베이,https://blog.naver.com/herohwangsae/222741816787,"<b>가산동</b> 새로운 <b>맛집</b> 발견. 일단 가게 이름은 스시 쥬베이. 스시집이다. <b>가산동</b> 주민센터, 현대아울렛 근처이다. 후기 사진을 보고는 완전 맛있겠다 싶어서 방문해 보았다. 주방장님 앞 좌석도 있고 테이블도... ",무적황새의 세계여행기록&맛집투어,blog.naver.com/herohwangsae,20220522
가산디지털단지 <b>가산동 맛집</b> 김명태 매운갈비찜,https://blog.naver.com/dykong950728/224040682909,"가산디지털단지 <b>가산동 맛집</b> 김명태 매운갈비찜 안녕하세요 공도에요 :-) 연휴 잘 보내셨나요? 연휴가... 저는 연휴때 정말 맛있는 음식들을 많이 먹고 왔는데, 그 중에서도 세 손가락안에 꼽히는 TOP3 맛집이... ",세계정복을 꿈꾸는 여대생,blog.naver.com/dykong950728,20251014
<b>가산동</b> 숙성 한돈 <b>맛집</b> ‘육뜸’ — 숯불 향 가득한 회식 <b>맛집</b>... ,https://blog.naver.com/jung__ws/224066301740,"이번 방문은 체험단으로 진행했지만, 다음엔 제 돈 주고 또 갈 만큼 진심으로 만족스러운 맛집이었어요  ⸻ ️ 해시태그 #<b>가산동맛집</b>주차 #서울고기맛집 #서울맛집 #금천구맛집 #맛집추천 #서울핫플 #가산회식... ",jung_s,blog.naver.com/jung__ws,20251106
<b>가산동</b> 경호회사 가디어스 직원이 뽑은 <b>맛집</b>은?! 경호원... ,https://blog.naver.com/ladyguard119/223485298796,출출하다면 또 라면까지 흡입!! 여러분들도 맛난 음식 많이 드시고 힘찬 하루 시작하시길 바라겠습니다 :) #<b>가산동맛집</b> #퍼블릭가산맛집 #가산디지털단지 #가산동경호업체 #내돈내먹 #솔직후기,GKEEM,blog.naver.com/ladyguard119,20240624
<b>가산동 맛집</b> 의령메밀집 / 시원한 슬러쉬 냉육수가 나오는 곳,https://blog.naver.com/so_4368/223976857805,가산에 은근 이런 다이어트 메뉴 없는데 ㅠㅠㅠㅠ좋더라구요! 헤헤 다음에 오면 꼬옥 메밀김밥 주문해봐야지~~ #가산다이어트<b>맛집</b> #가디<b>맛집</b> #가디메밀면 #가디메밀소바 #<b>가산동</b>혼밥 #<b>가산동</b>점심,여행맛집로그,blog.naver.com/so_4368,20250820
<b>가산동 맛집</b> 매드포갈릭 추천메뉴 : 호불호없는 선택,https://blog.naver.com/bosughom88/223097803896,"<b>가산동 맛집</b> 매드포갈릭 추천메뉴:호불호없는 선택 저희는 매드포갈릭을 무척이나 좋아하는데요~! 이번 어린이날&amp;어버이날을 기념해 동생, 엄마와 다같이 다녀왔어요! 그나저나 원래 맛집이기도 하지만 특별한... ",쿠루미의 일상다반사,blog.naver.com/bosughom88,20230513
<b>가산동맛집</b> 찾으신다면 양갈비맛집 &lt;라복궁 가산본점&gt;,https://blog.naver.com/b0s2chloe/224045457617,"다녀온 맛집 중에서 제일 마음에 들었던 &lt;라복궁 가산본점&gt; 후기를 포스팅 해봤는데요, 음식이 맛있는건 물론이고 사장님과 직원분들 다 너무 친절하셔서 음식 먹는 동안 편안해서 좋았어요. <b>가산동맛집</b>, 가산동... ",클로이는 일상중,blog.naver.com/b0s2chloe,20251018
가디역 가산퍼블릭 <b>맛집</b> 정백어가 솥밥 <b>가산동</b> 생선구이,https://blog.naver.com/spr0878/224009225664,"번거로운 생선구이를 깔끔하게 즐기고 싶은 분 조림, 제육과 같이 가산동 솥밥집 찾고 계시는 분 주차 편하고 내부 인테리어도 깔끔한 <b>가산동 맛집</b> 찾으시는분 가산디지털단지역 맛집 '정백어가' 추천드려요",그로잉패런트,blog.naver.com/spr0878,20250915
가디역 <b>맛집</b> / <b>가산동</b> 필수 코스!! 최애 라멘집 소개... ,https://blog.naver.com/cakefiesta/224057001581,#가산맛집 #가산일본라면 #<b>가산동맛집</b> #가산동일본라면 #가산동핫플 #가디맛집 #가산라멘 #가산디지털단지라멘 오늘도 맛집 리뷰로 찾아왔어요 이번에는 제가 정말 자주가기도하는 최애 가산 라멘 가게를... ,Melon. Blog.,blog.naver.com/cakefiesta,20251028
라복궁 - 양갈비와 마라탕이 맛있는 <b>가산동맛집</b>,https://blog.naver.com/firechris/222894319331,양고기가 먹고 싶을 때 가산동양고기 라복궁이 또 생각날 것 같습니다. #<b>가산동맛집</b> #가산동양고기 #가산동양갈비 #가산동마라탕 #양고기 #양갈비 #마라탕 #마라샹궈 #신세계체험단,Unforgettable..,blog.naver.com/firechris,20221007
금천<b>맛집</b> <b>가산동</b>양고기 라복궁 양갈비,https://blog.naver.com/funny9942/224063943694,금천<b>맛집</b> <b>가산동</b>양고기 라복궁 가산본점 안녕하세요 써니입니다 :) 요즘 날씨가 선선해지면서 뜨끈한 국물과 잘 구운 고기가 자꾸 생각나 더 늦기 전에 다녀온 곳이에요. 평일 저녁에 가산디지털단지 근처에서... ,써니의 데이트립,blog.naver.com/funny9942,20251104
<b>가산동 맛집</b> - 마라홀릭,https://blog.naver.com/herohwangsae/223184822693,<b>가산동</b> 마라홀릭. 체인점이지만 맛있는 체인점이 있다. 내가 이동네서 잠시 살때 자주 먹었던 곳이다. <b>가산동</b> 센트럴 푸르지오시티 건물에 있다. 주차 2시간 무료. 점심시간이 되면 보다시피 만석이 된다. 완성... ,무적황새의 세계여행기록&맛집투어,blog.naver.com/herohwangsae,20230816
"<b>가산동맛집</b> 셰프의 국수전 :: 추울 땐, 역시!",https://blog.naver.com/bonoguma/140201793258,가산디지털단지역에서 이어진 우림라이온스밸리 A동 지하에 위치한 <b>가산동 맛집</b> 셰프의 국수전! 추운날... 더라구요:) 집에서 멀어 자주는 못가고 국수 먹고 싶은 날에는 붕붕 달려가는 <b>가산동 맛집</b> 셰프의... ,매일매일이 선물,blog.naver.com/bonoguma,20131129
<b>가산동 맛집</b> 후기 한옥집 숯불갈비 서울본점,https://blog.naver.com/mingu_u99/223859778857,#<b>가산동맛집</b> #독산고개역맛집 #숯불갈비맛집 #육회맛집 #참기름장소스 #지팡갈비맛집 #가산데이트 #가산혼밥 #가산모임장소 #한옥집숯불갈비 #서울본점 #가산핫플레이스 #가산추천맛집 #금천구맛집... ,새벽에 생각나는 모든 것,blog.naver.com/mingu_u99,20250509
<b>가산동맛집</b> | 동대문털보네 소갈비 맛있는 고기집 회식 장소 추천,https://blog.naver.com/sksgp/223709292780,이렇게 맛있는 <b>가산동맛집</b> 동대문털보네! 가산동 고기집 찾으시면 꼭 한번 방문해보세요~ 왜 인기가 많은지 알 것 같았습니다! 오늘도 맛깔나는 클립을 준비해봤어요! ⓒ 2024. 민슈냥. All Right Reserved. 해당... ,일상쓰는 어른이,blog.naver.com/sksgp,20241230
<b>가산동 맛집</b> 금천구 샤브샤브  무한리필 신선한 야채가 가득한... ,https://blog.naver.com/tnlyu/223576687781,#<b>가산동맛집</b> #가산동샤브샤브 샤브쌈주머니 신선한 야채가 가득한 샤브샤브 무한리필 글.사진 ⓒ애린... 여기가 아이스크림 맛집이라고 해도 될 만큼 저는 이집 아이스크림이 맛있더라구요.ㅎㅎ 부드럽고... ,애린이네,blog.naver.com/tnlyu,20240908
<b>가산동</b> 곱창 <b>맛집</b> 벽돌곱창 가산점,https://blog.naver.com/wep17/223793263729,곱창러버로써 <b>가산동</b> 동네에 새로생긴 곱창집은 가봐야지~ 하면서 오픈소식 듣자마자 달려갔던 벽돌곱창 가산점 <b>가산동</b> 곱창 <b>맛집</b>으로 추천합니다 8명이서 같이갔는데 다들 너무 맛있게 먹고 재방문했다!... ,YUN :D REC,blog.naver.com/wep17,20250312
가디 <b>맛집</b> 추천 <b>가산동</b> 호세가,https://blog.naver.com/naaaming_/223637089332,"가디 맛집 추천 가산동 호세가 가디 맛집 호세가! 프랜차이즈 천국 회색빛 동네 가산동 같지 않은... <b>가산동 맛집</b> 호세가 이용 팁! 팁이라 하기 머쓱하지만, 가디 맛집 호세가에서는 리뷰 이벤트 공지를 대강... ",에브리데이 신나밍,blog.naver.com/naaaming_,20241028
"<b>가산동 맛집</b> 신성두부촌(제육&amp;손두부, 만두 흡입!)",https://blog.naver.com/ladyguard119/223593037589,나름 <b>맛집</b>들을 많이 찾아다니고 있습니다 무엇보다 잘먹어줘야 또 고객님들을 지키러 가니까요 신성두부촌은 가디어스 사무실이 있는 <b>가산동</b>에서도 진짜 찐으로 맛있는 집이에요 이름에서 알 수 있듯이 두부를... ,GKEEM,blog.naver.com/ladyguard119,20240923
[가디역/고기집]<b>가산동</b> 회식<b>맛집</b> 육로,https://blog.naver.com/vlfrysorrj/223832755309,다녀왔쥬~ <b>가산동 맛집</b> 육로 리뷰 시작할게요~~ 1. 위치 먼저 위치는 가산디지털단지역 2번출구로 나오면 바로 보이는 위치에 있어요. 그래서 가산동 회식맛집 찾으시거나 모임장소로 아주 굳이쥬. 주차는... ,노라노라의 외출,blog.naver.com/vlfrysorrj,20250414
"<b>가산동</b> 이자카야 <b>맛집</b>, 진케이 모듬사시미 대존맛",https://blog.naver.com/thddl0413/223914457385,추천 #진케이 #금천구이자카야 #금천구이자카야 #금천이자카야맛집 #금천구술집 #가산술집 #가산동술집 #금천구맛집 #<b>가산동맛집</b> #가산동술집추천 #가산혼술 #가산동혼술 #금천구혼술 #금천혼술... ,포비의 와인여행,blog.naver.com/thddl0413,20250628
"금천구 <b>가산동</b> 배달<b>맛집</b>, 존맛탱 피자 와일드 부터 고구려 중식... ",https://blog.naver.com/ladyguard119/223486649705,가산동 짜장면 맛집 고구려 언제먹어도 맛있는 짜장면! 그런데 더욱 맛있는 날은 역시 이사하는날... 찾아주세요 :) #명연기 #국밥회관 #와일드피자 #배달음식 #고구려중식 #jmt #구로냉면 #가산동냉면 #<b>가산동맛집</b>,GKEEM,blog.naver.com/ladyguard119,20240626
[금천구] <b>가산동맛집</b> :: 마포나루 가산디지털단지,https://blog.naver.com/jma9028/30166741182,준비되어있어요 ^^ <b>가산동맛집</b>/가산디지털단지맛집/마포나루/금천구맛집/가산동마포나루/마포나루토속음식점/마포나루닭도리탕 토속음식점다운 정감가는 인테리어의 마포나루 !! 테이블과 마룻바닥 골라... ,달미하우스,blog.naver.com/jma9028,20130426
<b>가산동 맛집</b> 호세가 가산본점에서 데이트,https://blog.naver.com/al807/223563390218,발견한 <b>가산동 맛집</b> 호세가 가산본점을 다녀왔어요 맛집이라면 역시나 피해 갈 수 없죠! 오후 7시쯤... 있었답니다 가산동에 이렇게 맛있는 멕시코 음식점이 있는 줄 몰랐어요! <b>가산동 맛집</b> 호세가 가산본점... ,밍콩월드,blog.naver.com/al807,20240828
[<b>가산동 맛집</b>] 볶음밥도 국수도 반미도 다 맛있다! ㅣ가산동... ,https://blog.naver.com/chuchu_riri/224073326840,오늘은 <b>가산동 맛집</b> 베트남 쌀국수집 찌바를 소개해 드리려고 합니다!! 처음에 추천받아서 간 곳인데... 위치&amp;주차 서울 금천구 가산동 345-13 가산디지털역과 독산역 사이에 위치하고 있어요! 역에서 완전... ,오늘도 주미롭게,blog.naver.com/chuchu_riri,20251112
<b>가산동</b> 수제튀김 <b>맛집</b> 이건형수제분식 (내돈내산/<b>가산동</b>분식... ,https://blog.naver.com/angela881112/223317660384,계셨답니당 #<b>가산동맛집</b> #가산동튀김맛집 #가산동수제튀김 #가산동떡볶이 #가산동분식 #두산위브근처맛집 #두산위브근처분식 저는 떡튀순세트와 꼬마김밥을 주문했어요 저는 튀김을 선호하고 남편은 순대를... ,쑥덕숙덕 레시피,blog.naver.com/angela881112,20240110
‘슬로가든&amp;까몬’ <b>가산동</b> 가성비 회식장소 소고기 <b>맛집</b> 룸... ,https://blog.naver.com/yyeong_2/224030742638,가산동 회사사람들은 좋겠네요 가산동 점심은 쌀국수 먹고 저녁에는 고기먹으로 슬로가든 까몬 오면 되니~~~ #<b>가산동맛집</b> #가산동점심맛집 #가산디지털단지맛집 #가산디지털단지회식장소... ,♥Wedding Day♥,blog.naver.com/yyeong_2,20251003
정백어가 가산퍼블릭점 후기 가산디지털단지역맛집 <b>가산동맛집</b>,https://blog.naver.com/noelle_9090/224023155809,"가산디지털단지역맛집을 찾다가 우연히 들어간 가산동생선구이 전문점을 소개해보려고 합니다. 사실 가산디지털단지역 주변은 직장인들이 워낙 많다 보니 <b>가산동맛집</b>이나 밥집이 즐비하지만, 그중에서도... ",락스타가 되고싶어,blog.naver.com/noelle_9090,20250927
<b>가산동 맛집</b> 야키니쿠 호챈,https://blog.naver.com/reminisce_719/223944309223,<b>가산동 맛집</b> 가산동 야키니쿠 호챈 동네에 야키니쿠집이 있었다. 한번 가보고 싶었는데 일요일이 휴무였다. 남편도 일요일 휴무다 보니 갈 기회가 없었는데 이번에 홍천갔다오면서 일월 이틀쉬어서! 월요일에... ,행복찾아 삼만리,blog.naver.com/reminisce_719,20250723
<b>가산동맛집</b> 정백어가 가산퍼블릭점 생선구이 최고,https://blog.naver.com/ssp_22/223943116788,"그래서 가산동밥집 찾는 분들한테는 더 추천하고 싶어요. 생선구이를 좋아하는 사람이라면 만족할 수밖에 없는 맛이었고, 회식이나 가족 외식 장소로도 좋을 것 같아요. 가산디지털단지역맛집이나 <b>가산동맛집</b>... ",1시간 전,blog.naver.com/ssp_22,20250722
가산 맛집 &quot;육개장인 가산디지털단지역 본점&quot; <b>가산동 맛집</b>,https://blog.naver.com/rhdiddlwja/223878940798,#<b>가산동맛집</b> #가산맛집 #가디맛집 #가산디지털역맛집 #가디밥집 #가산밥집 #가디직장인맛집 #가산디지털단지아침 #가산국밥 #육개장맛집 #육개장인 #가산점심 #가디점심,민트민트한 하루,blog.naver.com/rhdiddlwja,20250527
"<b>가산동맛집</b> 라복궁 양갈비... 믿고먹는 양갈비, 금천구마라탕맛집",https://blog.naver.com/jhw4950/223183426569,정말 행복한 하루의 마무리가 되었답니다!! #<b>가산동맛집</b> #금천구마라탕맛집 #라복궁 #가디점 #가산디지털단지 #마라탕 #양갈비 #소갈비 원래도 자주 갔었는데 이번에만!,아이린(Eileen)의 블로그,blog.naver.com/jhw4950,20230814
[<b>가산동맛집</b>] 생선구이가 땡긴다면 바로 이곳! '정가네구이가... ,https://blog.naver.com/jin980116/223053885686,"리뷰보는데 현지인 맛집이라고 극찬을 해서 더 궁금해졌다. 가산두산위브아파트, 센트럴푸르지오... 0507-1323-9646 영업시간 12:00 ~ 01:00 (Breaktime. 15:00 ~ 17:00) &amp; &amp; #가산동술집 #<b>가산동맛집</b> #가산동생선구이 #가산동포차",영상작가 & 사진작가의 맛집여행기,blog.naver.com/jin980116,20230323
[가산동/라멘]<b>가산동맛집</b> 명서쿠 가산디지털단지직영점,https://blog.naver.com/vlfrysorrj/223901024100,<b>가산동</b> 라멘 <b>맛집</b> 발견!!! 바로 이어서 국물체크도 해주구~ 진짜 국물도 입에 착 감기는 맛있는 맛이에요. 명서쿠 기본라멘은 살짝 칼칼하니까 맵찔분들은 참고하세요~ 차슈도 도톰쓰~ 게다가 고기 잡내 없이... ,노라노라의 외출,blog.naver.com/vlfrysorrj,20250616
<b>가산동</b> 점심 <b>맛집</b> : 평창육회 [육회비빔밥],https://blog.naver.com/6to8-/224001495231,"숨은 <b>맛집</b>을 찾아다니는 지도리입니다️ 오늘은 바쁜 직장인들에게 딱 맞는 <b>가산동</b> 점심 <b>맛집</b> &lt;평창육회&gt;를 소개해 드리려고 해요. 이곳은 육회비빔밥이 유명한데요, 주문과 동시에 빠르게 음식이 나와... ",여행하는 지도리,blog.naver.com/6to8-,20250912
가산디지털단지역맛집 <b>가산동맛집</b> 특허 비법육수 개운함이... ,https://blog.naver.com/dnwvemsza/224073661717,"가산디지털단지역맛집 <b>가산동맛집</b> 특허 비법육수 개운함이 미쳤어요 친구가 가산디지털단지역맛집 있다고 해서 같이 의령메밀집 가보기로 했어요! 평소에 메밀소바 엄청 좋아하는데, 친구가 여기 찐... ",웃음펄럭,blog.naver.com/dnwvemsza,20251112
금천 <b>가산동</b> 가산디지털단지역 <b>맛집</b>ㅣ백만그릇파스타,https://blog.naver.com/fbtldjawl/224035327375,#협찬 #금천맛집 #<b>가산동맛집</b> #가산맛집 #가산디지털단지역맛집 #가디역맛집 #금천맛집추천 #<b>가산동맛집</b>추천 #가산맛집추천 #가산디지털단지역맛집추천 #가디역맛집추천 #금천혼밥맛집 #가산동혼밥맛집... ,후니뽕이's blog ❤️,blog.naver.com/fbtldjawl,20251009
<b>가산동맛집</b> 화덕구운고등어 아이들과 함께가기 너무 좋아요,https://blog.naver.com/yumihappy_/223854427024,"너무 잘먹는 아이들 :) 어른도 맛있게 먹고, 아이들도 맛있게 먹을수있는 <b>가산동맛집</b> 화덕구운고등어! <b>가산동맛집</b>찾으신다면 가산동생선구이집 찾으신다면 아들과 외식할 장소 찾으신다면 무조건 추천 합니다!","미니멀한 삶 속에서 포기 못하는 것 들 ,",blog.naver.com/yumihappy_,20250503
<b>가산동맛집</b> 클랩피자 샌드위치 간편하고 든든한 점심메뉴로... ,https://blog.naver.com/innnnmn/223690616337,"가산디지털단지역에서 가성비, 맛 둘 다 잡고 싶으시다면 <b>가산동맛집</b> 클랩피자 한번 방문해보세요. #가산디지털단지역맛집 #<b>가산동맛집</b> #구로맛집 #클랩펍 #클랩피자 #클랩피자가산점","Precious moments,",blog.naver.com/innnnmn,20241212
<b>가산동</b> 고기 <b>맛집</b>  제주탐하리 고기는 옳다,https://blog.naver.com/designed_by_ahs/222373604198,남편 여름 와이셔츠 구입하러 가산현대아울렛 다녀오면서 든든하고 맛있게 가산동 고기맛집 제주탐하리에서 맛있는 고기 데이트했어요~!! 제주탐하리 02-865-9233 서울특별시 금천구 가산로 9길 12-8 <b>가산동 맛집</b>... ,옷 만드는 여자,blog.naver.com/designed_by_ahs,20210529
<b>가산동맛집</b> 꼬추장에 빠진닭에서 맛본 매콤한 찜닭,https://blog.naver.com/oja0612/220066731442,<b>가산동맛집</b> / 꼬추장에 빠진닭 070 8954-0818 서울시 금천구 가산동 151-50가산동주민센터 맞은편 꼬추장에빤진닭은 점심시간도 이용가능하세요. 오픈 11시 마감시간은 12시거든요. 저희도 방문했던 시간이 12시쯤... ,향기나는 화사한 꽃이 되리니,blog.naver.com/oja0612,20140721
점심추천 <b>가산동맛집</b> 여의도불맛쭈꾸미,https://blog.naver.com/dmswls399/223937649569,"싶어서 <b>가산동맛집</b> 여의도불맛쭈꾸미 먹으러 갔다 왔다. 점심특선 (12,000원) 오호오오오오!!! 13시 조금 넘은 시간에 가니 점심 피크 시간이 끝난 후라 여유가 있었다. 깔끔한 <b>가산동맛집</b> 여의도불맛쭈꾸미... ",Mi Diario,blog.naver.com/dmswls399,20250717
<b>가산동 맛집</b> 포미가 샤브샤브 서울 편백찜,https://blog.naver.com/jdr21035/222989124973,평소에 샤브샤브를 좋아해서 자주 먹는데 이번에 <b>가산동 맛집</b> 포미가에서 세트메뉴로 다양하고 알차게... <b>가산동 맛집</b> 서울 편백찜 전문점 포미가는 가산디지털단지역 7번 출구로 나오셔서 쭉 걸어서 오시면... ,노란자전거 세상,blog.naver.com/jdr21035,20230119
[가산디지털단지<b>맛집</b>] 짬뽕 잘하는 <b>가산동</b> 중국집 보배반점 혼밥,https://blog.naver.com/gyeomd22/223871722385,매일 11:00 ~ 22:00 라스트오더 21:20 ☎ 0507-1307-8011 #가산디지털단지맛집 #가산디지털단지역맛집 #<b>가산동맛집</b> #가디역맛집 #가산디지털단지역점심 #가산디지털단지점심맛집 #가산디지털단지중국집 #가산동중국집... ,내이름은삼순이,blog.naver.com/gyeomd22,20250520
<b>가산동맛집</b> 중식 독산동중국집 &lt;강차오&gt;,https://blog.naver.com/july_je/223991971089,"느껴져요 불금에 강차오에서 맛있는 중식먹어서 행복했던 날이었어요 독산동중국집 맛집을 찾고계신다면 강차오 방문해보세요! #독산동중국집, #독산역맛집, #<b>가산동맛집</b>, #독산동중식, #독산역중식, #가산동중식",잘 먹고 잘 사는 피치블로그,blog.naver.com/july_je,20250902
가산디지털단지역맛집 <b>가산동맛집</b> 회사 근처 단골 맛집 생겼어요,https://blog.naver.com/zpcgcgtlhzi/224074647650,"가산디지털단지역맛집 <b>가산동맛집</b> 회사 근처 단골 맛집 생겼어요 가산디지털단지역 근처에서 일하는 친구가 의령메밀집이 그렇게 맛있다고 칭찬을 하더라고요. 마침 점심시간도 됐고, 메밀 소바가 엄청... ",동백 미라클,blog.naver.com/zpcgcgtlhzi,20251113
<b>가산동</b>쌀국수 리포브릭 분짜 반세오 <b>맛집</b>,https://blog.naver.com/soooooookyung/223828933989,"좋아한다길래 가산동쌀국수 맛집 리포브릭 방문해 본 후기 리포브릭 가산직영점 서울 금천구... 좋다 <b>가산동맛집</b> 리포브릭 가산직영점 메뉴 애피타이저 스프링롤 5,000원 샤오마이 5,000원 짜조 7,000원... ",❤️캠스 다이어리❤️,blog.naver.com/soooooookyung,20250410
<b>가산동</b>참치<b>맛집</b> 오치생참치,https://blog.naver.com/jiwoo1674/224025034811,그럼 #가디역맛집 #<b>가산동맛집</b> #가산디지털단지참치 #가산동참치집 #가산동참치맛집 #참치맛집 #참치코스전문점 #참치무한리필 #가디역참치 #가산동참치 #오치생참치 #오치생참치후기,김쥬 블로그,blog.naver.com/jiwoo1674,20250928
<b>가산동맛집</b> 미나리산장. 미나리 무한리필 가능한 감자탕,https://blog.naver.com/stellak_kim/223494703074,"장마의 영향으로 비가 추적추적 오던 주말, 본능적으로 국물이 생각나서 <b>가산동맛집</b> 다녀왔어요.... 가산동 미나리산장의 감자탕 준비가 되었어요. 이미 어느 정도 끓여져 나온 상태여서 채소가 숨이 살짝 죽을... ","꽃길 속, 스텔라",blog.naver.com/stellak_kim,20240628
"<b>가산동</b> 연어덮밥 <b>맛집</b> '고칸' 추천, 푸짐한 점심식사로 한끼... ",https://blog.naver.com/woawoa_p/223773787788,가산동 연어덮밥 맛집 '고칸'은 제가 주문한 메뉴 말고도 메인 대표 메뉴들이 몇 있는데 잘 확인해보시고 선택하시는걸 강추해요  #가산동연어덮밥 #<b>가산동맛집</b> #가산동고칸 #가산동점심,♥꾸루꾸루 일상 블로거 :)♥,blog.naver.com/woawoa_p,20250225
[<b>가산동맛집</b>] 문정곱창 : 하도 맛집이래서 내돈내먹 해봄,https://blog.naver.com/seosu13/223941766536,곱창맛집으로 꼽았다 그래 가보자!!! 맛 보장한다는 동료들과 퇴근하자마자 달려갔다 네이버 예약이... 문정곱창❣️ 정말 <b>가산동 맛집</b>이 확실했고 한곳에 오래된 이유가 있었다 잡내 1도 없이 고소하니 완벽했다,오늘도 잘 부탁해 : ),blog.naver.com/seosu13,20250721
[20230329] 가산 현대아울렛 닭한마리<b>맛집</b> <b>가산동</b>닭한마리 후기,https://blog.naver.com/sinaburo07/223059593171,가산동 머네 멀어 ㅋㅋㅋ 몸보신 하러 닭한마리 먹으러 갔음 현대아울렛 근처에 있는 닭한마리집임... 텅빈 그릇 두명이서 먹으려니 칼국수 사리까지는 못 먹었다ㅠㅠ 아쉬워ㅠㅠㅠㅠ <b>가산동 맛집</b> 맞는거 같음... ,슨두부 천국,blog.naver.com/sinaburo07,20230330
<b>가산동 맛집</b> 세육식당 솥뚜겅 삼겹살,https://blog.naver.com/seasonal_yang/222537921137,가산동 삼겹살 맛집 세육식당! 워터에이징하여 풍미 깊은 촉촉하고 육즙 가득한 삼겹살 후기 함께... 김치와 삼겹살 조합 좋아하시면 꼭 <b>가산동맛집</b> 세육식당에서 드셔보세요. 솥뚜겅의 매력을 한가득 느낄 수... ,철새양: 맛집 / 뷰티 / 운동 / 여행 블로그,blog.naver.com/seasonal_yang,20211016
<b>가산동 맛집</b> 떡밀밀,https://blog.naver.com/ggomulog/223979888801,떡볶이’ #오늘은떡밀밀 #떡볶이<b>맛집</b> #가성비<b>맛집</b> 떡밀밀 뜻이 궁금해서 찾아봤다 떡밀밀의 홈페이지... 비치돼있었다 #<b>가산동</b> 떡볶이 가산 떡볶이를 찾는다면 떡밀밀 가산한화점 추천! + 사장님이... ,하루하루 기록하기,blog.naver.com/ggomulog,20250822
<b>가산동 맛집</b>으로 식사 한끼로 적절한 가산디지털단지찜닭... ,https://blog.naver.com/kkrrooww322/223761135097,그럼 이만~~~~~ #가산디지털단지역찜닭 #가산디지털단지역점심 #가산디지털단지역한식 #가산디지털단지역데이트 #가산디지털단지맛집 #<b>가산동맛집</b> #가산디지털단지역맛집 #봉추찜닭 #봉추찜닭가산역점... ,소소한 여행기록,blog.naver.com/kkrrooww322,20250215
"<b>가산동 맛집</b>,점심으로 추천하는 매콤한 두부조림 맛집 조려당",https://blog.naver.com/rrnnina/224043376463,"가산동 조려당 서울 금천구 벚꽃로24길 26 127호 조려당 위치 가산 점심 맛집 조려당은 생긴지 얼마 안된... 신상 맛집이지만, 벌써 입소문을 탔나 전테이블에 폭풍이 휘몰아치고 간 모습 ㅎㅎ <b>가산동 맛집</b>... ",먹전사와 먹장군,blog.naver.com/rrnnina,20251016
"[서울시 금천구 <b>가산동</b>] 가산디지털단지역 수플레 <b>맛집</b>, 카페... ",https://blog.naver.com/yygraphikos/223989056300,영수증 #내돈내산 #구욱희씨 #5TO7 #가산디지털단지맛집 #가산디지털단지카페 #가산디지털단지수플레 #가산디지털단지역맛집 #가산디지털단지역카페 #가산디지털단지역수플레 #<b>가산동맛집</b> #가산동카페... ,맛있는 음식과 술이 있는 여행,blog.naver.com/yygraphikos,20250830
<b>가산동 맛집</b> 조라순대국 - 백상2차,https://tipsbox.tistory.com/entry/%EA%B0%80%EC%82%B0%EB%8F%99-%EB%A7%9B%EC%A7%91-%EC%A1%B0%EB%9D%BC%EC%88%9C%EB%8C%80%EA%B5%AD-%EB%B0%B1%EC%83%812%EC%B0%A8?category=503475,<b>가산동 맛집</b> 조라순대국 - 백상2차 ★★★☆☆ 가산동 백상2차에서 점심 먹기 적당한 곳을 찾았네요.... 3 구독하기 '발자국' 카테고리의 다른 글 창동 해장국집 - 저렴한 가격 (0) 2012.10.29 성동구 맛집... ,개발괴발 :: 개발괴발,https://tipsbox.tistory.com/,20121018
<b>가산동맛집</b> 소곱창 맛있다고 소문난집 문정곱창,https://blog.naver.com/skqleofud/223854644152,"♥ 토마스부부 <b>가산동맛집</b> 소곱창 ♥ 문정곱창 안녕하세요. 토마스부부예요 가산동에 곱창이... 곱창 기름에 볶아져서 인지 고슬고슬 맛있게 잘 볶아졌어요 <b>가산동 맛집</b> , 가산곱창맛집 , 가산소곱창맛집 을... ",토마스부부,blog.naver.com/skqleofud,20250503
"가산디지털단지라멘, <b>가산동</b>일식<b>맛집</b> : 명서쿠 STXV 가산점",https://blog.naver.com/alsrhks306/224062000900,가산디지털단지라멘<b>맛집</b> #가산디지털단지일식<b>맛집</b> #<b>가산동</b>라멘<b>맛집</b> #<b>가산동</b>일식<b>맛집</b> #가산STXV<b>맛집</b> #명서쿠가산점 #명서쿠STXV #가산역라멘<b>맛집</b> #가산역일식<b>맛집</b> #가산직장인점심추천 #가산직장인<b>맛집</b>... ,MING LAND,blog.naver.com/alsrhks306,20251102
<b>가산동맛집</b> 제주탐하리 근고기 탐방,https://blog.naver.com/dolpin815/222270007296,그리고 가격도 가격이지만 고기맛이 우리 맛집 블로거에게 무엇보다 중요합니다. <b>가산동맛집</b> 제주탐하리의 장점은 바로~ 고기맛입니다. 맛집 별거있나요. 맛있어야죠. 중요한것은 가격이 착하다고 맛집이... ,돌핀스의 문화가득 행복만땅,blog.naver.com/dolpin815,20210309
금천구맛집 가족 식사하기 좋은 한식 화덕구운고등어 <b>가산동맛집</b>,https://blog.naver.com/from_a___/223857798792,금천구맛집 가족 식사하기 좋은 한식 화덕구운고등어 <b>가산동맛집</b> @written photo by. A 안녕하세요! A입니다. 이번 긴 연휴때 남편과 함께 새로 생긴 화덕구이 생선집에 다녀왔는데요 가성비도 맛도 포기 못하는... ,에이,blog.naver.com/from_a___,20250507
<b>가산동</b>중국집 가산혼밥 <b>맛집</b> 호랭이반점 가산디지털단지역점... ,https://blog.naver.com/eajoeh/223912295408,이만~ #호랭이반점 #호랭이반점가산디지털단지역점 #직장인점심가산맛집 #<b>가산동맛집</b> #가산역맛집 #가산점심 #가산점심맛집 #가산중국집 #가산동중국집 #가산혼밥 #가산짬뽕 #가산동점심맛집 #가산중식당... ,아무말대잔치,blog.naver.com/eajoeh,20250626
일요일엔 분식으로 한끼~ <b>가산동맛집</b> 포코포코,https://blog.naver.com/poetess72/220362378159,오늘도 <b>가산동 맛집</b> 포코포코에서 떡볶이 테이크 아웃을 해왔답니다~ 가산동은 우리 집과는 많이 멀어서 맛집 찾아 가는 경우는 없었지만 오전에 근처에서 어린이 공연을 보게 되어 겸사겸사 들르게 되었어요... ,♡행♡복♡한♡나♡라♡,blog.naver.com/poetess72,20150517
[가산동 떡볶이] 떡밀밀... 직장인 점심으로 추천하는 <b>가산동 맛집</b>,https://blog.naver.com/seosu13/223931922486,이번엔 가산동 떡볶이 맛집 떡밀밀 가산한화점✌️ 우리 회사 근처에 있어서 이미 맛있다고 소문이... 하나로도 <b>가산동 맛집</b> 인정인데 사이드 음식들도 다 좋았다 쿨피스는 이렇게 큰거 실화? 무려 2천원에 큰... ,오늘도 잘 부탁해 : ),blog.naver.com/seosu13,20250713
<b>가산동</b>닭한마리 | 쌀쌀한 밤에... 국물이 매력적인 닭한마리 <b>맛집</b>,https://blog.naver.com/myeriary/223055583068,"캔디까지 학교 다닐 때 자주 먹던 음식인데, 그 시절 생각도 나고, 너무 맛있어서 종종 방문할 생각 소주 한 잔 생각나는 쌀쌀한 저녁에 강추 #가산맛집 #<b>가산동맛집</b> #가산동닭한마리 #닭한마리 #닭한마리맛집",몌로그,blog.naver.com/myeriary,20230325
<b>가산동 맛집</b> 화덕 생선구이 솥밥집 정백어가 가산퍼블릭,https://blog.naver.com/dhdjdkdl123/224002204964,가산동 화덕 생선구이 솥밥 맛집 정백어가 가산퍼블릭점 서울 금천구 가산동 60-26 영업시간 10:30~21:00 <b>가산동 맛집</b> 정백어가는 가산퍼블릭 A동 M128호에 위치해있어요 외관이 정말 고급스럽죠? 가산퍼블릭 한식... ,SINILOG,blog.naver.com/dhdjdkdl123,20250910
<b>가산동맛집</b> 위치 양갈비 메뉴 양갈비살 온면,https://blog.naver.com/slende/223811017720,빠르게 자리를 차지하고 있는 동네의 소문난 양고기집 가산디지털단지에서 양고기가 생각 나시면 한 번쯤 맛보셔도 괜찮을 것 같습니다. #금천구마라탕 #가산동양고기 #가산디지털양고기 #<b>가산동맛집</b> #서울양갈비,TRAVELER hotseven,blog.naver.com/slende,20250326
"<b>가산동 맛집</b>으로 인정!! 웨이팅, 주차정보 포함, 가산동 아기랑... ",https://blog.naver.com/angela881112/223410914516,"#가산디지털단지닭한마리 #가산동닭한마리 #가산닭도리탕 #가디닭한마리 #가산백숙 #가산디지털단지닭도리탕 #<b>가산동맛집</b> #가디맛집 #가산동동네맛집 #아기랑맛집 저희가 저녁시간 쯤에 방문하긴 했는데, 그때... ",쑥덕숙덕 레시피,blog.naver.com/angela881112,20240409
<b>가산동</b> 독산동 <b>맛집</b> 김명태 매운갈비찜 가산점 1인분도 OK,https://blog.naver.com/hyeonji-yumyumlog/223873523014,(갑오징어 갈비찜 후기는 맨 밑에 첨부해요) 가산동 디지털단지오거리 쪽에 위치해있고 가디역에서는 조-금 거리가 있습니다 :) 동네 주민분들이 많이 찾아가는 맛집이고 포장/배달도 가능한 <b>가산동 맛집</b>... ,넌 먹을 때가 제일 예뻐,blog.naver.com/hyeonji-yumyumlog,20250521
<b>가산동</b>닭한마리 가산디지털단지 가족외식 <b>맛집</b> 추천,https://blog.naver.com/kbr6052/224031193963,"국물요리가 생각난다면, 이 집 닭한마리 꼭 가보시길 추천한다! #<b>가산동맛집</b> #가산동닭한마리 #가산맛집 #서울닭한마리 #비오는날맛집 #칼국수사리 #가산역맛집 #서이추환영 #가산가족외식 #국물맛집 #가산동핫플",우주네집,blog.naver.com/kbr6052,20251004
<b>가산동 맛집</b> 점심 메뉴로 극찬한 클랩피자 가산퍼블릭... ,https://blog.naver.com/hyunhee_37/223686496427,&quot;이 포스팅은 해당 업체로부터 지원을 받아 작성되었습니다&quot; 오늘은 제가 최근에 발견한 <b>가산동 맛집</b> 점심 메뉴를 소개하려고 해요 가산동에서 근무하다 보면 새로운 점심 메뉴를 찾는 게 정말 어려운데요... ,맛집라이프로그,blog.naver.com/hyunhee_37,20241208
한옥집숯불갈비 | 새로 생긴 <b>가산동</b> 가성비 생통갈비 <b>맛집</b>,https://blog.naver.com/myeriary/223165984510,그리고 <b>가산동</b> 가성비 <b>맛집</b> 답게 가격이 넘 착함 식사메뉴도 다양해서 점심 식사하기도 좋을 것 같았음✔️ 후식 메뉴도 다양하고 착한 가격! 요 냉장고에 신선한 고기가 가득 들어있었당..! 신기하게 생긴... ,몌로그,blog.naver.com/myeriary,20230725
<b>가산동맛집</b> 가산백숙 &quot;가산동닭한마리&quot; 몸보신 제대로!,https://blog.naver.com/wewoori1219/223971746970,"일품인 맛집, 가산동닭한마리 소개해드릴게요 비 내리고 쌀쌀한 날에는 속을 든든하게 채워줄 뜨끈~한... 찐맛집 느낌! 회식이나 가족 외식장소로 추천하고 싶은 <b>가산동맛집</b>이에요 메뉴판과 닭한마리만의 특제... ",오늘도 나답게!,blog.naver.com/wewoori1219,20250815
<b>가산동</b>막창<b>맛집</b> 서울막창 파막창 대존맛 내돈내산,https://blog.naver.com/uyn11/223815381984,나왔어요 #<b>가산동맛집</b> #가산동회식 #가산동막창 #가산디지털단지맛집 사장님이 집게 가위 손도 못대게 하시고 자르고 굽고 뒤집고 다 해주세요 친절하신 사장님이 먹기 전까지 다 해주시니까 아주... ,HANA LOG,blog.naver.com/uyn11,20250330
<b>가산동맛집</b> 호세가 :: 멕시코 음식점 런치세트 굿!,https://blog.naver.com/diaudghk/222387345776,"안녕하세요, 블링쏭입니다 :) 회사근처 가산동에 멕시코 음식점도 있었다니! 뒤늦게 발견해서 냉큼 다녀왔답니다. 특히 가성비 좋은 평일런치세트까지 있어서 낮에 방문하기에도 굿굿♥ <b>가산동맛집</b> #호세가... ","밝게 빛나길, blingsong :)",blog.naver.com/diaudghk,20210606
<b>가산동</b> 샤브샤브 무한리필... 월남쌈 샤브야채 무한리필 <b>맛집</b>,https://blog.naver.com/stellak_kim/223546421389,신선한 재료를 무한리필로 즐길 수 있는 <b>가산동 맛집</b>을 찾았어요. 바로 ‘샤브쌈주머니 가산점’... 볶음밥 가산동 #샤브샤브맛집 의 특징이라면 소고기 반반샤브라는 메뉴가 존재한다는 것인데요. 샤브샤브... ,"꽃길 속, 스텔라",blog.naver.com/stellak_kim,20240813
<b>가산동맛집</b>ㅣ왓더버거 가산직영점 수제버거 감성 가득 신메뉴... ,https://blog.naver.com/sb4852/224068174956,오늘은 가산디지털단지역 근처에서 점심이나 저녁으로도 즐기기 좋은 수제버거 맛집 왓더버거 가산점 후기를 가져왔어요. 햄버거 좋아하시는 분들이라면 한 번쯤 꼭 가봐야 할 곳이에요. <b>가산동맛집</b>... ,쁠루의 일상,blog.naver.com/sb4852,20251107
『<b>가산동 맛집</b>』 맵찔이도 공기밥추가한 중독적인 매운맛!... ,https://blog.naver.com/foundersmi/223125593341,지도참조하시거여 #가산 현대아울렛 맛집 #독산동 W몰 맛집 #<b>가산동 맛집</b> #가산디지털단지 맛집 #독산동맛집 #맵찔이 #맛있게매운 #갈비찜 #가산갈비찜 #가산동명태조림 #독산갈비찜 #갈비찜배달,Founder's meals and information,blog.naver.com/foundersmi,20230611
<b>가산동 맛집</b> / 이자카야 진케이,https://blog.naver.com/ys6050ys/223958784611,"사실 전 이 근처에 사는 찐 동네 주민인데요, 가산동에서 분위기 좋고 음식 맛있는 <b>가산동 맛집</b>을 찾고... 궁금했던 맛집이다? 하시면 이번 기회에 한 번 가보셔도 좋을 것 같아요 ~~ 이 날은 저녁 시간에 가볍게... ",All is well,blog.naver.com/ys6050ys,20250804
가산디지털단지역맛집 <b>가산동맛집</b> 전통과 현대가 조화된 메밀집,https://blog.naver.com/xpqpqgyoh/224070849383,"가산디지털단지역맛집 <b>가산동맛집</b> 전통과 현대가 조화된 메밀집 가산디지털단지역 근처에서 점심 메뉴를 고민하던 중, 동료의 강력 추천으로 &quot;의령메밀집&quot;을 방문하게 되었어요! 사실 저는 면 요리를... ",푸른바람소리,blog.naver.com/xpqpqgyoh,20251110
<b>가산동</b> 삼겹살 <b>맛집</b> 동대문털보네,https://blog.naver.com/poowing/222165785923,맥주한잔해야지ㅎㅎㅎㅎ 너무너무 배부르지만 집까지 걸어가면 소화될 것 같아서 집에서 가까운 거리에 삼겹살맛집을 찾았으니! 자주 와야지 #<b>가산동맛집</b> #가산디지털단지역맛집 #가산동고기집 #가산동삼겹살,아보트르상떼♬,blog.naver.com/poowing,20201207
[<b>가산동 맛집</b> 후기]떡밀밀 가산점에서 즐긴 든든한 2인세트 ✨,https://blog.naver.com/shwlgp1994/223980615263,가격 대비 구성이 상당히 알차서 메뉴판을 보는 순간부터 ‘이건 가성비 맛집이구나’ 싶은 느낌이 확... #가산동떡볶이 #가산떡볶이 #<b>가산동맛집</b> #떡밀밀 #떡밀밀가산 #떡밀밀메뉴 #밀밀떡볶이,천방지축 루시,blog.naver.com/shwlgp1994,20250823
"<b>가산동</b> 회식장소 찾는다면, 가산<b>맛집</b> 동대문털보네",https://blog.naver.com/7985810/223895512746,"마지막으로 야무지게 돼지껍데기에 고기쌈으루 마무리해줍니다,,,! 정말 맛있게 잘 먹었던 가산동고기집, 동대문털보네! 너무 맛있게 잘 먹었습니다 #가산맛집 #가산동고기집 #<b>가산동맛집</b> #가산회식장소추천",죠죠의 일상블로그:먹부림기록,blog.naver.com/7985810,20250611
"<b>가산동맛집</b> - 가디 문정곱창 (메뉴, 가격) :  역시 곱창은 여기!",https://blog.naver.com/i_am_korean/222712362327,수 없는 볶음밥(3000원) 노릇노릇 눌러서 끝까지 싹싹 긁어먹기!! 이렇게 <b>가산동맛집</b> 문정곱창에서 만족스러운 곱창먹방 마무리♡ 주소 : 서울시 금천구 가산동 143-20 전화번호 : 6014-7290 영업시간 : 매일 14시-00시,소담스러운 일상,blog.naver.com/i_am_korean,20220426
<b>가산동</b> 이자카야 숙성 모듬사시미 <b>맛집</b> :: 진케이,https://blog.naver.com/jiniyam0/224005241871,맛있는 가산동의 맛집이에요! 찾아보니 사장님께서 여러 일식당에 실장경력이 있으시더라구요!... <b>가산동 맛집</b>이나 술집을 찾으신다면 신선한 사시미와 일품요리를 맛볼 수 있는 가산동 이자카야 #진케이... ,기쁨이되다 ⋆ ˚｡⋆｡˚☽˚,blog.naver.com/jiniyam0,20250912
<b>가산동</b> 족발 <b>맛집</b> 완미족발 서울가산퍼블릭점 가디 <b>맛집</b> 추천,https://blog.naver.com/biiiiiiiniiiiiii/223833586133,A동 M216호  가산디지털단지역 6번출구 도보 9분  화장실 건물 안 #<b>가산동맛집</b> #가산동족발맛집 #가산동족발 #완미족발 #완미족발가디 #완미족발서울가산퍼블릭점 #가디맛집 #가디맛집추천 #가디족발맛집 #가디족발,슬빈이네 이야기,blog.naver.com/biiiiiiiniiiiiii,20250415
"<b>가산동 맛집</b> 점심, 가산디지털단지 맛집 쌀국수 - 슬로가든&amp;까몬",https://blog.naver.com/hwangsajoo_1/224018072340,&amp; #<b>가산동맛집</b> #가산디지털단지맛집 #가산역쌀국수 #슬로가든까몬 #가산점심맛집 #가산저녁맛집 #가산역한우맛집 #쌀국수맛집 #가산주차맛집 #가산디지털단지역맛집 #가산직장인맛집 #분짜맛집,다시 쓰는 품평일기장,blog.naver.com/hwangsajoo_1,20250923
[<b>가산동</b>닭한마리] 가산디지털단지닭한마리 <b>맛집</b> 겨울 메뉴... ,https://blog.naver.com/dancewithdiana/224075242423,내 돈 내고도 잘가는 <b>가산동</b> 닭한마리 <b>맛집</b>! <b>가산동</b>닭한마리 주소: 서울 금천구 가산로 142 (<b>가산동</b> 142-39) 영업시간: 화-일 11:00-24:00 월요일 휴무 전화번호: 0507-1373-9296 <b>가산동</b>에 닭한마리집 꽤 있는데 이렇게... ,댜나는 뚠뚠♪ 오늘도 뚠뚠♪,blog.naver.com/dancewithdiana,20251113
"<b>가산동 맛집</b> 생방송투데이 호랭이반점 중화치킨, 떡볶이",https://blog.naver.com/tunggo12/223839932752,서울특별시 금천구 가산디지털1로 165 가산비지니스센터 105호 ·영업시간 매일 11시~22시 라스트오더 21시 30분 ·주차 2시간 가능 #호랭이반점 #가산디지털단지맛집 #<b>가산동맛집</b> #중화치킨 #생방송투데이,다송투어,blog.naver.com/tunggo12,20250420
<b>가산동맛집</b> 한번가면 또 갈 수 밖에 없는 문정곱창,https://blog.naver.com/tnlyu/222581841597,<b>가산동맛집</b>인 만큼 완전 깔끄미하게 싹쓸이 했어요. 오랜만에 밖에서 곱창을 구워먹었는데 여전히 맛있었던 가산동곱창입니다. 신선한 곱창 맛있게 드시고 싶으신 분들 제가 방문한 곳도 한번 고려해보시면... ,애린이네,blog.naver.com/tnlyu,20211129
"<b>가산동 맛집</b> - 세육식당 (메뉴, 가격) : 깨끗한 고기집",https://blog.naver.com/i_am_korean/222501699835,"<b>가산동 맛집</b> - 세육식당 (메뉴, 가격) : 깨끗한 고기집 쇼핑하러 가끔 들르는 가산디지털단지! 가산동에 새로생긴 아주 깔끔한 고기집이 있길래 방문 :) 가산두산위브아파트쪽에 위치한 <b>가산동 맛집</b> 세육식당... ",소담스러운 일상,blog.naver.com/i_am_korean,20210910
가산디지털단지 <b>맛집</b> 추천 가산물갈비&amp;즉석소불고기 <b>가산동</b>... ,https://blog.naver.com/dltmf2792/223923229372,#가산디지털단지맛집 #가산디지털역맛집 #<b>가산동맛집</b> 가산디지털단지 맛집 추천 정보를 찾고 있었다면... 고기를 먹을 수 있는 가산동 점심 맛집을 찾는 분들은 점심때 가셔서 냉면도 같이 드세요~ 여기까지... ,스뤼이야기,blog.naver.com/dltmf2792,20250706
<b>가산동</b> 쭈꾸미 <b>맛집</b> 여의도불맛쭈꾸미,https://blog.naver.com/blue_wonie/224034009681,"특히 가산동 직장인 분들에게 딱 추천!!!!!!!! 주소: 서울 금천구 가산로 147, 1층 101호·102호 영업시간: 11... 빠르고 편하게 주문 가능해서 편리해요! 이상으로 <b>가산동 맛집</b> 여의도불맛쭈꾸미 후기를 마치겠습니다!",wondi의 일상,blog.naver.com/blue_wonie,20251007
<b>가산동</b> 현대 아울렛<b>맛집</b>/봉평 메밀막국수&amp;숯불돼지갈비,https://blog.naver.com/sjdh2745/222439331270,"가게도 넓어서 회식모임,친구모임,동호회모임하기도 너무 좋은 <b>가산동 맛집</b> 봉평메밀막국수&amp;숯불돼지갈비에요. 사장님도 일하시는이모님들도 너무 친절해서 자주 가고 싶은 가산동 현대아울렛맛집이에요.",* 행복한 세상을 꿈꾸며 *,blog.naver.com/sjdh2745,20210721
<b>가산동 맛집</b> BHC치킨 디지털점 : 뿌링클 기프티콘 사용,https://blog.naver.com/22ifeel/224006936297,주소 : 서울 금천구 가산로9길 12-8 (서울 금천구 <b>가산동</b> 143-6)  연락처 : 02-851-9919 ⏰ 영업시간 : 매일 09:00 - 03:00  주차 : ? 가산디지털단지역 5번 출구 근처에 위치한 bhc 디지털점. ㅎㅎ 거의 배달을 많이... ,예비맘의 알찬 육아 준비 !,blog.naver.com/22ifeel,20250914
<b>가산동</b> 파스타<b>맛집</b> 키친박스 햇존맛 생생 후기,https://blog.naver.com/oxaliss/222144856883,"그래서 남자친구랑 맛있는 것도 먹구 오붓한 분위기도 내려구 가산동 파스타 맛집을 찾아냈당. 가산동 키친박스에 다녀왔데, 거두절미하고 <b>가산동 맛집</b> 인정이다. 어느정도냐면? 포스팅하려니까 또... ",가늘고 길게 즐겁기,blog.naver.com/oxaliss,20201116
<b>가산동맛집</b> &quot;화덕구운고등어&quot; 가성비 2인세트 후기,https://blog.naver.com/minju2789/223858220961,"- 된장찌개도 짱맛있음. - 화덕에 생선을 구워서 그런지 다 쫄깃함. 나는 전반적으로 만족스러워 재방문의사 있당. <b>가산동맛집</b>, 가산동 생선구이집을 찾는 분들께 &quot;화덕구운고등어&quot; 추천한당!!!",오늘도 민쥬주의,blog.naver.com/minju2789,20250507
[<b>가산동 맛집</b>]  돈일픔 생삼겹 생고기 김치찌게,https://blog.naver.com/sy551133/224049459447,삼겹살은 다 못먹고 남은건 포장해서 언니가 가져갔어요 맛있으니 손님들은 계속 들어와요 계산은 과장님이 하시고 우리들은 배부르게 먹고 잘먹고 왔어요 #<b>가산동맛집</b> #돈일품생삼겹 #돈일품 #월요일퇴근길,어디서든 행복하세요^^,blog.naver.com/sy551133,20251022
만족스러운 <b>가산동 맛집</b>,https://blog.naver.com/jieun4243/221793078975,"맛있는거 먹고 싶은 주말 곱창이 땡겨 <b>가산동 맛집</b>, 곱창나라에 다녀왔어요 곱창나라는 전에도 다녀온 곳인데 깔끔한 실내와 친절한 주인분, 한우곱창 맛이 일품인 <b>가산동 맛집</b>이에요! <b>가산동 맛집</b> 곱창나라는... ",YUN SANG CHU,blog.naver.com/jieun4243,20200202
<b>가산동맛집</b> 가산동점심추천 여의도불맛쭈꾸미,https://blog.naver.com/mmihye0219/224034366525,근처 <b>가산동맛집</b>으로 쭈꾸미 유명한 집이 있더라구요 쭈꾸미 좋아하는 신랑을 위한 오늘의 점심메뉴 직장인들이 인정한 가산동점심추천맛집에 다녀와보았습니다~~ 여의도불맛쭈꾸미 *위치... ,맹빗,blog.naver.com/mmihye0219,20251007
<b>가산동 맛집</b> - 월래순교자관,https://blog.naver.com/herohwangsae/222747124329,<b>가산동</b> 디지털단지 오거리. 가리봉동의 <b>맛집</b>으로 가는 길. 월래순교자관 방문. 최자로드에 소개되면서 더 유명해진듯. 저녁시간이 되자마자 웨이팅이 시작 되었다. 나름 스마트 줄서기 가능. 근데 근처에 갈... ,무적황새의 세계여행기록&맛집투어,blog.naver.com/herohwangsae,20220526
"<b>가산동맛집</b>, 세육식당 (가산 연말회식은 바로 여기 정해라.)",https://blog.naver.com/sjssnrmdi/222900257278,"써봅니두 #가산맛집 #<b>가산동맛집</b> #세육식당 서울 금천구 가산로 118 중앙빌딩 1층 세육식당 02-838-2226 영업시간: 11:00 ~ 22:00 단체석가넝, 예약가넝 세육식당, 왜 세육식당인가 찾아보았는데 세육자체의 뜻은... ","징징이의 놀고,먹고,적는 블로그",blog.naver.com/sjssnrmdi,20221014
제주돼지 두루치기 <b>가산동 맛집</b>,https://blog.naver.com/rivertour/221910287141,이게 독산역 바로 앞에 있는 곳인데 행정구역상은 가산동이라 <b>가산동 맛집</b>이라고 하는 편이 더 잘 어울릴 듯 하네요. 김치도 많이 들어있고 무엇보다도 제주 돼지고기도 푸짐하게 들어있어요. 자작자작 익혀서... ,밍크의 여행일기,blog.naver.com/rivertour,20200415
"<b>가산동</b> 고깃집, 제주탐하리-근고기 <b>맛집</b>",https://blog.naver.com/tkfkddk20/221768144303,돼지탐하리가 가산디지털단지역 맛집 맞는듯하다... #가산동고기집 #<b>가산동맛집</b> #가산동연탄구이집 #가산디지털단지역맛집 #독산역맛집 #제주탐하리 #가산동회식장소 #가산동모임장소 #가산단체모임 #가산근고기,즐거운세상,blog.naver.com/tkfkddk20,20200111
"<b>가산동</b>고기집 끝판왕, 동대문 털보네 가산디지털단지역 회식 <b>맛집</b>",https://blog.naver.com/adearvorer98/223929527442,가산디지털단지 직장인맛집 가산동 고기집은 동대문털보네 압도적 소고기 비쥬얼에 군침이 뚝뚝!... 편인데 <b>가산동 맛집</b> 답게 제 취향에 딱 맞는 항정살이에여 오겹살이 아닌 삼겹살이라 항정살을... ,혼자 사는 세상 이야기,blog.naver.com/adearvorer98,20250711
<b>가산동 맛집</b> 야끼니꾸집 데이트하기 좋은 호챈,https://blog.naver.com/hjl0610/223801821501,사실 주민들이 오는곳이라면 찐 <b>가산동 맛집</b>인거 아시죠? 프리뷰 어떤지 잠깐 보고가세요! 가산동 고기집 중에서도 엄청 깔끔하고 퀄리티가 정말 좋거든요. 내부 내부는 라운드테이블과 스퀘어테이블이... ,루루의 리뷰타임,blog.naver.com/hjl0610,20250319
가산디지털단지역맛집 <b>가산동맛집</b> 직접 만든 반찬 하나하나... ,https://blog.naver.com/whuhcea372/224072227553,"가산디지털단지역맛집 <b>가산동맛집</b> 직접 만든 반찬 하나하나 맛있어요 가산디지털단지역 근처에서 점심 메뉴를 고민하다가, 문득 깔끔하고 건강한 음식이 먹고 싶어 검색하던 중 &quot;의령메밀집&quot;을 발견했어요!... ",whuhcea372님의블로그,blog.naver.com/whuhcea372,20251111
비쥬얼 분위기 맛 뭐하나 빠지지 않는 <b>가산동맛집</b> 가산... ,https://blog.naver.com/1drjung0211/224065841563,"가산역 맛집, 혹은 <b>가산동 맛집</b>을 찾으신다면 저는 자신 있게 가산 마포갈매기를 추천드리고 싶어요 점심에도 좋고 저녁에도 좋은 곳이라 여러 번 방문했는데 갈 때마다 만족도가 높았답니다 점심에는... ",DrJ,blog.naver.com/1drjung0211,20251105
<b>가산동 맛집</b> - 옛날닭꼬치식당(사골부대찌개),https://blog.naver.com/herohwangsae/222826558768,<b>가산동</b> 집근처 단골 <b>맛집</b>. 옛날닭꼬치사골부대찌개. 아직 개발되지 않은 애매한 구석에 자리하고 있지만. 알 사람들은 다 알아서 늘 만석인 가게이다. 근처에 가장 큰 건물이라면 W몰? 정도 되려나. 봄엔 벛꽃이... ,무적황새의 세계여행기록&맛집투어,blog.naver.com/herohwangsae,20220724
<b>가산동맛집</b> 라복궁 서울양갈비맛집! 양갈비한판에... ,https://blog.naver.com/jhw4950/222935780291,진짜 먹부림.. <b>가산동 맛집</b> 라복궁 진짜 가성비 대박입니다. #<b>가산동맛집</b> #라복궁 #가산동라복궁 #서울양갈비맛집 #서울양갈비라복궁 #금천구마라탕 #마라탕맛집 #가산디지털역양갈비 &amp;,아이린(Eileen)의 블로그,blog.naver.com/jhw4950,20221123
불안써서 여름에 좋은 <b>가산동</b> 점심 <b>맛집</b> 여의도불맛쭈꾸미,https://blog.naver.com/cobaltblue0/223962840794,#잉여직딩 #직딩점심 #직딩저녁 #점메추 #저메추 #메뉴골라주는여자 #<b>가산동맛집</b> #여의도불맛쭈꾸미 #가산동점심 #가산현대아울렛맛집 #가현아맛집 #가산동쭈꾸미맛집 #가산동쭈꾸미 #가산동점심특선... ,"코발트 - 맛집,뷰티리뷰어&여행하는 N잡러",blog.naver.com/cobaltblue0,20250807
가산디지털단지 맛집 <b>가산동 맛집</b> '가산물갈비' 산더미물갈비... ,https://blog.naver.com/dalkom408/223924849183,가산디지털단지 맛집 <b>가산동 맛집</b> '가산물갈비' 에서 산더미 물갈비 먹고 온 후기✨ 가산물갈비 주소 : 서울 금천구 가산디지털1로 128 1층 111호 영업시간 : 11:00-22:00 (21:00 라스트오더) *평일 15:00-16:30... ,KYOUNG이로운 하루ᰔ,blog.naver.com/dalkom408,20250707
가산동술집 <b>가산동맛집</b> 야끼니꾸 호챈 맛좋고 분위기좋고,https://blog.naver.com/yumihappy_/223807783516,"*협찬* 몇일전 결혼기념일 겸, 남편과 함께 다녀왔던 가산동 술집 <b>가산동맛집</b> 야끼니꾸 호챈 집앞에 있는 맛집인데,이제서야 다녀왔네요, 가산동술집 찾으시는 분들께, <b>가산동맛집</b> 찾으시는 분들께, 더욱 적극... ","미니멀한 삶 속에서 포기 못하는 것 들 ,",blog.naver.com/yumihappy_,20250324
가산디지털단지역맛집 <b>가산동맛집</b> 특허 육수 한 번 맛보면... ,https://blog.naver.com/vhalfdumpz83/224074648573,"가산디지털단지역맛집 <b>가산동맛집</b> 특허 육수 한 번 맛보면 인정할 수밖에 평소 면 요리를 즐겨 먹는 저는 가산디지털단지역 근처에 맛있는 곳이 없나 폭풍 검색을 하던 중, 우연히 의령메밀집을 발견하게... ",vhalfdumpz83님의블로그,blog.naver.com/vhalfdumpz83,20251113
가산디지털단지역맛집 <b>가산동맛집</b> 점심 메뉴 고민되면 여기 정답,https://blog.naver.com/vwczhsclnon/224070850026,"가산디지털단지역맛집 <b>가산동맛집</b> 점심 메뉴 고민되면 여기 정답 가산디지털단지역 근처에서 일하는 직장인이라면 누구나 점심시간마다 뭘 먹을지 고민일 텐데요. 저도 매일 똑같은 고민을 하다가, 드디어... ",촉촉함,blog.naver.com/vwczhsclnon,20251110
가산디지털단지역맛집 <b>가산동맛집</b> 직장인 점심 한 끼로 완전 만족,https://blog.naver.com/oweecjwad/224072226770,"가산디지털단지역맛집 <b>가산동맛집</b> 직장인 점심 한 끼로 완전 만족 가산디지털단지역 근처에서 일하는 직장인이라면 점심시간 메뉴 고르는 게 정말 큰 고민이죠? 저도 매일 뭘 먹어야 하나 고민하다가, 드디어... ",고운꿈결,blog.naver.com/oweecjwad,20251111
가디역 현대아울렛 근처 가성비 <b>가산동맛집</b>! “청춘 껍데기”,https://blog.naver.com/3sik3sik/223911603999,"구성, 맛 모두 무난하게 잘 갖춰진 <b>가산동맛집</b> 껍데기 전문점! 껍데기 좋아하거나, 쫀득한 식감의 안주를 찾는 분들께 추천합니다!! 오늘도 맛있는 하루  #<b>가산동맛집</b> #가산삼겹살맛집 #현대아울렛맛집 #삼식이부부",삼식이부부,blog.naver.com/3sik3sik,20250625
<b>가산동 맛집</b> 추천 * 콩국수를 먹으러 간 삼백집 in... ,https://blog.naver.com/pmtmyuch0407/120213280345,가산동에서 먹은 콩국수 중에 가장 맛있었던 듯. 콩국수를 먹겠다면 <b>가산동 맛집</b>으로 추천! ▲ 매콤짬짜름 했던 고추로 만든 고추군만두 동료 한분이 콩국수를 먹고도 허전했는지 자기가 쏜다며 고추군만두를... ,"쉬어가기,",blog.naver.com/pmtmyuch0407,20140514
광화문미진 <b>가산동</b> 현대아울렛 가산점 <b>맛집</b> 판메밀 막국수 후기,https://blog.naver.com/hyang_g_/223962909035,현대아울렛 가산점 광화문미진 완전 추천~~~ 광화문미진 현대아울렛 가산점 후기 <b>가산동 맛집</b> 가산동 막국수 가산동 메밀 맛집 추천 광화문미진 현대아울렛 가산점  주소 : 서울 금천구 디지털로10길 9 6층... ,그냥이의 그냥저냥 다하고살기,blog.naver.com/hyang_g_,20250807
리필 참치  ‘오치생참치’ 국 코스 후기 | <b>가산동</b> 참치 <b>맛집</b> 추천,https://blog.naver.com/0hneohne/224062392817,#가디역맛집 #<b>가산동맛집</b> #가산디지털단지참치 #<b>가산동맛집</b> #가산동참치집 #가산동참치맛집 #가디역참치맛집 #가디맛집 #가산디지털단지맛집 #가디모임장소추천 #가디회식장소추천 #금천구맛집추천... ,프로 먹플루언서 콩콩쓰 블로그,blog.naver.com/0hneohne,20251102
가산디지털단지역 / <b>가산동</b>... 현대아울렛 <b>맛집</b> [황금교동짬뽕... ,https://blog.naver.com/smg0315/224076094226,오늘은 가산 현대아울렛 맛집 다녀왔는데요 다양한 종류의 중식이 넘 맛있었고 메뉴가 특이해서 진짜... 맛있어보이는 <b>가산동 맛집</b> 기본 반찬은 양파와 단무지!! 가산동 중식집의 정석이었어용ㅎㅎ... ,️맛있는 하루️,blog.naver.com/smg0315,20251114
<b>가산동 맛집</b> 닭촌장 숯불닭갈비 가산디지털본점 불향 가득한... ,https://blog.naver.com/khj112077/223882317304,닭촌장 숯불닭갈비 가산디지털본점은 불향 가득한 닭갈비를 맛볼 수 있는 <b>가산동 맛집</b>입니다.... 유명한 분들이 방문할 정도로 맛집으로 소문난 닭촌장 숯불닭갈비! 발걸음이 빨라질 수밖에 없는 이유입니다.... ,먹는 데 매진하는 매지니,blog.naver.com/khj112077,20250529
가디역<b>맛집</b> <b>가산동</b> 가산디지털단지참치 / 오치생참치,https://blog.naver.com/yooree890/222446435045,#가디역맛집 #<b>가산동맛집</b> #가디역참치 #가산동참치 #가산디지털단지참치 #가산디지털단지맛집 #가디역회식 #가산동회식 #가산디지털단지회식 #가산디지털단지역맛집 #가산디지탈단지역참치... ,하쁘니월드,blog.naver.com/yooree890,20210726
[<b>가산동 맛집</b>] 김명태 가산점 후기,https://blog.naver.com/seven2181/223712355803,#<b>가산동맛집</b> #독산동맛집 #가산디지털단지맛집 #김명태가산점 #가산김명태 #가산동명태조림 #가산동갈비찜 #독산동갈비찜 #독산동매운갈비찜 #독산동명태조림 #독산동외식 #가산동가족외식,아기상어 뚜뚜루 일상,blog.naver.com/seven2181,20250102
"맛집,<b>가산동맛집</b>,가산역맛집... 가산짬뽕,가산동점심맛집... ",https://blog.naver.com/dydrmszld/224075184737,"호랭이반점,호랭이반점가산디지털단지역점,직장인점심가산맛집,<b>가산동맛집</b>,가산역맛집,가산점심,가산점심맛집,가산중국집,가산동중국집,가산혼밥,가산짬뽕,가산동점심맛집,가산중식당,가산저녁 #호랭이반점... ",용이네,blog.naver.com/dydrmszld,20251113
<b>가산동</b> 힙한 멕시칸 <b>맛집</b> :: 호세가 타코스에서의 감각적인 식사,https://blog.naver.com/sirano89/223842010487,"<b>가산동</b> 멕시칸 <b>맛집</b>, 호세가 타코스! 공간이 주는 호기심과 편안함, 친절한 직원분들의 서비스 + 맛있는 음식까지!! 늘 먹던 음식, 같은 공간을 벗어나 이색적인 데이트로 손색없고 친구들과의 모임장소 혹은... ",영국할매 컨텐츠랩,blog.naver.com/sirano89,20250421
<b>가산동맛집</b> 춘천옥에서 보쌈 막국수 선지해장국으로... ,https://blog.naver.com/skhskh1380/220726679381,지난일요일저녁 집에서차로10여분떨어진 <b>가산동맛집</b> 춘천옥에서 보쌈과막국수로 저녁식사를... ㅎㅎ 가산동인근에서는 검색해보지는않았지만 춘전옥이 인근에사시는분들에게는 맛집입니다. 가족과보쌈 막국수... ,둥이네가족이야기,blog.naver.com/skhskh1380,20160603
[<b>가산동맛집</b>] 화덕구운고등어 : 금천구 생선구이 구성 좋아요,https://blog.naver.com/seosu13/223853781385,고려해 <b>가산동맛집</b> 화덕구운고등어 를 찾았다 현대아울렛 뒷쪽에 있고 가산디지털단지맛집이기도 하다 화덕에 구웠다니 무조건 맛있잖아 이거? 새로 오픈한 맛집인만큼 쾌적하고 깔끔하면서 편안한... ,오늘도 잘 부탁해 : ),blog.naver.com/seosu13,20250502
가산동회식장소*<b>가산동맛집</b> 우돈날에서 맛있는... ,https://blog.naver.com/bjegob/220235818839,가산동회식장소*<b>가산동맛집</b> 우돈날에서 맛있는 한우랑흑돼지먹고왔어요~ 이날 친구와 신림에서 만나서 가산동회식장소 <b>가산동맛집</b>인 우돈날에 갔어요~ 계속 미루고미루고미루던 모임날ㅋㅋㅋㅋㅋ 사실... ,만드는게 제일좋아 ! 비제곱&미퐁당,blog.naver.com/bjegob,20150110
<b>가산동맛집</b> 청춘껍데기 가산디지털점 또간집,https://blog.naver.com/ybk2541/223911684107,"<b>가산동맛집</b>, 가산핫플 찾으시는분들은 청춘껍데기 꼭한번 가보세요! 지도 #<b>가산동맛집</b> #가산삼겹살맛집 #현대아우렛맛집 #가산껍데기맛집 #가산술집 #가산맛집 #가산핫플 #또간집 #청춘껍데기가산디지털점",예본일상,blog.naver.com/ybk2541,20250625
"<b>가산동 맛집</b> 떡밀밀 가산한화점 떡볶이, 김치덮밥 혼밥 메뉴추천",https://blog.naver.com/eliemincho/224041345469,가능한 <b>가산동 맛집</b>! 특히 사장님이 새로 개발한 김치덮밥은 날치알과 참치 토핑을 선택해서 더... 여기 가산동 떡볶이 맛집이라서 왔는데 김치덮밥이 이렇게 맛있나요 대충 섞고 한입 먹고 나서 너무 맛있어서... ,chog diary,blog.naver.com/eliemincho,20251014
<b>가산동</b>참치<b>맛집</b> 오치생참치 국코스 후기,https://blog.naver.com/huhinsoul/224085358002,<b>가산동</b>참치<b>맛집</b> 오치생참치 국코스 솔직 후기 들고 왔습니됴  저는 솔직히 참치를 자주 먹는 스따일은 아닌데 … 이번에 와ㅋ 나 참치 좋아하네 ...? 싶었던 곳이었다뉸!!!! 살면서 먹은 참치 중에 손가락에 꼽을... ,huh_in_soul,blog.naver.com/huhinsoul,20251123
[<b>가산동 맛집</b>/구로 맛집]가산동 찐맛집 김명태 매운갈비찜 가산점,https://blog.naver.com/crystal_ra/223842034509,완도 돌김과 낙지젓갈도 판매하고 있다고 하니 참고해주세요! #김명태 매운갈비찜가산점 #김명태 #가산동매운갈비찜 #가디매운갈비찜 #가디명태조림 #가산맛집 #<b>가산동맛집</b> #가산디지털단지맛집,try everything,blog.naver.com/crystal_ra,20250421
<b>가산동</b> W몰 <b>맛집</b> 김명태 매운갈비찜 맛있게 먹고 왔어요,https://blog.naver.com/pablsk/222611377265,#가산 현대아울렛 맛집 #W몰 맛집 #<b>가산동 맛집</b> #가산디지털단지 맛집 #매운갈비찜맛집 #명태조림맛집... 근처에 맛집들이 많아요. 고고고!!! 김명태 매운갈비찜 가산점 주소 : 가산동 145-26 1층 전화번호 : 0507-1316... ,봉봉열매의 맛있는 놀이터~~~♥,blog.naver.com/pablsk,20220103
가산디지털단지역맛집 <b>가산동맛집</b> 진한들기름소바 들기름 향... ,https://blog.naver.com/kwyilgyum/224073660631,"가산디지털단지역맛집 <b>가산동맛집</b> 진한들기름소바 들기름 향 진짜 좋아요 평소 면 요리를 정말좋아하는 저는, 가산디지털단지역 근처에 숨겨진 맛집이 있다는 소문을 듣고 바로 찾아갔습니다! 바로... ",웃음펄럭,blog.naver.com/kwyilgyum,20251112
"[<b>가산동</b>] 점심 특선 <b>맛집</b>, 여의도 불맛 쭈꾸미 (신규 오픈 매장)",https://blog.naver.com/tjsflstkfkd/224026201467,#가산현대아울렛맛집 #가산동쭈꾸미맛집 #가산동점심특선 #가산동점심메뉴 #가산동점심추천 #여의도불맛쭈꾸미 #<b>가산동맛집</b> #가산동점심 #가산동점심특선 #가산동주꾸미맛집 #가산맛집추천... ,품안에 님의 블로그,blog.naver.com/tjsflstkfkd,20250929
<b>가산동 맛집</b> 가산동오마카세 맛있는 오마카세 참치횟집 신선도... ,https://blog.naver.com/hwaja75/222863813943,"오마카세맛집하면 가산동 오마카세 생각날것 같아요. 스시와 참치도 너무 만족스러웠으니 가산동스시, 가산동참치로도 기억이 될것 같네요. 인테리어, 맛, 위치 모두를 충족시킨 <b>가산동 맛집</b> 신선도였습니다~",쿡화자의 라이프스타일,blog.naver.com/hwaja75,20220901
[<b>가산동맛집</b>] 소고기 맛집 &quot;옥군&quot;,https://blog.naver.com/andrew_easternshine/223977239561,만족스러운 식사를 했습니다 가격이 적당히 있는 편이지만 고기 퀄리티 생각하면 괜찮았어요 그럼 리뷰 끝! 아 뀨~?! #<b>가산동맛집</b> #가산동회식 #직장인회식메뉴 #회식추천메뉴 #소고기맛집 #살치살맛집 #가산동술집,맛집/일상/추억,blog.naver.com/andrew_easternshine,20250822
"가디역 맛집 회사원 점심식사, 회식으로도 딱인 <b>가산동맛집</b>... ",https://blog.naver.com/dbsgmlx/223387189054,찐 <b>가산동맛집</b> 소개해드리려합니다 전설애국밥 금천가산점인데요! 하... 정말 여길 왜 이제알앗나..했던니 지하식당쪽 위치해서 늘 1층만 훑던 저가 미처 발견을 못한 찐맛집입니다 ㅠㅠ.. 지금이라도 알았으니... ,구니의 블로그,blog.naver.com/dbsgmlx,20240318
<b>가산동 맛집</b> 【 가산 생갈비 】,https://blog.naver.com/the_fox_world/221895225698,"식재료, 향에 대한 민감함, 짜고 맵고 등 개인이 느끼는 게 다르기 때문에 어떨지는 모르겠지만 저는 너무 맛있었기 때문에 한번 가셔서 드셔보세요!! #<b>가산동</b> #고기<b>맛집</b> #현대아울렛 #금천구 #회식장소 #생갈비",너우의 세상❤️,blog.naver.com/the_fox_world,20200407
가산디지털단지역맛집 <b>가산동맛집</b> 진한들기름소바 들기름 향... ,https://blog.naver.com/lteqeoo527/224073659722,"가산디지털단지역맛집 <b>가산동맛집</b> 진한들기름소바 들기름 향 진짜 일품 평소에 메밀 소바를 엄청 좋아하는 저는, 가산디지털단지역 근처에 맛있는 곳이 있다는 소문을 듣고 방문하게 되었어요! 두근두근 사실... ",lteqeoo527님의블로그,blog.naver.com/lteqeoo527,20251112
"<b>가산동 맛집</b>, 사월에보리밥 마리오아울렛점 다녀왔어요.",https://blog.naver.com/2005_01_08/130180588075,"처음에는 <b>가산동</b>에 업무차 들렸다가 사월에 보리밥집에서 보리밥 정식을 먹었었는데, 8500원에 반찬이 여러가지가 나오고 푸짐해서 엄청 배불리 먹었었다. <b>맛집</b>이 별거 있겠냐는.. 가격 대비 성능 OR 가격 대비... ",코끼리공장의 해피엔드,blog.naver.com/2005_01_08,20131127
가산디지털단지역맛집 <b>가산동맛집</b> 가산동생선구이 ‘정백어가... ,https://blog.naver.com/gkdusglaso/223915859543,#가산디지털단지역맛집 #<b>가산동맛집</b> #가산디지털단지밥집 #가산동밥집 #가산동생선구이 정백어가 가산퍼블릭점 평일 10:30 - 21:00 / 주말 11:00 - 20:30 정백어가 가산퍼블릭점은 가산디지털단지역 3번 출구에서... ,뽀밍뚜 RECORD,blog.naver.com/gkdusglaso,20250629
"[내돈내먹] 혼밥도 좋은 <b>가산동</b> 돈까스 <b>맛집</b>, 명자 수제 돈까스",https://blog.naver.com/moneyreport/224028759986,가산동에서 돈까스를 찾는 분들이라면 한 번쯤 들러볼 만한 곳이라고 추천하고 싶습니다. #<b>가산동맛집</b> #명자수제돈까스 #가산맛집 #현대아울렛맛집 #가산돈까스 #가산아스크타워맛집 #돈까스맛집 #혼밥추천... ,맛있게살자,blog.naver.com/moneyreport,20251001
<b>가산동 맛집</b> 한국수,https://blog.naver.com/jdr21035/221809431995,<b>가산동 맛집</b> 한국수는 대륭테크노벨리 19차 2층에 위치하고 있어요. 밖에서 계단으로 올라와도 되고 엘레베이터 타고 오셔도 되요. 매장이 넓고 엄청 깔끔해요. 가산동에 지식산업센터가 많아서 점심이나... ,노란자전거 세상,blog.naver.com/jdr21035,20200214
"신랑이 추천해준 <b>가산동</b> 중식집!! 짜장면,탕수육,짬뽕 <b>맛집</b>!!... ",https://blog.naver.com/jdb7664/222494915498,#<b>가산동맛집</b> #우림라이온스맛집 #가산동중식 #가산동짜장면 #가산동탕수육 #가산동짬뽕 #가산동점심 #짜장면맛집 메뉴는 하단에 있어요^~ 신랑이 가산동에 직장다닐때 너무 맛있게 먹었다는곳~~ 가산동... ,♪보라진e♬,blog.naver.com/jdb7664,20210904
[가디역] <b>가산동 맛집</b> &lt;냅다청양집 가산디지털단지직영점&gt;에서... ,https://blog.naver.com/imbong2_/223287734447,아울렛 갈 일이 있어서 가산디지털단지역을 가야 했다 나가는 김에 점심도 가디역에서 먹을 계획이라 <b>가산동 맛집</b> 냅다청양집을 찾았다..! <b>가산동 맛집</b> &lt; 냅다청양집 가산디지털단지 직영점 &gt; 주소 - 서울... ,RIVER LEE,blog.naver.com/imbong2_,20231209
<b>가산동맛집</b> 급냉삼겹살은... 가산센트럴 푸르지오시티 맛집... ,https://blog.naver.com/angela881112/223378400920,나왔어요 #냉삼맛집 #주말외식 #가산센트럴푸르지오시티맛집 #<b>가산동맛집</b> #가디역맛집 #가산삼겹살 #가산동고기집 #가디역삼겹살 가산센트럴푸르지오시티 1층에 위치하고 있는 너희집이라는 냉삼맛집에서... ,쑥덕숙덕 레시피,blog.naver.com/angela881112,20240309
<b>가산동 맛집</b> 쌀국수와 소고기 둘다 먹을수 있는 슬로가든&amp;까몬,https://blog.naver.com/wony7198/223992410402,오늘은 <b>가산동 맛집</b>을 다녀왔어요 슬로가든&amp;까몬 7월 21일에 오픈했는데 저는 7월말쯤 방문했답니다... 넓은 <b>가산동 맛집</b> 회식이나 단체 모임하기 좋겠죠? 가산디지털단지에 이렇게 넓고 예쁜 인테리어의... ,앙냥이의 방방곡곡,blog.naver.com/wony7198,20250902
금천구 <b>맛집</b> <b>가산동</b> 샤브샤브 샤브올데이 서울가산점... ,https://blog.naver.com/arrainbow/223707385476,강력추천해요 #금천구맛집 #서울가산맛집 #서울맛집 #서울시금천구맛집 #<b>가산동맛집</b> #금천구샤브샤브 #가산동샤브샤브 #가산뷔페 #가산회식 #연말모임 #연말회식 #연초회식 #단체회식 #호텔식샤브뷔페... ,사랑행복 가득한 알맹달맹^L^,blog.naver.com/arrainbow,20241227
<b>가산동</b> 파스타 <b>맛집</b> 분위기 있는 곳에서 &quot;백만그릇파스타&quot;,https://blog.naver.com/white2ben/223879701304,<b>가산동</b> 파스타 <b>맛집</b> 분위기 있는 곳에서 &quot;백만그릇파스타&quot; <b>가산동</b> 파스타 <b>맛집</b> 분위기 있는 곳에서 &quot;백만그릇파스타&quot; <b>가산동</b> 파스타 <b>맛집</b> 분위기 있는 곳에서 &quot;백만그릇파스타&quot; 분위기 있는 곳에서의 한끼... ,챨리의 사커라클,blog.naver.com/white2ben,20250527
<b>가산동 맛집</b> 양선생 양꼬치 가산디지털단지역 근처 단체모임... ,https://blog.naver.com/zzangzy92/223454213409,지금까지 <b>가산동 맛집</b> 양선생 양꼬치였습니다. #<b>가산동맛집</b> #금천구맛집 #가산동양꼬치맛집 #가디역맛집 #가디역양꼬치 #가산디지털단지맛집 #가산디지털단지역맛집,모든 것을 기록하는 쨩지 (모기장),blog.naver.com/zzangzy92,20240521
[<b>가산동 맛집</b>] 금천구 소곱창 맛집 곱창나라,https://blog.naver.com/alzmqp321/222700326958,이번에 소개해드릴 <b>맛집</b>은 <b>가산동</b> 곱창나라에요!! 그럼 gogogo!! <b>가산동</b>에 위치한 곱창나라에요! 손님이 항상 바글바글한 곳이기두 하구용 ㅎㅎ 실내와 테라스 두군데로 앉을 수 있어요 ㅎㅎ 저희는 테라스에... ,Newlyweds Daily Life,blog.naver.com/alzmqp321,20220414
<b>가산동맛집</b> 금천구감자탕 미나리산장 가산점,https://blog.naver.com/sk88917/223482521668,<b>가산동</b>에 미나리가 들어간 핫한 감자탕이 있다고 해서 가보았어요. 가산 테라타워에 위치한 미나리산장 가산점이에요. 지하주차장에 주차를 하고 1층 미나리산장 가산점으로 올라갔어요. A 엔트란스... ,English Playground,blog.naver.com/sk88917,20240617
<b>가산동맛집</b> 회식 장소 찾는다면 여기! 동대문털보네,https://blog.naver.com/maximum93/223822406386,좋았던 가산동 고기집 구운 김치도 진짜 맛있었고 살짝 끓은 간장소스도 고기랑 엄청 잘 어울렸다 동대문털보네 꽃갈비살 때깔 최고였던 <b>가산동맛집</b> 동대문털보네 가지런하게 나오는데 먼저 기름으로 불판에... ,기록된 순간,blog.naver.com/maximum93,20250404
가산디지털단지역맛집 <b>가산동맛집</b> 점심 회전율 빠른데도 맛... ,https://blog.naver.com/atstltnnulv/224070850794,"가산디지털단지역맛집 <b>가산동맛집</b> 점심 회전율 빠른데도 맛 타협 없어요 가산디지털단지역 근처에서 가산디지털단지역맛집을 찾던 중, 우연히 &quot;의령메밀집&quot;을 발견했어요! 평소 메밀 요리를 좋아하는 터라... ",두근,blog.naver.com/atstltnnulv,20251110
&lt;<b>가산동 맛집</b>&gt; 깔끔하고 맛있는 돼지고기 찐 맛집 세육식당.... ,https://blog.naver.com/wecando/222742258447,<b>가산동 맛집</b>. 콜키지 프리 고깃집. 세육식당 추천합니다 #세육식당 #<b>가산동맛집</b> #가산맛집 #프리미엄한돈 #돼지고기맛집 #가산동고깃집 #콜키지프리 #와인콜키지무료,"CEO 한스의 여행, 맛집, 골프, 일상의 행복",blog.naver.com/wecando,20220523
가산디지털단지닭한마리 또또간 <b>가산동맛집</b> 모임장소 추천,https://blog.naver.com/yen1216/223852144072,<b>가산동맛집</b> 모임장소 추천 안녕하세요~! 가끔씩 따끈하고 푸짐한 밥 한 끼 그것도 국물 자작자작한 음식을 쫙 즐기고 싶을 때 있잖아요? 소문난 가산디지털단지 맛집 이기도 하면서 저의 또또또간집!! 가산동... ,져니 real life,blog.naver.com/yen1216,20250502
<b>가산동맛집</b> : 화덕구운고등어 생선구이와 셀프바 대만족,https://blog.naver.com/22ifeel/223858824123,가산동 신상 맛집! 생선구이 가게가 생겨서 부리나케 달려갔다 ~! 집에서는 냄새 나니 잘 못 구워먹는... 통창쪽 자리가 거리뷰를 볼 수 있어 식사하기 좋은 좌석 ㅎㅎㅎㅎ 가족 단위로 많이 오는 <b>가산동 맛집</b>이... ,예비맘의 알찬 육아 준비 !,blog.naver.com/22ifeel,20250509
<b>가산동맛집</b> 델리커리 가산현대아울렛점 맛있는 카레,https://blog.naver.com/lovely_227/222892102974,"토핑까지 추가해서 푸짐하고 맛있게 즐겨본 <b>가산동맛집</b> 델리커리 가산현대아울렛점 한국의 최초의 카레전문점인데다가 백종원 국민음식, 수요미식회에서도 방송된 커리맛집이라 <b>가산동맛집</b>으로 데이트나... ",이써니의 일상다이어리:),blog.naver.com/lovely_227,20221005
<b>가산동</b> 생선구이 <b>맛집</b> &lt;정백어가 가산퍼블릭점&gt;,https://blog.naver.com/horsecouple/223845271102,손질된 생선을 비린내 없이 먹을 수 있어서 정말 좋았어요! 이상으로 가산디지털단지역맛집 <b>가산동맛집</b> 가산디지털단지밥집 가산동밥집 가산동생선구이 정백어가 가산퍼블릭점의 후기를 마칠게요 감사합니다,HORSE COUPLE,blog.naver.com/horsecouple,20250424
금천<b>맛집</b> <b>가산동</b>양고기 양갈비 마라샹궈 라복궁 가산본점,https://blog.naver.com/b2uty_full/224031096362,거기다 자칫 기름질 수 있는 양갈비를 익힌 숙주랑 먹으니 더 깔끔한 느낌! 손님 많은 이유를 알 것 같았다  #가산동회식 #<b>가산동맛집</b> #가산동양고기 #가산동모임 #금천맛집 #금천양고기 #금천양갈비 #금천회식,티풀이의 파릇파릇한 나날들,blog.naver.com/b2uty_full,20251003
<b>가산동</b> 삼겹살 오겹살 <b>맛집</b> 도을 생고기집 가디역 야장,https://blog.naver.com/jjk5685/223844366983,완벽한 k 디저트 가디역 혹은 가산동 삼겹살 흑돼지 오겹살 맛집 찾으시면 #<b>가산동맛집</b> #가디역맛집 #도을생고기집 믿고먹는맛집 으로서 추천드립니다  얼른 야장 느낌 느끼러 가세요 :),dear diary moment,blog.naver.com/jjk5685,20250423
<b>가산동 맛집</b> 직장인을 달래주는 맛 포미가 서울 편백찜,https://blog.naver.com/jejechu/223012704168,요즘은 퇴근시간이 어둡지 않아서 좋네요 걷다가 건물쪽으로 들어오면 바로 <b>가산동 맛집</b> 포미가가... 맛도 있어서 너무 좋은 가디맛집 같아요 포미가 금천구 가산디지털1로 212 코오롱 애스턴 타워 1F 0507-1418-7570,풍악을 울려라 ♬ ♪,blog.naver.com/jejechu,20230211
<b>가산동 맛집</b> 점심 가성비 혼밥 한식 솥밥 시래기 명태조림... ,https://blog.naver.com/cm3755/223926876920,<b>가산동 맛집</b> 가산동혼밥 직장인가성비 한식솥밥 회식혼밥 추천 <b>가산동 맛집</b> 가산동혼밥 직장인가성비 한식솥밥 회식혼밥 추천<b>가산동 맛집</b> 가산동혼밥 직장인가성비 한식솥밥 회식혼밥 추천<b>가산동 맛집</b>... ,쀼미의 예쁜 피부 만들기 beauty로그,blog.naver.com/cm3755,20250709
[서울<b>맛집</b>] <b>가산동</b> 쭈꾸미 <b>맛집</b> 회식하기 좋은 누나밥쭈 쭈삼철판,https://blog.naver.com/gyeomd22/223833581448,월 ~ 토 10:00 ~ 23:00 (브레이크타임 15:00 ~ 16:00) 매주 일요일 정기휴무 ☎ 0507-1424-5568 #<b>가산동맛집</b> #가디맛집 #가산동쭈꾸미맛집 #가산디지털단지맛집 #우림라이온스밸리맛집 #가산맛집 #가산회식 #가디회식... ,내이름은삼순이,blog.naver.com/gyeomd22,20250415
가산디지털단지역맛집 <b>가산동맛집</b> 저녁 든든하게 먹고 싶을 때... ,https://blog.naver.com/qoqyjizwr/224069757090,"가산디지털단지역맛집 <b>가산동맛집</b> 저녁 든든하게 먹고 싶을 때 여기 평소 메밀소바를 정말좋아해서 가산디지털단지역 근처에 맛있는 곳이 없나 찾아보던 중, 레이더망에 포착된 &quot;의령메밀집&quot;!!! 의령메밀집은... ",일상수집가,blog.naver.com/qoqyjizwr,20251109
<b>가산동</b> 대륭테크노타워 8차 <b>맛집</b>~ 식겁라면 순두부,https://blog.naver.com/insosa/222011860316,안녕하세요 오늘은 오랜만에 가산동에서 맛있게 먹은 식당을 하나 소개하려고 합니다. #<b>가산동맛집</b>... 알아주는 맛집입니다. ㅎㅎ 사실 점심시간에도 대륭테크노타워1층의 식당들은 그리 복잡하지 않는데요... ,이것 저것 이야기,blog.naver.com/insosa,20200625
주말 마리오아울렛 놀러갔다가 방문한 <b>가산동 맛집</b>❤️,https://blog.naver.com/luuuuuucy/223198052640,주소 가산동 아울렛 단지와는 거리가 좀 있지만 가디역 11번 출구로 나와 바로 보이는 건물 지하에... 가산 아울렛 근처에서 주말에도 여는 밥집 찾으신다면 여기로 #가산디지털단지역맛집 #<b>가산동맛집</b> 포스팅... ,Lucete✨,blog.naver.com/luuuuuucy,20230830
서울 <b>가산동 맛집</b>) 기름떡볶이가 맛있었던 가산동 떡볶이 맛집... ,https://blog.naver.com/desiro/223968911779,"즐기고 싶다면 한번 방문해보시길 추천드리면서, 이번 가산 떡볶이 맛집 '떡밀밀' 방문기를 마치도록 하겠습니다. 끝까지 읽어주셔서 감사합니다. #가산동떡볶이 #가산떡볶이 #<b>가산동맛집</b> #서이추 #서이추환영",버즈의 맛집대모험 :D,blog.naver.com/desiro,20250813
진케이 금천구 <b>가산동</b>... 하이볼 한 잔? 가디단 <b>맛집</b> 찾았다,https://blog.naver.com/tjqhdud1001/223564325211,진케이 어제 처음 갔는데 여기 정말 진땡이었숩니다!!ㅎㅎ 퇴근길 동료와 달려간 가산디지털단지역 이자카야 금천구 <b>가산동 맛집</b> 진케이!! 가산디지털단지역 복잡한 쪽 말고 조금 한적한 아파트 쪽에 위치해... ,탐미여행자 바오바오,blog.naver.com/tjqhdud1001,20240828
<b>가산동</b> 파히타 타코 <b>맛집</b> 호세가 타코스 가산본점,https://blog.naver.com/upeace-/223953807805,멕시칸 음식 땡겨서 급 다녀온 호세가 <b>가산동 맛집</b>답게 언제나 웨이팅이라 미리 예약을 하고 갔다.... ㅎㅎ #호세가 #호세가타코스 #호세가타코스가산본점 #가산맛집 #가디역맛집 #가산동멕시칸푸드 #타코맛집... ,일상 기록 쌓기,blog.naver.com/upeace-,20250731
<b>가산동 맛집</b> '월래순교자관' 가산디지털단지 줄서서 먹는 중식당,https://blog.naver.com/bbyela5221/223661507199,<b>가산동 맛집</b> 가산디지털단지 줄서서 먹는 월래순교자관 민스타가 추천합니다. 오늘도 행복한 맛집투어 끝! #<b>가산동맛집</b> #가산디지털단지역맛집 #가산역맛집 #군만두추천 #월래순교자관 #민스타,Justin MIN,blog.naver.com/bbyela5221,20241115
<b>가산동</b> 직장인 떡볶이 <b>맛집</b> 떡밀밀,https://blog.naver.com/yumyum1215/223833179744,떡볶이 맛집으로 유명한 가산동 떡밀밀 저녁시간에 다녀왔어요 주문은 키오스크로 가능해요 ~ 떡볶이도... 요즘 떡볶이집같이 않게 이쁜 조명의 인테리어가 눈에 들어오는 <b>가산동 맛집</b> 떡 밀밀히에요 전체적인... ,초원앞마당,blog.naver.com/yumyum1215,20250414
맛있는 숙성 삼겹살 쾌적한 <b>가산동 맛집</b> : 두껍삼 가산직영점,https://blog.naver.com/joo-bogo/224043275565,"<b>가산동 맛집</b> 찾는분들께 도움이 되길 바라요! 구워주는 고깃집 두껍삼 가산직영점 위치... 저는 남자친구랑 둘이서 데이트로 갔는데, 고기 먹으면서 대화할 수 있어서 좋았어요 #데이트 <b>가산동맛집</b> 추천!... ",우리 두리* 잘먹고 잘살기,blog.naver.com/joo-bogo,20251016
"가산디지털단지맛집, <b>가산동맛집</b> 델리커리 가산현대아울렛점",https://blog.naver.com/aaa9a/222653630981,"가산디지털단지맛집, <b>가산동맛집</b> 델리커리 가산현대아울렛점 오랜만에 춘천에서 서울로 넘어온 두희씨를 위해서 방문한 가산디지털단지맛집, <b>가산동맛집</b> '델리커리 가산현대아울렛점' 곧 다가올 봄에 입을... ",마인트,blog.naver.com/aaa9a,20220221
가산디지털단지역맛집 <b>가산동맛집</b> 조미료  적은사용해서... ,https://blog.naver.com/maceqczqb/224072226023,가산디지털단지역맛집 <b>가산동맛집</b> 조미료 적은사용해서 건강식으로 좋아요 평소 면 요리를 즐겨 먹는 저는 가산디지털단지역 근처에 맛있는 메밀집이 있다는 소문을 듣고 의령메밀집을 방문했어요. 두근거리는... ,은빛바람,blog.naver.com/maceqczqb,20251111
엄마손맛 가득 느껴지는 <b>가산동맛집</b> 반키친,https://blog.naver.com/eajoeh/223776985778,~ 사이드로 나오는 샐러드랑 백김치도 상콤하니 입맛 살고 아주 좋더라구요!! 여러분도 한 입 하세요~.~ #<b>가산동맛집</b> #가디역맛집 #가산동추천맛집 #금천구맛집 #금천구외식 #가산동한식 #반키친,아무말대잔치,blog.naver.com/eajoeh,20250227
가산디지털단지역맛집 점심 <b>가산동 맛집</b> 미트앤쓰리 추천,https://blog.naver.com/slpbb/223967091792,"가산역 <b>가산동</b> 한식 <b>맛집</b>으로 소개해드렸는데 촤르르 깔리는 반찬만 봐도 알수있죠. 달걀찜, 오뎅볶음 , 김치, 깻잎, 파절임 마늘 양념장 하나하나 다 맛있더라구요. 리필도 해주십니다! 진짜 짱!! <b>가산동</b>... ",실버라이닝 {Silver Linings PB},blog.naver.com/slpbb,20250812
"맛집] 가산물갈비, 산더미물갈비가 맛있는 <b>가산동 맛집</b>",https://blog.naver.com/jooring_/223944387322,메뉴더라고요ㅎㅎ <b>가산동 맛집</b> 가산물갈비 위치부터 알려드릴게요 가산디지털단지역 맛집 가산물갈비&amp;수원왕갈비 위치 및 정보 &amp; 영업시간 월 ~ 금 11:00 - 22:00 15:00 - 16:30 브레이크타임 21:00 라스트오더 주말 11... ,주링이의 솔직한 리뷰,blog.naver.com/jooring_,20250723
[가디] <b>가산동맛집</b> “여의도불맛쭈꾸미”,https://blog.naver.com/sg02194/223997635244,가산동점심추천 #여의도불맛쭈꾸미 #가산점심 #가산동점심 #쭈꾸미 #쭈꾸미 볶음 #가산디지털단지맛집 #가디맛집 #가디점심 #가산디지털단지역 #쭈꾸미볶음 #쭈꾸미맛집 #가산동점심맛집 #<b>가산동맛집</b> #가산동점심,해피한루피,blog.naver.com/sg02194,20250906
<b>가산동</b>밥집 [정백어가 가산퍼블릭점]화덕 생선구이<b>맛집</b>,https://blog.naver.com/dusghk2531/223795563919,"화덕 생선구이 <b>가산동맛집</b> 정백어가 가산퍼블릭점 가산디지털단지 근처 마리오아울렛/현대아울렛쪽에 새롭게 가산퍼블릭센터가 엄청 크게 생겼는데요, 규모가 커서 그런지 맛집이나 카페가 많이 생겼길래... ",행복하고 싶어서 만든 공간,blog.naver.com/dusghk2531,20250314
<b>가산동 맛집</b> 포차감성 새벽3시까지 한신우동 가산점 후기,https://blog.naver.com/hyang_g_/223895605502,<b>가산동 맛집</b> 한신우동 가산점 가산 술집 가산오거리 술집 가산현대아울렛 근처 맛집 한신우동 가산점  주소 : 서울 금천구 가산로 152 지상1층  지하철 : 독산역 2번출구에서 도보 15분 ⏰️ 영업시간 : 매일 18:00... ,그냥이의 그냥저냥 다하고살기,blog.naver.com/hyang_g_,20250611
<b>가산동</b>점심 <b>맛집</b> 여의도불맛쭈꾸미로 푸짐하게,https://blog.naver.com/rich_lemon/223998663247,다음엔 아구찜 먹어볼까 생각중이에요  #<b>가산동맛집</b> #가산동점심 #가산현대아울렛맛집 #가산동쭈꾸미맛집 #가산동점심특선 #가산동점심메뉴 #가산동점심추천 #여의도불맛쭈꾸미,레뭉의 일상 꾸러미,blog.naver.com/rich_lemon,20250907
<b>가산동 맛집</b>이자 가성비 있는 야끼니꾸 고기집 가산 호챈,https://blog.naver.com/haejunge/223788835783,<b>가산동 맛집</b>이자 가성비 고기집 호챈에서 저녁식사 그렇게 주문하고 나니 먼저 같이 곁들여 먹을 절임류 반찬이 나왔고요. 그 다음 이어서 고기가 등장합니다. 가산동 고기집답게 소와 닭을 한번에 먹을 수... ,문화로말하다,blog.naver.com/haejunge,20250308
가산디지털단지역맛집 <b>가산동맛집</b> 밝은 분위기에서 기분 좋게... ,https://blog.naver.com/x9txt013k/224066810256,"가산디지털단지역맛집 <b>가산동맛집</b> 밝은 분위기에서 기분 좋게 식사 가산디지털단지역 근처에서 점심 메뉴를 고민하던 중, 블로그에서 우연히 의령메밀집을 발견했어요! 평소 메밀 요리를 즐겨 먹는 터라... ",웃음라벤더,blog.naver.com/x9txt013k,20251106
<b>가산동 맛집</b> 맛있는 바다,https://blog.naver.com/poohhoo/222028395909,희안하게 독산동에서 몇년을 있어도 횟집은 잘 눈에 안띄어서 <b>가산동 맛집</b>으로 검색해서 맛있는 바다를... 여기는 가산동 회식장소로도 괜찮을듯 하다. 특별히 메뉴고민할 것 없고 회나 찜이나 탕종류를... ,나를 블로깅 합니다,blog.naver.com/poohhoo,20200712
<b>가산동 맛집</b> 오스타닭갈비 가산본점 가디역맛집,https://blog.naver.com/0cherry3160/223993503135,안녕하세요 : ) 오늘은 가산디지털단지역 바로 앞에 위치한 닭갈비 맛집을 소개합니다 ! <b>가산동맛집</b> 오스타 닭갈비는 35년동안 운영해온 엄마손춘천닭갈비가 오스타닭갈비로 새로 이전해서 오픈한 곳인데요... ,걸어서 언덕너머로,blog.naver.com/0cherry3160,20250903
가디단<b>맛집</b> 더제이케이키친박스 가성비 좋은 <b>가산동</b> 파스타,https://blog.naver.com/funny9942/223942373599,#가디단맛집 #<b>가산동맛집</b> #가산동파스타 #가디역파스타 #가디파스타 #가디역양식 #가산역맛집 #가산역양식 #가산역양식맛집 #가산역파스타 #가산맛집 #가산양식맛집,써니의 데이트립,blog.naver.com/funny9942,20250722
<b>가산동</b>생선구이 가산퍼블릭 한식<b>맛집</b> 정백어가,https://blog.naver.com/dukuduku_/223814309158,먹고나왔습니다 :) 가산퍼블릭 한식 맛집 정백어가. 건강하고 푸짐한 맛집 추천드려요! #가산퍼블릭맛집 #가산맛집 #<b>가산동맛집</b> #가산생선구이 #정백어가 #가산동생선구이 #가산동한식맛집 #정백어가가산퍼블릭,맛도리 쥐콩백,blog.naver.com/dukuduku_,20250329
가산디지털단지역맛집 <b>가산동맛집</b> 육수 깊이가 수십 번 연구한... ,https://blog.naver.com/uizumxi605/224067768218,가산디지털단지역맛집 <b>가산동맛집</b> 육수 깊이가 수십 번 연구한 게 느껴져요 가산디지털단지역 근처에서 일하는 친구가 극찬하던 의령메밀집! 드디어 방문해봤습니다! 점심시간에 가면 웨이팅이 있다고 해서... ,uizumxi605님의블로그,blog.naver.com/uizumxi605,20251107
가산디지털단지역맛집 <b>가산동맛집</b> 의령메밀온소바 국물 깊이감... ,https://blog.naver.com/qwrtuipp127/224068876481,가산디지털단지역맛집 <b>가산동맛집</b> 의령메밀온소바 국물 깊이감 미쳤어요 가산디지털단지역 근처에서 일하는 친구가 극찬하던 &quot;의령메밀집&quot; 드디어 방문! 평소 메밀요리를 즐겨 먹는 저는 기대감을 가득 안고... ,게으른 농부의 전원생활,blog.naver.com/qwrtuipp127,20251108
<b>가산동맛집</b> 가산동회식장소 비턴에서 맥주먹고... ,https://blog.naver.com/bjegob/220162994812,<b>가산동맛집</b> 가산동회식장소 비턴에서 맥주먹고 루벤스노래연습장꼬고♬ 지난불금!! 대학때 추억을 되살리고자 모이기로한 멤버 ㅋㅋㅋ 독산역에위치한 <b>가산동맛집</b> 가산동회식장소 비턴에서 맥주먹고... ,만드는게 제일좋아 ! 비제곱&미퐁당,blog.naver.com/bjegob,20141027
<b>가산동 맛집</b> 점심 베트남 요리와 고기를 한 번에 슬로가든&amp;까몬,https://blog.naver.com/chelingling/224000178768,"있는 <b>가산동 맛집</b> 점심 레스토랑. 메뉴 저희는 양념 갈빗살 300g (25,000원), 분짜(14,000원), 반꾸온(14,000원), 펩시 제로(2,000원) 이렇게 골고루 주문해 봤어요. 가산동 점심 맛집 소고기 주문하면 무료로 후식... ",An Axe for the Frozen Sea,blog.naver.com/chelingling,20250908
"<b>가산동 맛집</b> 점심, 슬로가든&amp;까몬에서 즐긴 베트남 퓨전 고깃집",https://blog.naver.com/foodlikepig/223997293611,"이런 시스템은 가산동에서 흔히 볼 수 없는 새로운 시도라 인상 깊었습니다. 오늘의 선택, 채끝과... 회식, 가족 모임, 소규모 모임까지 두루 소화할 수 있는 구조라 “<b>가산동 맛집</b> 점심” 에 잘 맞는... ",꿀꿀 돌아다니는 돼지공간,blog.naver.com/foodlikepig,20250906
"<b>가산동 맛집</b> 육뜸 숯불향 가득 목살,김치찌개 대박",https://blog.naver.com/dreamjin1/224027638153,"위치 &amp; 영업시간  서울 금천구 <b>가산동</b> 42-30  010-****-**** ⏰ 월~토 16:00 ~ 22:00 (일요일 휴무) ✨ 총평 육뜸은 괜히 서울핫플이 아니네요 프리미엄 한돈 숯불구이 서울<b>맛집</b>일 뿐만 아니라, 사장님의 세심한 배려와... ",뽀르미죠 일상이야기♥,blog.naver.com/dreamjin1,20250930
<b>가산동맛집</b> 애슐리W 신메뉴 맛보기,https://blog.naver.com/diaudghk/221776910927,"저는 낮에 엄마랑 단둘이 <b>가산동맛집</b> 애슐리W 가서 1월 신메뉴도 맛보고 근처 아울렛에서 쇼핑도... 신이나- 신이나- ♬ 역시 맛있는거 먹으면 기분 업업, 이래서 맛집을 이곳저곳 찾아다니게 되나봐요. 참고로... ","밝게 빛나길, blingsong :)",blog.naver.com/diaudghk,20200118
<b>가산동 맛집</b> 김명태 매운갈비찜 가산점 메뉴,https://blog.naver.com/798147/223486378364,"외관 외관 <b>가산동 맛집</b> 메뉴 김명태 매운갈비찜 가산점은 가산동 주민센터 맞은편, 현대 아울렛 뒤편, 디지털 오거리에서 독산동 방향 가산디지털단지역 도보 15분, 현대아울렛 도보 3분, w몰... ",또랭이의 맛로드✨️,blog.naver.com/798147,20240621
"떡밀밀, {<b>가산동</b>} 맛과 가성비 좋은 떡볶이 <b>맛집</b>",https://blog.naver.com/hapy66/223830857752,"했어요 가산동 떡볶이 맛집 떡밀밀 가산한화점에서 ♡♡♡ 맛있게 배불배불 떡볶이, 순대, 튀김, 어묵 먹고 행복했어요 ❤️ #떡밀밀떡볶이 #떡밀밀가산 #<b>가산동맛집</b> #가산동떡볶이 #가산동점심 #가산떡볶이",love is giving,blog.naver.com/hapy66,20250412
[가산맛집/쭈꾸미] <b>가산동 맛집</b> 쭈꾸미씨스터즈에서 둘이서... ,https://blog.naver.com/zzirrrr/220629522990,[가산맛집/쭈꾸미] <b>가산동 맛집</b> 쭈꾸미씨스터즈에서 둘이서 배불리먹기 가산동에 쭈꾸미시스터즈가 생겼음@@ SJ테크노빌 건물이 롯데아울렛으로 바뀌면서 3층에 식당이 몇개 들어왔는데 그 중에 생긴... ,moon flow,blog.naver.com/zzirrrr,20160217
가산디지털단지역맛집 <b>가산동맛집</b> 다음에도 재방문 각 잡았어요,https://blog.naver.com/76y31dwlz/224066808379,가산디지털단지역맛집 <b>가산동맛집</b> 다음에도 재방문 각 잡았어요 평소에 면 요리를 엄청 좋아하는 저는 새로운 맛집을 찾아다니는 걸 즐겨요. 그러던 중 가산디지털단지역 근처에 숨겨진 메밀 맛집이 있다는... ,웃음빛나,blog.naver.com/76y31dwlz,20251106
[<b>가산동맛집</b>] 제주탐하리,https://blog.naver.com/jieun4243/221683566131,아울렛 들르시면 제주탐하리 꼭 들려보세요 #가산디지털단지맛집 #가산맛집 #<b>가산동맛집</b> #가산고기집 #가산디지털단지고기 #제주탐하리 #가산제주탐하리 #현대시티아울렛맛집 #가산고기맛집 #금천고기맛집,YUN SANG CHU,blog.naver.com/jieun4243,20191020
<b>가산동 맛집</b> [부자아줌마] 여사님이랑 독산역에서 삼합먹고... ,https://blog.naver.com/zz282/220505078610,"<b>가산동 맛집</b>/ 독산역 맛집 [부자아줌마] 여사님이랑 가산동에 볼일이 있어서 들렀답니다. 가산동 현대아울렛에 갔었는데, 요즘 날씨에 딱 입기 좋은 자켓을 46 만원에 데려온 여사님 ㅎㅎ (40 % 할인이 적용돼서... ",호두젠맘의 육아이야기❤️,blog.naver.com/zz282,20151010
가산디지털단지 <b>맛집</b> 화덕구운고등어 금천구 <b>가산동</b> 생선구이... ,https://blog.naver.com/dreaming-mj/223861766256,금천구 가산동 손맛 좋은 집 찾아내서 너무 기뻤는데요. 꾸미가 가산디지털단지 맛집... 출처 <b>가산동맛집</b> 화덕구운고등어는 가산디지털단지역 6번 출구에서 도보 8분 거리에 위치하고 있습니다. 가산두산위브... ,꿈꾸는 MJ♡,blog.naver.com/dreaming-mj,20250511
<b>가산동맛집</b> 화덕구운고등어 겉바속촉 생선구이와 김치찌개,https://blog.naver.com/tnsis12/223855278486,"촉촉하게 익어서 전혀 비리지 않고 맛있게 먹었답니다:) 조만간 또 다시 가고싶은 가산동밥집 이에요! 생선구이 , 한식맛집 가고싶으시면 강추드려요 #<b>가산동맛집</b> #가산맛집 #가산밥집 #가산생선구이#독산동밥집",Where must we go,blog.naver.com/tnsis12,20250507
구디 <b>가산동 맛집</b> 가산물갈비 백년불고기,https://blog.naver.com/doongddal/222528698481,<b>가산동</b>에서 조촐한 조동모임 미래퀸산후조리원 애정하는 조동 모임 멤버 중 가장 애정하는 예린맘... <b>맛집</b> 맞나부다. 이 애매한 시간에 사람이 많다는 건 좋은 현상이다. 온통 빨간 소고기 사진 글씨도 빨강... ,TTTJP,blog.naver.com/doongddal,20211006
<b>가산동맛집</b> 김명태 매운갈비찜 가산점에서 맛있는저녁,https://blog.naver.com/yumihappy_/223785664194,오늘의 리뷰 <b>가산동맛집</b> 김명태 매운갈비찜 가산점에서 맛있는저녁 리뷰해볼께요 늦은 금요일 저녁... 퇴근이 늦어 거의 9시 다되가는 시간인데도 매장뿐만아니라 연신 울리는 배달알람소리 맛집은 맛집인가봄... ,"미니멀한 삶 속에서 포기 못하는 것 들 ,",blog.naver.com/yumihappy_,20250306
육뜸 가디역ㅣ회식하기 좋은 <b>가산동 맛집</b> 직접 구워주는 고깃집,https://blog.naver.com/hasyon316/224053295972,제 친구도 근처에서 회사를 다녀서 어제 같이 <b>가산동</b> 고기 <b>맛집</b> ‘육뜸’ 에 다녀왔는데 너무 만족하고 와서 바로 소개드리려고 해요 매장 위치 및 외관 육뜸은 정말 가산디지털단지역 2번 출구 코앞에... ,마이무,blog.naver.com/hasyon316,20251025
<b>가산동 맛집</b> 맛순이 순대국 감자탕 : 혼밥하기 좋은 맛있는 식당,https://blog.naver.com/hy1549/223910121317,"<b>가산동 맛집</b> 맛순이 순대국 감자탕 맛순이 순대국 감자탕은 금천 구립가 산도서관, 가산 두산위브... <b>가산동 맛집</b> 맛순이 순대국 감자탕 사장님도 친절하시고 에어컨까지 빵빵해서 시원하게 잘 먹고 왔어요!... ",술이수리마술이,blog.naver.com/hy1549,20250624
<b>가산동 맛집</b> 신선도 오마카세 가성비 좋은 룸식당,https://blog.naver.com/blackcoffee19/223766634074,#<b>가산동맛집</b> #가산동오마카세 #가산동일식 #가산동룸식당 #가산동신선도 가산동은 직장인이 많은 곳이라 아무래도 조용한 룸식당도 찾게 되는데요 그 중에서도 가성비 좋은 오마카세를 점심에 다녀와봤어요... ,BlackCoffee♥,blog.naver.com/blackcoffee19,20250219
가산동 거주민이 셀 수 없이 간 <b>가산동 맛집</b> 가산생갈비 삼겹살,https://blog.naver.com/hyeonji-yumyumlog/223844620918,그때부터 지금까지 블로그 포스팅만 3개에 일상글 언급까지 최소 7번 이상을 방문한 (맨 밑에 또간집 인증하는 사진 첨부했어요) 가산동 거주민이 추천하는 찐 <b>가산동 맛집</b> '가산생갈비' 4번째 내돈내산 포스팅... ,넌 먹을 때가 제일 예뻐,blog.naver.com/hyeonji-yumyumlog,20250424
<b>가산동 맛집</b> 가산 고기집 소갈비 회식장소 추천 슬로가든 까몬,https://blog.naver.com/slpbb/223969577555,수 있는 곳 쌀국수를 좋아한다면 쌀국수와 함께 고수도 마음껏 먹을 수 있는 <b>가산동 맛집</b>으로 정말 추천드려요! #가산_고기집 #가산디지털단지_맛집 #가산_삼겹살 #가산동소갈비 #가산퍼블릭맛집 #슬로가든까몬,실버라이닝 {Silver Linings PB},blog.naver.com/slpbb,20250814
가산디지털단지역맛집 <b>가산동맛집</b> 저녁 메뉴로도 든든하게... ,https://blog.naver.com/uqkmzkwqx/224069757582,가산디지털단지역맛집 <b>가산동맛집</b> 저녁 메뉴로도 든든하게 먹을 수 있어요 가산디지털단지역 근처에서 일하는 친구가 의령메밀집을 추천해줘서 방문하게 됐어요! 평소에 메밀 소바를 즐겨 먹는 편이라... ,구름속여행,blog.naver.com/uqkmzkwqx,20251109
가산디지털역쌀국수 / <b>가산동맛집</b> : 리포브릭 가산직영점,https://blog.naver.com/pma4958/223943818429,02-6111-6162 주소: 서울 금천구 가산디지털2로 165 백상스타타워2차 101호 리포브릭 가산직영점 #가산디지털역맛집 #가산디지털역쌀국수 #가산동쌀국수 #<b>가산동맛집</b> #가산동점심 #가산동쌀국수집 #가산동쌀국수,Bajo el cielo,blog.naver.com/pma4958,20250723
<b>가산동</b> 회식 <b>맛집</b> 친절하고 고기맛있는 육로,https://blog.naver.com/anita_kim/223734911707,믿고 드셔도 되는 <b>가산동 맛집</b>입니다. 바로 세팅이 되었습니다. 정말 좋습니다. 자리도 넓고 밥 먹기도 편한 단체석이 잘 마련된 가산동 회식 맛집입니다. 역시 최고입니다. 마음이 급한 우리는 일단 고기를 굽기... ,보미누나 블로그,blog.naver.com/anita_kim,20250123
"<b>가산동 맛집</b>, 애슐리W 갈릭시즌 넘나 푸짐해!",https://blog.naver.com/hyoung7371/221653264262,"<b>가산동 맛집</b>, 다른 곳 가지마요 애슐리W 가세요! 글 쓰면서도 사진보니, 또가고 싶다.....흐흐흐 조만간 먹으러 다시 고고 해야겠당 히히! 애슐리W 가산재능점 : 서울특별시 금천구 가산디지털1로 186 (가산동)... ",날다희의 꿈꾸는 작은공간,blog.naver.com/hyoung7371,20190919
가산디지털단지역<b>맛집</b> :: <b>가산동</b> 밥집 백만그릇파스타,https://blog.naver.com/eodnjs9694/223972390947,혼밥가능한 가산동 밥집이다. 가산디지털단지역맛집 백만그릇파스타의 메뉴와 가격은 첨부한... 저녁에 술한잔하며 식사하기 좋은 분위기 좋은 <b>가산동 맛집</b>이나 파스타 전문점을 찾는다면 디지털단지오거리... ,#.Story,blog.naver.com/eodnjs9694,20250816
가산디지털단지역맛집 <b>가산동맛집</b> 의령메밀냉소바 여름에... ,https://blog.naver.com/zkzugscnvyp/224067769313,"가산디지털단지역맛집 <b>가산동맛집</b> 의령메밀냉소바 여름에 딱이에요 점심시간, 뭘 먹을까 고민하다가 동료가 추천해 준 &quot;의령메밀집&quot;! 평소에 면 요리를 워낙 좋아해서 기대 반 설렘 반으로 방문했어요.... ",행운미소,blog.naver.com/zkzugscnvyp,20251107
"가산디지털단지 고기집,직접 구워주는 <b>가산동 맛집</b>... ",https://blog.naver.com/rrnnina/224045512441,"오늘은 <b>가산동</b>에 위치한 고기집 김치굽는삼겹살을 다녀왔어요! 원래 요기가 숯불 닭갈비집이었는데, 이번에 김치를 곁들여 새롭게 리뉴얼 했더라구요!! 원래도 동네 <b>맛집</b>으로 입소문이 돌았던지라... ",먹전사와 먹장군,blog.naver.com/rrnnina,20251018
"산더미 가산물갈비&amp;수원왕갈비, 매콤칼칼 푸짐하게 <b>가산동 맛집</b>",https://blog.naver.com/wadada_hee/223989640649,"물갈비와 칼칼한 국물이 딱 스트레스 풀리는 맛이었다. 가산에서 회식이나 가족 모임 장소 찾는다면, 가산물갈비&amp;수원왕갈비에서 먹으면 성공적일 듯~~ &amp; #가산디지털단지맛집 #가산디지털역맛집 #<b>가산동맛집</b>",동갑내기 커플의 신혼 일기,blog.naver.com/wadada_hee,20250904
가산디지털단지 닭한마리 <b>맛집</b> <b>가산동</b>닭한마리,https://blog.naver.com/mamon555/223881891622,정기휴무 #가산동닭한마리 #가산닭한마리 #<b>가산동맛집</b> #가산맛집 #가디맛집 #가디닭한마리 #가산점심 #가산점심메뉴 #가디역맛집 #가산동닭볶음탕 #가디닭볶음탕 #가디역닭볶음탕 #가디맛집추천... ,메몽의 하루,blog.naver.com/mamon555,20250529
서울 <b>가산동</b> 곱창<b>맛집</b> 서울막창 내돈내산 후기,https://blog.naver.com/churihae/224022107925,가산동 곱창 맛집 서울막창 가산동에서 파막창으로 유명한 서울막창 다녀왔어요 비오는 쌀쌀한 날에는... 없잖아요 <b>가산동 맛집</b>답게 양 많이 주시네요 (요즘 고깃집가면 넘 아쉬워요) 서울막창의 시그니처... ,츄리의 알콩달콩 라이프⋰˚☆,blog.naver.com/churihae,20250926
<b>가산동</b> 삼겹살 <b>맛집</b> ‘기영상회’ 후기,https://blog.naver.com/gkdusglaso/223687283321,안녕하세요~~ 가산동 삼겹살 맛집 기영상회에 다녀왔습니다!!! #<b>가산동맛집</b> #가산동삼겹살 #기영상회 #가산동고깃집 기영상회 월-토 16:00 - 24:00 (23:30 라스트 오더) / 일요일 휴무 기영상회는 벌써 3번째... ,뽀밍뚜 RECORD,blog.naver.com/gkdusglaso,20241209
<b>가산동맛집</b> 안주 무한리필 술까락,https://blog.naver.com/simva_/220979948349,주소 : 서울특별시 금천구 가산동 60-19 전화번호 : 02-3397-0007 위치는 가산디지털단지역 4번 출구로... 저희는 <b>가산동 맛집</b> 술까락의 김치전골이랑 치즈불닭 시켰습니다. 제가 매운거 잘 못 먹는데도 치즈불닭... ,12.8.29,blog.naver.com/simva_,20170410
가산디지털단지 맛집 김명태 매운갈비찜 가산점 <b>가산동 맛집</b>,https://blog.naver.com/ksbeen0709/223825226724,있는 <b>가산동 맛집</b> 김명태 매운갈비찜 가산점 양도 많고 밥 비벼먹기 딱 좋은 국물 맛이 지금도 아른거리는 가산디지털단지역 맛집 추천드립니다!!! #가산디지털단지맛집 #김명태매운갈비찜가산점 #<b>가산동맛집</b>,다이어리,blog.naver.com/ksbeen0709,20250407
맛과 분위기를 한번에 파스타 맛있는 <b>가산동맛집</b>,https://blog.naver.com/fairycom/223885110084,"가산디지털단지역 분위기와 맛이 좋은 가성비 좋은 이탈리안식당 파스타<b>맛집</b> 또 가고 싶은 곳 더제이케이키친박스 가산디지털단지점!! * 서울 금천구 가산디지털1로 145 (<b>가산동</b>, 에이스하이엔드타워3차) 1층... ",로이아빠의 솔직한 시각,blog.naver.com/fairycom,20250601
<b>가산동 맛집</b> 영양삼계탕 닭도리탕 :-),https://blog.naver.com/s9b7am77b/221726646328,다녀온 <b>가산동 맛집</b> 영양삼계탕이 되겠습니다! 가산동쪽이 아무래도 아이티업종 직장이 많다보니 그만큼 <b>가산동 맛집</b>도 많이 분포되어있는데요 그야말로 평일에는 활기치는곳이지만 일요일만되면 공허한곳이... ,비만붕어와 근육붕어의 입맛은 맛있으면 장땡이다,blog.naver.com/s9b7am77b,20191204
<b>가산동 맛집</b> 중식 직장인 점심 혼밥하기 좋은 호랭이반점... ,https://blog.naver.com/qwer54041/223648042632,"좋은 가산동 중식 맛집이다. 호랭이반점 추천 메뉴는 유니반반짜장, 호랭이 해물짬뽕, 사천제육덮밥, 한돈 등심 탕수육, 호랭이 순살치킨이 있다. 다양한 중식 메뉴들과 치킨이 있는 <b>가산동 맛집</b>! 퇴근 후... ",듄묭하우스,blog.naver.com/qwer54041,20241105
<b>가산동맛집</b>. 가디맛집. 가산디지털단지맛집. 춘천옥,https://blog.naver.com/sinnazi83/222570436833,<b>가산동맛집</b>. 가디맛집. 가산디지털맛집. 춘천옥. 가산동보쌈. 가산동막국수. 가산디지털보쌈. 가디보쌈. 가산디지털막국수. 현대아울렛맛집. 현대아울렛보쌈 현대아울렛막국수. 가산현대아울렛맛집.... ,삼남매는 언제나 봄날,blog.naver.com/sinnazi83,20211117
<b>가산동 맛집</b> / 부자아줌마  : 회식하기좋겠당!,https://blog.naver.com/zzirrrr/221247357192,<b>가산동 맛집</b> / 부자아줌마 : 회식하기좋겠당! 이제 슬슬 가산동 포스팅을 할 때가 된것 같네요..... 다시 가산으로 컴백했으니 종종 <b>가산동 맛집</b>을 올려보도록 하겠습니다! 첫 포스팅은 <b>가산동 맛집</b> 부자아줌마... ,moon flow,blog.naver.com/zzirrrr,20180407
가산디지털단지<b>맛집</b> 봉추찜닭 가산역점 <b>가산동</b> 닭요리 전문점,https://blog.naver.com/ucalynamoo/223289764998,추가됩니다❤️ #가산동닭요리전문점 #가산디지털단지역찜닭 #가산디지털단지역점심 #가산디지털단지역한식 #가산디지털단지역데이트 #가산디지털단지맛집 #<b>가산동맛집</b> #가산디지털단지역맛집 #서로이웃... ,✨하얀나비 맛집블로그✨,blog.naver.com/ucalynamoo,20231213
<b>가산동 맛집</b> 애슐리W 치즈시즌 맛보러 고고!,https://blog.naver.com/hyoung7371/221731150253,"이 만남이 또 기가 막혀요~ㅎㅎㅎ <b>가산동 맛집</b>, 애슐리로 오세요 닭고기 위에 치즈를 올려서 먹는 그 맛!... 가산맛집 애슐리 ㅋㅋㅋㅋ 애슐리W 는 샐러드도 맛있는 거 아시죠? 상큼하고 신선한 샐러드 종류도... ",날다희의 꿈꾸는 작은공간,blog.naver.com/hyoung7371,20191209
<b>가산동 맛집</b> - 완전 푸짐한 산더미물갈비!,https://blog.naver.com/i_am_korean/221169309454,검증받은 맛집이라는 기대를 품고 방문했어요 :) <b>가산동 맛집</b> 백년불고기의 메뉴와 가격이에요... 온 <b>가산동 맛집</b> 백년불고기였습니다 :) 주소 : 서울시 금천구 가산동 371-37 STX V TOWER 110호 전화번호 : 02-830-8981... ,소담스러운 일상,blog.naver.com/i_am_korean,20171222
<b>가산동맛집</b> 돌솥밥생선구이 정식 추천 다도해수산,https://blog.naver.com/beany_b/223781211555,"금천구맛집, <b>가산동맛집</b> 찾으시는 분들은 다도해수산 추천드릴게요. 점심메뉴랑 회, 탕류들 모두 맛있어요!! #가산디지털단지역맛집 #금천구맛집 #<b>가산동맛집</b> #가산디지털단지역횟집 #금천구횟집 #다도해수산... ",Beany_B,blog.naver.com/beany_b,20250302
<b>가산동 맛집</b> 쿠모에서 양등심,https://blog.naver.com/realrevolution/223876041989,양고기를 주문하면 기본으로 차완무시와 또띠아 카레가 나오는 <b>가산동 맛집</b> 쿠모 안녕하세요 건빵사장입니다 오늘은 서울 금천구 가산동에 위치한 양갈비집인 쿠모를 방문했습니다 KUMO 위치는 현대아울렛... ,15분 전,blog.naver.com/realrevolution,20250524
델리커리 가산현대아울렛점 <b>가산동맛집</b> 가산현대아울렛데이트,https://blog.naver.com/sailorsaturn/222736402846,#<b>가산동맛집</b> #가디맛집 #가산현대아울렛맛집 #금천구맛집 #가산파스타 #가산동카레 #가디단맛집 #가산디지털단지역점심#델리커리가산현대아울렛점 #델리커리,카카오썬 살롱,blog.naver.com/sailorsaturn,20220518
<b>가산동 맛집</b> 1월 애슐리W 신메뉴 즐기러 Go Go,https://blog.naver.com/hyoung7371/221778978159,"<b>가산동 맛집</b>, 애정하는 애슐리 신메뉴 푸짐하게 즐기고 왔어요^^ 집에서 가까운 곳에 애슐리W... 아시안 플레이트 메뉴들이 ~ 쭉 준비되어 있는데요 종류가 정말 많아요, <b>가산동 맛집</b>으로 불리는 이유가 있죠!... ",날다희의 꿈꾸는 작은공간,blog.naver.com/hyoung7371,20200120
"금천구 <b>가산동 맛집</b>, 가산디지털단지 라복궁 양갈비&amp;마라탕... ",https://blog.naver.com/uk22uk/222978271068,"왜 <b>가산동 맛집</b>, 서울 양고기 맛집 하는줄 알겠죠? 고기 퀄리티부터 다르기 때문에 특별하더라구요. 그리고 요즘도 양고기에 대해서 부담감 가지시는 분들이 계실지 모르겠지만, 양냄새 안나더라구요 저는... ",벤사마의 습관적 여행,blog.naver.com/uk22uk,20230108
추천 <b>가산동</b> 카페 라떼 찐<b>맛집</b> 그레이핍플 버터크림라떼,https://blog.naver.com/jayuro_/224079874956,<b>가산동</b> 베이커리 <b>맛집</b> 그레이핍플은 자리가 많은편은 아니었지만 저녁시간대라 한적~ 지나가다가 메뉴 구경하기 좋아요 메뉴가 정~말 많습니다. <b>가산동</b> 카페 그레이핍플 메뉴 베스트 메뉴예요 드셔보시면 왜... ,라일락의 식도락,blog.naver.com/jayuro_,20251118
[<b>가산동 맛집</b>] 김명태 매운갈비찜 가산점 시래기 명태조림 후기,https://blog.naver.com/niwoo1112/223770427476,식당이었습니다 명태조림을 맛있게 먹고 나니 매운갈비찜도 궁금해졌어요  주차 가능하고 음식 맛있는 <b>가산동 맛집</b> 김명태 매운갈비찜 가산점 추천  #<b>가산동맛집</b> #<b>가산동맛집</b>주차 #가산디지털단지맛집,예쁘게 기록하기✨,blog.naver.com/niwoo1112,20250223
<b>가산동맛집</b> :) 곱창나라,https://blog.naver.com/jieun4243/221628154954,다음번엔 꼭 볶음밥까지 야무지게 볶아먹고 와야겠어요~ 맛있는 곱창나라 한번가서 드셔보세요^^ #곱창나라 #가산디지털단지곱창 #가산곱창 #가산맛집 #가디맛집 #<b>가산동맛집</b> #가산곱창,YUN SANG CHU,blog.naver.com/jieun4243,20190825
금천구 <b>가산동 맛집</b> 자담치킨 신메뉴 순살 치즈핑치킨 추천,https://blog.naver.com/dltmf2792/223830041289,본 포스팅은 자담치킨에서 제공받았으며 직접 맛보고 작성한 후기입니다 금천구 <b>가산동 맛집</b> 자담치킨... ㅎㅎ 금천구 가산동 자담치킨 서울가산점 영업시간 저는 집 근처에 있는 금천구 가산동 치킨맛집... ,스뤼이야기,blog.naver.com/dltmf2792,20250411
<b>가산동 맛집</b> 술집 녹번 꼼장어 양념막창 소금꼼장어 방문 후기,https://blog.naver.com/moyamsky/223826654338,#<b>가산동맛집</b> #가산동술집 녹번 꼼장어 안녕하세요~~ 취미챌린저 늘로로입니다! 미리 보기 회사 일로... 가산동 닭발 맛집 말씀드릴게요 가게 입구 녹번 꼼장어는 가산디지털단지 근처에 위치해 있어서 퇴근 후... ,취미챌린저 늘로로,blog.naver.com/moyamsky,20250409
<b>가산동</b>배달<b>맛집</b> 이건형수제분식,https://blog.naver.com/arum7608/222735346162,매장방문 해보고 싶은 맘이들었어요!! 추천추천. #가산배달<b>맛집</b> #<b>가산동</b>배달<b>맛집</b> #라볶이<b>맛집</b> #가산라볶이 #가산분식<b>맛집</b> #<b>가산동</b>분식<b>맛집</b>추천 #금천구분식<b>맛집</b> #금천구분식 #<b>가산동</b>라볶이<b>맛집</b> #가산<b>맛집</b>,I'm겸,blog.naver.com/arum7608,20220517
<b>가산동</b> 생선구이 <b>맛집</b> 정백어가 가산퍼블릭점,https://blog.naver.com/smileplaylist/223805864963,가디역 맛집 검색하다가 발견한 정백어가 화덕 생선구이 <b>가산동 맛집</b>이라고 많이 나오더라고요... 생선구이 정식 먹고 후식으로 뜨끈한 누룽지까지 먹으면 최고죠 #가산동 생선구이 #가산동 밥집... ,BUBU의 개꿀일상,blog.naver.com/smileplaylist,20250322
[서울] 김명태매운갈비찜 가산점 - <b>가산동 맛집</b> / 독산동 맛집... ,https://blog.naver.com/skulture/222718435597,순딩이네 집 주변에 엄청 유명한 맛집이 있어 다녀왔어요. <b>가산동 맛집</b> 독산동 맛집으로 유명한 &lt;김명태... 가산데이트맛집 #가산동데이트맛집추천 #독산동데이트 #독산동데이트맛집추천 #가산존맛... ,삐딱이와 순딩이의 행복견문록,blog.naver.com/skulture,20220502
<b>가산동맛집</b> 여의도 불맛쭈꾸미 직장인 점심 추천,https://blog.naver.com/woorimiru/223998314687,<b>가산동맛집</b> 여의도불맛쭈꾸미 위치 #<b>가산동맛집</b> #가산동점심맛집 #가산동쭈꾸미 #쭈꾸미볶음 #가산직장인맛집 #가산역맛집 #불맛쭈꾸미 #가산동회식장소 #매운맛집 #쭈꾸미맛집,유러버,blog.naver.com/woorimiru,20250907
가산디지털단지역맛집 의령메밀온소바 국물 올킬한 <b>가산동맛집</b>,https://blog.naver.com/mkbivic4089/224064060913,"가산디지털단지역맛집 의령메밀온소바 국물 올킬한 <b>가산동맛집</b> 가산디지털단지역 근처에서 일하는 친구가 의령메밀집을 극찬하길래, 얼마나 맛있길래 저렇게 칭찬하나 궁금해서 퇴근하고 바로 달려갔어요!... ",상큼한별빛,blog.naver.com/mkbivic4089,20251104
가산디지털단지역 <b>맛집</b> <b>가산동</b> 회식하기 좋은 하남돼지집,https://blog.naver.com/ddoong2-/223831841971,"가산디지털단지역 맛집, <b>가산동 맛집</b> 찾고 계시는 분들 참고해 보세요! 1. 위치 가산디지털단지역 맛집... 가산동 회식 맛집으로 강추! 김치말이 국수도 시원하고 상큼하니 넘 좋았답니다. 가산디지털단지역 맛집... ","얼렁뚱땅이 요리,베이킹로그",blog.naver.com/ddoong2-,20250413
[가산 고기 <b>맛집</b>] 금천구 <b>가산동</b> 최대포 숯불구이 후기,https://blog.naver.com/wep17/221769264332,반찬들도 부족해 보이면 먼저 가져다 주시고 담에 또 방문할고에용 위치는 가산동 주민센터 현대아울렛 근처입니당 #최대포숯불구이 #가산동고기맛집 #<b>가산동맛집</b> #가산고기맛집 #갈매기살 #주먹고기 #양념갈비,YUN :D REC,blog.naver.com/wep17,20200112
가산디지털단지역맛집 <b>가산동맛집</b> 메밀 본연의 맛 살린 요리... ,https://blog.naver.com/1oq3pv822/224066809359,가산디지털단지역맛집 <b>가산동맛집</b> 메밀 본연의 맛 살린 요리 최고예요 가산디지털단지역 근처에서 점심 먹을 곳을 찾다가 의령메밀집을 발견했어요! 평소에 메밀 소바를 워낙 좋아하는 저로서는 그냥 지나칠 수... ,즐거운꽃,blog.naver.com/1oq3pv822,20251106
가산디지털단지역맛집 <b>가산동맛집</b> 가디역맛집 ‘하남돼지집... ,https://blog.naver.com/gkdusglaso/223879088523,#가산디지털단지역맛집 #<b>가산동맛집</b> #가디역맛집 #가산디지털단지삼겹살 #가산디지털단지회식 하남돼지집 가산디지털역 화-월 17:00 - 23:00 / 일 정기휴무 하남돼지집은 가디역 11번 출구에서 202m 거리에 위치하고... ,뽀밍뚜 RECORD,blog.naver.com/gkdusglaso,20250527
"찾았다 <b>가산동</b> 수제버거 <b>맛집</b>!! 데이트, 직장인 점심식사... ",https://blog.naver.com/angela881112/223408754223,좌석도 깔끔하고 넓고 다양하게 준비되어 있어서 저희처럼 가족단위로도 혼자 혼밥으로도 데이트로도 오기 좋을 것 같아요 #직장인점심 #<b>가산동맛집</b> #가디맛집 #가산동혼밥추천 주문은 키오스크에서 쉽게 할 수... ,쑥덕숙덕 레시피,blog.naver.com/angela881112,20240408
<b>가산동 맛집</b> 당근 마켓 소문난 돈꿈,https://blog.naver.com/jieun4243/223444730747,마켓으로 맛집 추천 글들이 있고 여기에 오신 분들이 다 칭찬을 하셔서 궁금했었거든요 <b>가산동 맛집</b>... 맛있었던 가산동 삼겹살 돈꿈에서 깔끔하게 점심 먹고 가네요 주변 회식이나 가족 외식 한번 가시는 것... ,YUN SANG CHU,blog.naver.com/jieun4243,20240513
[가산] <b>가산동</b> 소고기 묵은지삼합 <b>맛집</b> ‘기영상회’,https://blog.naver.com/9910dbswjd/223864528482,"독산역 맛집 <b>가산동 맛집</b> 금천구 맛집 찾고있는 분, 묵은지 삼합이나 관자 삼합 맛집 찾는 분들께 기영상회 강추한다 #가산동고기집 #가산동소고기 #관자삼합 #묵은지삼합 #기영상회",:em hsirehc,blog.naver.com/9910dbswjd,20250513
[<b>가산동 맛집</b>] 조용히 혼술하기 좋은 고기집 호챈 야끼니꾸,https://blog.naver.com/gyeomd22/223769585748,월 - 토 17:00 ~ 24:00 매주 일요일 정기휴무 ☎ 0507-1310-4710 / 콜키지 가능(유료) #<b>가산동맛집</b> #가산동고기집 #가산동야끼니꾸 #가디맛집 #가산맛집 #호챈 #가산소고기 #가산디지털단지맛집 #가산동혼술 #가디혼술... ,내이름은삼순이,blog.naver.com/gyeomd22,20250222
가산디지털단지역맛집 <b>가산동맛집</b> 전통 방식 그대로 면... ,https://blog.naver.com/uadvwepcn/224069758053,가산디지털단지역맛집 <b>가산동맛집</b> 전통 방식 그대로 면 뽑는다니 감동 가산디지털단지역 맛집을 찾다가 우연히 발견한 의령메밀집! 평소 메밀 요리를 즐겨 먹는 저로서는 그냥 지나칠 수 없었죠. 왠지 모르게... ,봄산책,blog.naver.com/uadvwepcn,20251109
<b>가산동</b> 노포 치킨 <b>맛집</b> 서울닭집,https://blog.naver.com/yura531/223978459440,총총총 #가산동치킨 #가산치킨맛집 #서울닭집 #가산서울닭집 #가산가성비맛집 #<b>가산동맛집</b> #가산동노포맛집 #가산동노포치킨 #가산통닭맛집 #독산동치킨 #서울노포치킨맛집 #가산치킨내돈내산,유또술의 마시는 인생,blog.naver.com/yura531,20250821
<b>가산동 맛집</b> 생선구이 정식 정백어가 든든한 밥집,https://blog.naver.com/hyang_g_/223848521435,<b>가산동 맛집</b> 정백어가 가산퍼블릭점 가산동 생선구이 가산디지털단지역 맛집 가산동 밥집 정백어가 가산퍼블릭점  주소 : 서울 금천구 디지털로 178 A동 1층 엠128호  지하철 : 가산디지털단지역 3번출구에서... ,그냥이의 그냥저냥 다하고살기,blog.naver.com/hyang_g_,20250428
[<b>가산동맛집</b> 생선구이는 여기서! 정백어가 : 고등어구이랑... ,https://blog.naver.com/won920926/223940728533,"이용가능 가산동생선구이 맛집 정백어가입니다. 매장 내외부 모두 깔끔하고 쾌적해요~ 무엇보다... 찍어보았어요 ㅎㅎㅎ 이렇게 먹으면 맛있지!!! ㅎㅎㅎㅎ <b>가산동맛집</b> , 가산동생선구이 어디서?!! 정백어가에서!!",도롱이네:),blog.naver.com/won920926,20250720
"김명태 가산점 <b>가산동 맛집</b>, 가산디지털단지 점심 맛집",https://blog.naver.com/leeboom88/223729284904,"점심뿐만 아니라 저녁에 술안주로도 좋고, 집에서 배달해서 시켜먹기도 좋은 <b>가산동 맛집</b>, 가산 맛집 김명태 가산점 보글보글 끓여진 갈비찜을 반찬처럼도 먹고, 김에도 싸먹고, 국물에 비벼서도 먹었어요.... ",데일리쇼니,blog.naver.com/leeboom88,20250117
가산디지털단지역맛집 혼밥족 강추 의령메밀집 <b>가산동맛집</b>,https://blog.naver.com/ataencymepi/224062805748,가산디지털단지역맛집 혼밥족 강추 의령메밀집 <b>가산동맛집</b> 가산디지털단지역 근처에서 점심 먹을 곳을 찾다가 우연히 발견한 &quot;의령메밀집&quot;! 평소 메밀소바를 엄청 좋아해서 그냥 지나칠 수가 없었어요. ㅋㅋㅋ... ,ataencymepi님의 블로그,blog.naver.com/ataencymepi,20251103
있는 양식당｜<b>가산동</b> 데이트 <b>맛집</b>｜내돈내산 재방문,https://blog.naver.com/hmnnowk/223936792665,손색없는 가산동 찐 분위기 맛집 영향 소개해 드릴게요! 영향 가산동 화요일~토요일 11:30-21:30... 먹는 <b>가산동 맛집</b> 아니랄까 봐 비주얼만큼이나 맛도 좋았어요! 매콤한 토마토소스와 널찍한 파스타면 조합이... ,en mi mente,blog.naver.com/hmnnowk,20250717
1호선 7호선 가산디지털단지 맛집 <b>가산동 맛집</b> 가산디지털역... ,https://blog.naver.com/imnay_/223993947603,&amp; &amp; 가산디지털단지 맛집 가산디지털역 맛집 <b>가산동 맛집</b> #가산디지털단지맛집 #가디맛집 #가디외식 #가디회식장소추천 #가디회식 #가산디지털역맛집 #가산동밥집 #<b>가산동맛집</b> #주차가능밥집 #맛집추천,"맛있게 소소한 일상 ,",blog.naver.com/imnay_,20250903
가산디지털단지 <b>맛집</b> 김명태 매운갈비찜 <b>가산동</b> 점심,https://blog.naver.com/dlrhdmssla/223856774167,가산디지털단지에서 혼밥하기 좋은 <b>가산동 맛집</b> 김명태 매운갈비찜. 코다리도 매운갈비찜도 모두... 코다리찜 포장을 해가면 코다리 한 마리를 추가로 제공하는 가산동 점심 맛집 김명태 매운갈비찜.... ,놀고 먹는 공간 ☺,blog.naver.com/dlrhdmssla,20250506
<b>가산동 맛집</b> 김명태 매운갈비찜 | 시래기명태조림과 솥밥 서비스,https://blog.naver.com/oozgnuoy/223845835227,외관 및 찾아가는 길 <b>가산동 맛집</b> '김명태 매운갈비찜'은 1호선/7호선 가산디지털단지역에서 도보로 약... ✔ 총평 '김명태 매운갈비찜 가산점'은 매운갈비찜 외에도 다양한 한식 메뉴가 잘 준비된 맛집이에요.... ,zoolog -⋆,blog.naver.com/oozgnuoy,20250425
가산디지털단지역맛집 <b>가산동맛집</b> 가산디지털단지 중심이라... ,https://blog.naver.com/dfarweirdb/224065306768,가산디지털단지역맛집 <b>가산동맛집</b> 가산디지털단지 중심이라 접근성 최고 어쩌다 보니 가산디지털단지역 근처에서 일하게 된 새내기 직장인입니다! 점심시간마다 뭘 먹을지 고민하는 게 정말 큰 숙제더라고요.... ,dfarweirdb님의블로그,blog.naver.com/dfarweirdb,20251105
<b>가산동</b> 삼겹살 <b>맛집</b> 기영상회 잘 먹었습니다,https://blog.naver.com/romois/223686422574,"좋은 기회가 와서 <b>가산동</b> 삼겹살 <b>맛집</b> 기영상회에 다녀왔어요! 원래 술 마실 때는 회사 근처에서 마시는데 기영상회 차돌삼합, 급냉삼겹살이 그렇게 맛있다고 하길래 파티원 모집해 방문했답니다. 기영상회는... ",오덕녀,blog.naver.com/romois,20241208
<b>가산동 맛집</b> - 손군부대개,https://blog.naver.com/herohwangsae/223503263655,<b>가산동 맛집</b> 손군 부대찌개. 벽산디지털밸리 5차 지하 1층에 있다. 가끔 속이 느끼할때 부대찌개나 김치찌개가 땡길때가 있다. 오늘이 그런날. 평소 눈여겨 봐두었던 손군 부대찌개 방문. 메뉴판. 삼겹살도 판다.... ,무적황새의 세계여행기록&맛집투어,blog.naver.com/herohwangsae,20240706
페퍼로니피자바게트 가성비 좋은 <b>가산동맛집</b> + 예약·영업정보,https://blog.naver.com/chiki-life/224058535380,가산동 안주 맛집 객주현에서 내일을 시작할 힘을 얻고 있는지도 모르겠다. (직장인들 화이팅 ^^) 3️⃣ 메뉴 퓨전 안주 가 맛있는 <b>가산동맛집</b> 객주현의 메뉴판. 안주 종류가 왕 다양하다. 우선 메인 메뉴부터... ,살다보면 이 또한 행복이었으리라,blog.naver.com/chiki-life,20251030
<b>가산동 맛집</b> 애슐리 신메뉴 치즈축제,https://blog.naver.com/sailorsaturn/222001220380,오랜만에 외식을 하기 위해 <b>가산동 맛집</b>! 애슐리 가산재능점에 다녀왔어요. 신메뉴 치즈축제가 있다고... <b>가산동 맛집</b> 애슐리W 가산디지털점 잘온것 같아요. 두 접시 때는 먹고 싶은 것만 쏙쏙 골라서 먹었어요.... ,카카오썬 살롱,blog.naver.com/sailorsaturn,20200615
<b>가산동 맛집</b> 부대찌개와 대패삼겹살 오감 :-),https://blog.naver.com/s9b7am77b/221857717828,다녀온 <b>가산동 맛집</b> 부대찌개와 대패삼겹살 전문점 오감에 대해 간략하게 작성해볼까 해요. <b>가산동 맛집</b> 부대찌개와 대패삼겹살은 역에서 바로 있지 않고 살짜쿵 떨어져있는데 길치인 우리들은 여기서 거의... ,비만붕어와 근육붕어의 입맛은 맛있으면 장땡이다,blog.naver.com/s9b7am77b,20200317
[우리동네 4대천왕] 서울 <b>가산동 맛집</b> 4곳,https://blog.naver.com/visualdivekr/223721569921,이 프로젝트를 시작한 것을 후회하며 가산동에서 근무 중인 에디터가 숨겨놨던 맛집들을 공개한다. #1 우리동네 4대천왕 <b>가산동 맛집</b> 4 여신족발 문정곱창 황제 짬뽕 양꼬치 / 코코로식당 #2 [우리동네]... ,비주얼다이브,blog.naver.com/visualdivekr,20190801
<b>가산동 맛집</b> 맛있는바다 횟집,https://blog.naver.com/jdr21035/221974318844,회사에 손님들이 오셔서 <b>가산동 맛집</b> 맛있는바다에서 오랜만에 회와 해물찜을 푸짐하게 먹었어요.... 예전보다 전체적으로 음식도 좋아지고 맛도 더 좋아져셔 가산동 회식하러 오기 좋은곳이에요. 광어와 우럭을... ,노란자전거 세상,blog.naver.com/jdr21035,20200522
가산디지털단지역<b>맛집</b> <b>가산동</b>생선구이 정백어가 가산퍼블릭점,https://blog.naver.com/db1348/223830923874,손님 대접으로 오시기에도 너무나 좋고 직원들이랑 점심 한끼 하기에도 정말 좋은 정백어가 가산퍼블릭점 #가산디지털단지역맛집 #<b>가산동맛집</b> #가산디지털단지밥집 #가산동밥집 #가산동생선구이 #정백어가... ,짹짹이의 갓생살기,blog.naver.com/db1348,20250412
사시미 <b>맛집</b> <b>가산동</b> 이자카야 진케이 후기,https://blog.naver.com/bullcco5600/223760467935,가산동 술집이나 가산동이자카야 찾으신다면 “ 진케이” 완전 추천드립니당 ◡̈ https://instagram.com/izakaya_jinkei #금천구이자카야 #가산동이자카야 #금천구술집 #금천구맛집 #가산동술집 #<b>가산동맛집</b>,불꼬의 하루 •‿•๑,blog.naver.com/bullcco5600,20250214
<b>가산동 맛집</b> 양고기가 맛있는 양선생양꼬치,https://blog.naver.com/eueueun_/223451727919,그래서 오늘은 최근에 알게된 양꼬치 맛집 <b>가산동 맛집</b>으로 유명한 양선생양꼬치를 소개해드리려고 해요. 자세한 후기 알려드릴게요 <b>가산동 맛집</b> 양선생양꼬치 서울 금천구 가산로 146 2층 0507-1478-6780 ⏰매일 12... ,은D_블로그,blog.naver.com/eueueun_,20240519
가산디지털단지에 있는 꾸미 <b>가산동 맛집</b> 맞네요,https://blog.naver.com/bbholic84/221927544588,다녀왔는데 <b>가산동 맛집</b> 인정입니다! ㅋㅋ 이 봄이 지나가기전에 쭈꾸미 많이 드세용 ㅋㅋㅋ 가산동... 리얼후기 가산동 쭈꾸미맛집은 /꾸미/ 주문하자마자 기본 밑반찬 세팅과 동시에 삼겹쭈꾸미가 세팅되어... ,비비홀릭의 집밥이야기♡,blog.naver.com/bbholic84,20200424
[<b>가산동맛집</b>]김명태가산점,https://blog.naver.com/serendipity_ptptpt/223730868225,김명태 매운갈비찜 가산점 서울 금천구 가산로 132-1 가산동 주민센터 맞은편 현대아울렛 뒷편 매일 10:00~22:30 21:50 라스트오더 1.29 설 당일 휴무 0507-1316-3664 #<b>가산동맛집</b> #독산동맛집 #가산디지털단지맛집,레인보우 라이프,blog.naver.com/serendipity_ptptpt,20250119
<b>가산동맛집</b> :: 코애식당  KHOE (베트남 음식점),https://blog.naver.com/vnzmfls123/222694961875,2021-06-03 가산디지털단지 베트남음식점 KHOE 코애식당 #가산<b>맛집</b> #가산디지털단지<b>맛집</b> #베트남음식점... 또 가야지~~ 코애식당 주소 : 서울 금천구 가산디지털2호 127-33 가산대명벨리온 1층 103호 (<b>가산동</b> 776)... ,"달콤한, 나만의 공간",blog.naver.com/vnzmfls123,20220408
[<b>가산동맛집</b>] 가산동파스타 제대로 하는 백만그릇파스타... ,https://blog.naver.com/ourlittlemap/223976309381,"일반 <b>가산동맛집</b> 중 하나겠지 했는데, 매장 규모도 크고 인테리어도 깔끔해서 완전 기대이상!!... 오랜만에 맛있는 파스타 먹었습니당,, 깔끔한 분위기에 가산동파스타 맛집 찾는 분들이라면 무조건 추천!... ",우작지(우리의 작은 지도),blog.naver.com/ourlittlemap,20250819
<b>가산동</b>닭한마리 가디<b>맛집</b> 국물 무한 흡입 하는 이유,https://blog.naver.com/ghfjvb465/223931719984,가디<b>맛집</b> <b>가산동</b>닭한마리 국물 무한 흡입 찐이야 안녕하세요 신지테입니다. 이 더운 여름에 진짜 자외선이 점점 쎄져서 남자들도 양산을 들고 다니게 되는거 같은데요. 대부분 찬음식을 선호하시겠지만... ,노마드신지테의 경제적자유얻기 챌린지,blog.naver.com/ghfjvb465,20250713
<b>가산동 맛집</b> 술집 야시장 포차 :-),https://blog.naver.com/s9b7am77b/221574746419,주제는 <b>가산동 맛집</b> 술집인데요 얼마전 일요일날 친구의 출타 명령을 받아 잽싸게 다녀온 곳 야시장... 맛있게 먹으면서 시덥지 않은 이야기를 하면서 거하게 취했던 곳 가산역 맛집 술집 야시장 포차였는데요... ,비만붕어와 근육붕어의 입맛은 맛있으면 장땡이다,blog.naver.com/s9b7am77b,20190701
<b>가산동 맛집</b> 금성칡냉면 얼큰한 쭈꾸미철판볶음에 소주한잔,https://blog.naver.com/kkchan8341/223531368317,"<b>가산동 맛집</b> 금성칡냉면 얼큰한 쭈꾸미철판볶음에 소주한잔 포스팅 요약 가산동 한식집 금성칡냉면에 다녀왔다 오늘은 매콤얼큰한 쭈꾸미볶음에 소주한잔 맵지만 맛있다, 그래서 끌린다! 안녕하세요.... ",꽃다방의 맛있는 갓생,blog.naver.com/kkchan8341,20240731
<b>가산동</b> 노포<b>맛집</b> 한옥집 숯불갈비 모든메뉴 대만족,https://blog.naver.com/dukuduku_/223794891180,"착한 <b>가산동 맛집</b>이에요! 요 후식 짬뽕냉면도 6,000원.. 적당한 양에 얇은 면발과 양념이 잘 어우러져서... #가산노포맛집 #가산동숯불갈비 #한옥집숯불갈비 #한옥집숯불갈비주차 #독산동갈비 #가산동갈비... ",맛도리 쥐콩백,blog.naver.com/dukuduku_,20250313
[<b>가산동맛집</b>] 금천구횟집 다도해수산 과메기에 얼음소주 혼술,https://blog.naver.com/gyeomd22/223756142537,불가 <b>가산동맛집</b> 다도해수산은 가산디지털단지역 인근 가산동 주민센터 맞은편 골목에 위치한 금천구횟집입니다. 스끼다시가 잘 나오는 횟집으로 근방에서 유명하고 살아있는 왕새우를 취급하는 새우맛집인... ,내이름은삼순이,blog.naver.com/gyeomd22,20250211
<b>가산동 맛집</b> 우아한곱창 깔끔,https://blog.naver.com/warmwater3/221670143209,"깔끔, <b>가산동 맛집</b> 요즘 날씨가 기분좋게 시원한 걸 넘어서 제법 살짝 쌀쌀해졌는데요. 지난 주말 W몰... 주차 가능 여부는 직접 문의하시는 게 정확할 거 같아요. <b>가산동 맛집</b>이나 회식할만한 곳 찾으신다면 고고싱!",GOOOOOD,blog.naver.com/warmwater3,20191007
<b>가산동 맛집</b> 쿠모에서 즐긴 양갈비 가디 직장인 회식 추천,https://blog.naver.com/get_luv/223839777539,다음엔 가족들이랑 함께 와보고 싶어요. 양고기 싫어하는 사람도 여기에 오면 바뀔지도..^00^ 여러분도 가산 근처에 갈 일이 있다면 꼭 방문해보세요! #<b>가산동맛집</b> #쿠모 #가디맛집 #가디양갈비 #별네개,희바오의 가성비 여행 가이드북,blog.naver.com/get_luv,20250419
"참치집 추천, 리필 퀄리티까지 완벽한 <b>가산동 맛집</b>",https://blog.naver.com/leeshee0304/224049944128,100%  #가디역맛집 #<b>가산동맛집</b> #가산디지털단지참치 #가산참치 #가산참치맛집 #가산동참치집 #가산동참치맛집 #서울참치맛집 #가산회맛집 #참치맛집 #참치회맛집 #서울회맛집 #직장인맛집 #점심메뉴추천... ,희희낙락(喜喜樂樂),blog.naver.com/leeshee0304,20251022
<b>가산동</b> 고기집 기영상회 차돌삼합 숙성 삼겹살 데이트 <b>맛집</b> 추천,https://blog.naver.com/rkgml506/223816266865,"<b>가산동 맛집</b> 기영상회는 가성비 좋은 소고기와 차돌삼합 메뉴를 먹을 수 있어서 만족스러웠던 가산동 고기집이었어요 이미 로컬 동네 주민들에게는 많은 사랑을 받는 맛집으로, 신선한 차돌 삼합을 먹고... ",드림터치의 LIFE 기록장,blog.naver.com/rkgml506,20250331
<b>가산동 맛집</b> @김명태 매운갈비찜 가산점 (메뉴 추천),https://blog.naver.com/ummi0518/223940068562,판매중 <b>가산동 맛집</b> @김명태 매운갈비찜 가산점 (메뉴 추천) 김명태 매운갈비찜 가산점 가산동 찐 맛집이다 개인적으로 매운갈비찜 맛집이구 냉면 끌린다면 코다리 냉면도 매우 맛있게 먹을 맛 매운갈비찜에... ,unni diary,blog.naver.com/ummi0518,20250720
가산디지털단지역맛집 <b>가산동맛집</b> 가산점 사장님 친절하셔서... ,https://blog.naver.com/lfeqoea679/224065307910,"가산디지털단지역맛집 <b>가산동맛집</b> 가산점 사장님 친절하셔서 기분 좋아요 가산디지털단지역 맛집, 의령메밀집 찾아 삼만리! 가산디지털단지에서 일하는 친구가 의령메밀집을 극찬하길래, 얼마나 맛있길래... ",lfeqoea679님의블로그,blog.naver.com/lfeqoea679,20251105
<b>가산동 맛집</b> 호세가타코 웨이팅하는 mz 타코 찐맛집,https://blog.naver.com/yen1216/223833026858,<b>가산동 맛집</b> 호세가타코 웨이팅하는 mz 타코 찐맛집 안녕하세요~! 오늘은 집근처인 가산디지털단지... 가산동 타코 맛집을 찾는다면 호세가타코는 무조건 가봐야 할 필수 코스예요! 그럼 이만~!,져니 real life,blog.naver.com/yen1216,20250415
스끼다시로 10병 마시는 <b>가산동맛집</b> 다도해수산,https://blog.naver.com/eajoeh/223754820743,스끼다시로 1병 회로 4병 국물에 5병은 할 수 있는 <b>가산동맛집</b> 후기 가보자고. 가산디지털단지역맛집 다도해수산은 가산동주민센터 인근에 있습니다. 올 때마다 집에 네발로 가게 되는 <b>가산동맛집</b> 다도해수산..... ,아무말대잔치,blog.naver.com/eajoeh,20250210
<b>가산동 맛집</b> 점심 오픈 이벤트 하는 &quot;슬로가든 &amp; 까몬&quot;,https://blog.naver.com/bear99933/224029231546,"<b>가산동 맛집</b> 점심 으로 딱입니다,, 여기 안그래도 들어오면서 손님이 너무 많아서 와 맛집인가보다 하면서 들어왔거든요ㅋㅋㅋ 다 익은 고기는 이렇게 따로 빼 주면 은은하게 열이 올라와서 식진 않으면서 탈... ",햄빵이의 한입 가이드,blog.naver.com/bear99933,20251002
<b>가산동맛집</b> 가산동밥집 화덕 생선구이 정백어가 가산퍼블릭점,https://blog.naver.com/hyeonji-yumyumlog/223823446679,"#<b>가산동맛집</b> #가산동밥집 '정백어가'에서 가자미와 볼락구이 정찬에 고등어조림 정찬 야무지게 먹고 온 후기, 바로 시작하겠습니다~ 가산 퍼블릭 A동 1층에 위치한 '정백어가'는 주차도 지하 주차장 이용하면... ",넌 먹을 때가 제일 예뻐,blog.naver.com/hyeonji-yumyumlog,20250405
<b>가산동맛집</b> 두껍삼 가산직영점 — 고기 굽는 전문가가 있는... ,https://blog.naver.com/ys1206f/224038327442,운영시간 : 매일 11:30 – 23:00 주차 : 대륭포스트타워6차 주차장 이용 가능 #<b>가산동맛집</b> #두껍삼가산직영점 #가산삼겹살 #가산맛집 #가산회식 #가산디지털단지역맛집 #숙성삼겹살 #회식추천 #가산고기집 #두껍삼,앤띠,blog.naver.com/ys1206f,20251012
<b>가산동 맛집</b> 라복궁 양갈비&amp;마라샹궈에서 양갈비 먹고 왔어요!... ,https://blog.naver.com/czoniharu/223917149851,금천구 가산동 143-6  매일 15:00 - 01:30 #<b>가산동맛집</b> #금천구마라탕 #서울양갈비맛집 #가산디지털단지맛집 #맛집 #양갈비 #마라샹궈 #마라 ✅ 가게 내부 / 분위기 저는 불금을 맞아 친구들과 <b>가산동 맛집</b>으로 소문난... ,쵸니하루,blog.naver.com/czoniharu,20250630
<b>가산동 맛집</b> 회식하기 좋은 양고기 전문점 라복궁 솔직 후기,https://blog.naver.com/moong2world/223835818775,함께 즐길 수 있는 '라복궁'을 추천드립니다. 단체 회식이나 모임 장소로도 손색없으니 참고! #가산동회식 #<b>가산동맛집</b> #금천구마라탕 #서울양갈비맛집 #가산양갈비 #라복궁 #라복궁가산본점,뭉이의 꿀맛일기,blog.naver.com/moong2world,20250416
<b>가산동 맛집</b> 부자아줌마 가산동 회식장소로 추천,https://blog.naver.com/yong2_ne/221361105092,"야들야들 부드럽고 촉촉한 보쌈에 고소한 파전, 얼큰한 김치찌개는 막걸리와도 소주와도 잘 어울리는 국민안주죠 <b>가산동 맛집</b> 부자아줌마에서 맛있는 안주와 함께 하루의 피로를 풀고 왔습니다 <b>가산동 맛집</b>... ","쭉쭉이아범의 맛과 멋, 그리고 여행",blog.naver.com/yong2_ne,20180918
<b>가산동</b> 돈카츠 <b>맛집</b> 독산역 돈카츠 <b>맛집</b> 숙성 돈카츠 <b>맛집</b>... ,https://blog.naver.com/gkdusglaso/224063905821,#<b>가산동</b>돈카츠<b>맛집</b> #독산역돈카츠<b>맛집</b> #숙성돈카츠<b>맛집</b> 카츠신가 카츠신가는 에이스태세라 타워 1층에 위치하고 있어서 찾아가기 편했어요!! 내부는 깔끔하고 넓었고 점심시간에는 사람이 정말 많으니 빨리... ,뽀밍뚜 RECORD,blog.naver.com/gkdusglaso,20251104
<b>가산동</b> 소고기 기영상회 차돌박이 묵은지 관자 삼합 <b>맛집</b>,https://blog.naver.com/blackcoffee19/223772901327,#가산동소고기 #가산동고기집 #가산동차돌삼합 #가산동관자삼합 #가산동묵은지삼합 #<b>가산동맛집</b> 최근에 차돌박이가 너무 먹고 싶어서 차돌박이 사러 코스트코 가야 하나 싶었는데 삼합을 파는 가산동고기집이... ,BlackCoffee♥,blog.naver.com/blackcoffee19,20250225
짧은 오카야마 다카마쓰 여행 썰과 <b>가산동</b> 내돈내산 <b>맛집</b>... ,https://blog.naver.com/yura531/224030829785,마구잡이포차 #가산술집추천 #가산족발맛집 #가산동곱창맛집 #가산디지털단지맛집 #정가네화덕구이족발 #가산곱창맛집 #<b>가산동맛집</b> #가산동술집맛집 #가산동술집 #가산디지털단지내돈내산 #가산동내돈내산맛집,유또술의 마시는 인생,blog.naver.com/yura531,20251003
<b>가산동 맛집</b>  상상 돼지 입안 가득 육즙이~,https://blog.naver.com/ssk3839/221376728945,여기는 고기도 맛있지만 소문난 맛집이라서 저녁 피크 때는 사람들이 많아 자리가 없다. 생삼겹살을 주문하고 명이나물 비빔밥도 추가로 주문했다. <b>가산동 맛집</b> 오면 요 비빔밥은 필수 코스처럼 꼭 먹고 와야... ,사라,blog.naver.com/ssk3839,20181013
비교 못할 <b>가산동 맛집</b>!,https://blog.naver.com/elite1580/222019752981,합니다 <b>가산동 맛집</b>으로 유명한 곳인데 가격대비에 비해 양도 많은데다 맛도 있어서 이렇게 가지고... 맛을 잡아주기 때문에 더 많이 먹을 수 있는 거 같아요 술 한잔이 생각나는 <b>가산동 맛집</b> 곱창나라 입니다,판교엘리트부동산,blog.naver.com/elite1580,20200703
<b>가산동 맛집</b> 마리오아울렛 맛집 실라칸스 중식당,https://blog.naver.com/dreaming-mj/223734081303,"마리오아울렛 맛집 가산동 실라칸스는 가산디지털단지역 5번 출구에서 300m에 위치하고 있는... 마리오아울렛 맛집 실라칸스는 데이트 맛집, 모임 맛집으로 분위기 너무 좋아요!^^ <b>가산동 맛집</b>으로 실라칸스... ",꿈꾸는 MJ♡,blog.naver.com/dreaming-mj,20250122
<b>가산동 맛집</b> 고기 넉넉한 매운갈비찜! 김명태굴국밥솥밥,https://blog.naver.com/rin_04/221784875806,<b>가산동 맛집</b> 에서 가산동 밥맛집으로 바꿔야게쒀!! 밥이 진짜 꼬들꼬들 쫀독쫀독 밥만 먹어도 맛있어요..ㅋㅋㅋㅋ 나중에 먹을 숭늉만들기~~ 그러는 사이 매운갈비찜이 거의 익어갔어요!! 금방 익어서 넘나 좋음... ,먹고 마시고 즐기고,blog.naver.com/rin_04,20200125
<b>가산동 맛집</b> 가산디지털역 점심 맛집 가산물갈비&amp;즉석소불고기,https://blog.naver.com/ssssu_0104/223999544049,<b>가산동 맛집</b> 가산디지털역 점심 맛집 가산물갈비&amp;즉석소불고기 현이랑 옷 좀 알아보려고 아울렛 가기 전에 (참고로 가산디지털단지는 아울렛이 아주 많습니다) 직장인 <b>가산동 맛집</b>으로 유명한 가산 물갈비... ,황먹짱 달려간다,blog.naver.com/ssssu_0104,20250908
가산디지털단지역맛집 <b>가산동맛집</b> 친절한 응대에 기분 좋게... ,https://blog.naver.com/diddeep67/224061299790,"가산디지털단지역맛집 <b>가산동맛집</b> 친절한 응대에 기분 좋게 식사했어요 가산디지털단지역 근처에서 일하는 직장인 저! 점심시간만 되면 뭘 먹어야 잘 먹었다고 소문이 날까 고민이 많아요. 그러던 중, 동료가... ",diddeep67님의블로그,blog.naver.com/diddeep67,20251101
<b>가산동 맛집</b> 서울 핫플 생방송투데이 호랭이반점,https://blog.naver.com/merry_jung/223834110541,<b>가산동 맛집</b> 서울 핫플 생방송투데이 호랭이반점 친구들과 가산디지털단지에서 약속이 있어 빠르게... 주소: 서울 금천구 가산디지털1로 165 영업시간: 11:00~22:00 내부 분위기 <b>가산동 맛집</b> 내부 분위기를... ,색감 여행자 안녕혜윰,blog.naver.com/merry_jung,20250417
<b>가산동 맛집</b> 오치생참치 메뉴판/위치,https://blog.naver.com/skyungson337/221231519546,by 다람이의 솔직한 맛집 다람이다람. 오늘 포스팅할 곳은 <b>가산동 맛집</b> 참치무한리필 오치생참치! 오치... 가산동참치 오치자연산생참치 고급 부위가 골고루 섞여 나오는 국 코스. 정말 참치 질도 괜찮고... ,Sunny's Note,blog.naver.com/skyungson337,20180318
<b>가산동 맛집</b> 가산 현대아울렛 맛집 가산동닭한마리,https://blog.naver.com/doony77/223798181385,"안녕하세요 듀니뜌니 입니다 '-'ㅎ 뜨끈한 닭한마리 저 너무 좋아하는데요?ㅎㅎ 그 중에서도, 가산 아울렛에서 쇼핑하고 제대로된 #맛집 까지 최고였던 이 곳 ㅎㅎ #<b>가산동맛집</b> #가산현대아울렛 맛집 #가산동닭한... ",듀니듀니 뜌니★,blog.naver.com/doony77,20250316
가산동 춘천옥 보쌈 막국수 보쌈김치  선지해장국 <b>가산동 맛집</b>,https://blog.naver.com/ebby7733/223985144601,오래된집 맛집 이라고ㅋㅋㅋ 부쩍부쩍 사람은 많다 다들 일 끝나고 한잔하러 오는거같으 참...지금... 괜찮네 ~ #가산동 #춘천옥 #보쌈 #막국수 #보쌈김치 #선지해장국 #<b>가산동 맛집</b> #가산동 춘천옥 보쌈 막국수... ,지금 여기서 행복하자,blog.naver.com/ebby7733,20250827
<b>가산동 맛집</b> 김명태매운갈비찜,https://blog.naver.com/love_and_peace119/223996907795,가산디지털단지에서 일하는 직장인들이라면 한 번쯤 들어봤을 법한 매운갈비찜 맛집들! 오늘은 가산동... 오늘도 좋은 저녁이길 바랍니다 #<b>가산동맛집</b> #금천구맛집 #매운갈비찜 #가산디지털단지 #직장인맛집... ,별빛달빛,blog.naver.com/love_and_peace119,20250905
가산디지털단지역맛집 <b>가산동맛집</b> 의령메밀온소바 겨울에... ,https://blog.naver.com/greatadult66/224068875933,가산디지털단지역맛집 <b>가산동맛집</b> 의령메밀온소바 겨울에 먹으면 속 풀려요 퇴근하고 뭘 먹을까 매일매일 고민하는 1인... 오늘은 가산디지털단지역 맛집을 검색하다가 의령메밀집을 발견했어요!  뭔가... ,greatadult66님의블로그,blog.naver.com/greatadult66,20251108
<b>가산동 맛집</b>근처 사무실분양 학천미디어부지,https://blog.naver.com/qkzks1014/220767187289,10층부터는 고층으로 총 14층까지 있죠~ <b>가산동 맛집</b>이 즐비한 이곳 생각만해도 식감이 도는 이곳 가산동의 마지막이 될지도 모를 역쉐권분양 서두르셔야 좋은 층으로 좋은 호실 갖고 갈수 있습니다.... ,가산동사무실 벤처부동산,blog.naver.com/qkzks1014,20160720
<b>가산동맛집</b> 산촌쭈꾸미,https://blog.naver.com/goodluck999/220487931177,<b>가산동맛집</b> 산촌쭈꾸미 가을하늘 맗고 높은 햇볕 따가운 오후 점심식사를 산촌쭈꾸미 라는 식당에 가서 했는데 무지무지 맛있어서 소개합니다. 위치는 가산동에서 가까운 광명시에 있는 하이마트(소하점)인근에... ,브이원캠프공인중개사무소 010-3799-4341,blog.naver.com/goodluck999,20150921
<b>가산동</b> 두부공방 가산디지털점 방문기 | 순두부·콩비지 <b>맛집</b>... ,https://blog.naver.com/moneyreport/224028832329,줄을 보니 다른 분들도 다 그렇게 생각하시는 것 같아요. #<b>가산동맛집</b> #가산디지털단지맛집 #두부공방 #콩비지찌개맛집 #순두부맛집 #가산점심 #가산저녁 #아스크타워맛집 #두부요리맛집 #혼밥맛집,맛있게살자,blog.naver.com/moneyreport,20251002
<b>가산동</b> 돼지고기 <b>맛집</b> '제주 먹돈',https://blog.naver.com/snetty/221849362365,비빔냉면으로 깔끔하고 개운하게 입가심까지!! 돼지고기 먹고 싶을 때 찾게 되는 동네 맛집 제주 먹돈~~ ʕ·ᴥ·ʔ #<b>가산동맛집</b> #제주먹돈가산점 #오겹살맛집 #제주먹돈,천사린의 해피바이러스,blog.naver.com/snetty,20200312
"점심에는 일본식 라멘 &amp; 저녁에는 이자카야, <b>가산동</b> 신상<b>맛집</b> 추천",https://blog.naver.com/km1004228/223896304064,#가산디지털단지역라멘 #가산디지털단지역이자카야 #가산디지털단지역일식 #가산디지털단지역맛집 #가산맛집 #<b>가산동맛집</b> #가산동일식 #가산동라멘 #가산동회식장소 #가산디지털단지역데이트,"30대 여자 직장인, 리뷰와 여행 나를 채우는 하루",blog.naver.com/km1004228,20250611
가산 <b>맛집</b> 기영상회 <b>가산동</b> 고기집,https://blog.naver.com/1016sjy/223687939979,아쉽게도 이미 손님이 있어서 우리는 못 앉았다는  둘이 술 한잔 하고싶을 때 딱일듯 벽 한쪽에는 매우 많은 낙서가 있어서 정감가는 분위기였어요 ㅋㅋ 단골이 많은듯 ~ 역시 <b>가산동</b> 소고기 <b>맛집</b> 다웠어요!... ,엔딕의 맛과 일상 여행,blog.naver.com/1016sjy,20241209
<b>가산동맛집</b>&gt;회식장소 추천 구이명가,https://blog.naver.com/jpjy4/220281198322,"<b>가산동 맛집</b>, 가산동 회식장소 추천, 구이명가에서 즐거운 추억이 쌓이는 오늘은 우리가족에겐 행복바이러스입니다. 이글은 체험단으로 선정되어 직접방문후 리뷰를 작성하였음",해바라기,blog.naver.com/jpjy4,20150223
[가디/독산역<b>맛집</b>] <b>가산동</b> 돈카츠 <b>맛집</b> 함박카츠 추천 &quot;카츠신가&quot;,https://blog.naver.com/ssr23js/223841458708,[가디/독산역맛집] 가산동 돈카츠 맛집 함박카츠 추천 &quot;카츠신가&quot; #가산동돈카츠맛집 #독산역돈카츠맛집 #숙성돈카츠맛집 #<b>가산동맛집</b> #가디맛집 #가산동돈카츠 #가산동돈카츠 #독산역맛집 #독산역돈까스... ,Seesaw의 일상 기록,blog.naver.com/ssr23js,20250421
[<b>가산동맛집</b>] 고기의 모든 것 &quot;상상돼지&quot;,https://blog.naver.com/simva_/221118430568,저는 <b>가산동맛집</b> &quot;상상돼지&quot;에서 거하게 먹고 포스팅하려고요~ 주소 : 서울특별시 금천구 시흥대로153길... 여기는 <b>가산동맛집</b> 으로 엄청 유명한 고기집이에요!! 이 물티슈 볼때마다 생각나는 영화 스파이 ㅋㅋ... ,12.8.29,blog.naver.com/simva_,20171016
<b>가산동 맛집</b> 김명태 매운갈비찜 시래기 명태조림 강추,https://blog.naver.com/200zn/223823072967,마무리로는 불려놓은 누룽지 슬슬 긁어서 고소하고 따뜻하게 먹어줬어요! 주기적으로 생각나는 <b>가산동 맛집</b> 김명태 매운갈비찜 가산점 만족 후기였습니다  #<b>가산동맛집</b> #독산동맛집 #가산디지털단지맛집,윤혜 Diary,blog.naver.com/200zn,20250405
"<b>가산동 맛집</b>, 닭촌장 숯불닭갈비 신상 맛집",https://blog.naver.com/rdpdms7/223676059829,"가능 가산동에 신상 닭갈비 맛집이 생겼다고 해서 오빠랑 룰루랄라 다녀왔따~~ 2층이라서 계단으로... <b>가산동 맛집</b>으로 급부상 할 것 같은 곳,, 고추간장 소스 마요네즈 소스 둘 다 찍어서 먹어봤는데 넘 잘... ","with love,",blog.naver.com/rdpdms7,20241129
<b>가산동 맛집</b> 한국수 다양한 국수와 고기요리를 한방에,https://blog.naver.com/mlkway153/221922730387,<b>가산동 맛집</b> 한국수를 방문했다. 워낙 가산동이 많이 바뀌어서 세월이 많이 흘렀다는 생각이 든다. 고층 빌딩들이 우후 죽순처럼 생기고 있다. 들판이었을 곳에 인간이 땅을 사고 선을 긋고 건물을 올리며 동네의... ,스윗필드의 유쾌한 리뷰세상,blog.naver.com/mlkway153,20200422
가산본점'  가산동 양갈비 <b>가산동맛집</b> 서울양갈비맛집... ,https://blog.naver.com/dana96/224067280951,완벽했던 <b>가산동 맛집</b> 라복궁 고급스러운 분위기와 친절한 서비스까지 재방문 100% 확정❤️❤️ #서이추 #서이추환영 #서이추환영맛집 #답방 #답방갑니다 #가산맛집 #가산양갈비 #라복궁가산본점... ,"시리야, 오늘 하루 저장해줘",blog.naver.com/dana96,20251106
<b>가산동</b> 한번 맛보면 잊지 못하는 삼겹살 최애 <b>맛집</b> 도을생고기집,https://blog.naver.com/myong_1004/223824818630,"0507-1325-4451 가산동 고기 맛집 도을생고기집은 이윤 창출을 위해 만들어진 곳이 아닌 따뜻한 밥과 질 좋은 고기를 가성비 있게 제공하며, 술 한 잔에 소중한 사람들과 즐길 수 있는 곳이기도 합니다! <b>가산동 맛집</b>... ",묭 일상log(˵ •̀ ᴗ - ˵ ) ✧,blog.naver.com/myong_1004,20250407
[<b>가산동맛집</b>/일식/돈카츠] 수제돈까스 쌀국수 냉소바 맛집... ,https://blog.naver.com/kimhyejin004/222511352030,가산디지털단지 역에서는 좀 멀지만 가산동 근처 맛집이나 일식집 찾고 계시면 가보는 거 추.천! 드립니다! #오유미당 #가산맛집 #<b>가산동맛집</b> #가산센트럴 #수제돈카츠 #쌀국수 #일식 #냉소바 #덮밥 #매운돈까스... ,헤일리의 라이프스타일♬,blog.naver.com/kimhyejin004,20210920
곱창매니아가 추천하는 <b>가산동</b> 최애 곱창<b>맛집</b> 가산곱창,https://blog.naver.com/seoul_ddubuk/223816445195,내돈내산으로 강추하는 맛집이에요. #내돈내산 #<b>가산동맛집</b> #가산곱창 #가산동로컬맛집 #가산동곱차맛집 #가산동찐맛집 #<b>가산동맛집</b>추천 #가산동곱창구이 #가산동회식장소,젊으니까 뚜버기다,blog.naver.com/seoul_ddubuk,20250405
<b>가산동</b> 가산디지털단지 <b>맛집</b> 골목식당,https://blog.naver.com/brightenedu/222650601559,"어제 일이 있어 멀리 외출했다가 오는 길에 퇴근하는 친구와 만나 가산디지털단지 맛집에 다녀왔어요.... 눈에 띄게 부담 없는 가격이 <b>가산동 맛집</b>의 큰 장점이었고요. 게다가 제육볶음, 고등어조림, 간장... ",김원장의 탐구생활,blog.naver.com/brightenedu,20220217
<b>가산동 맛집</b> - 프랭크 버거(FRANK BURGER),https://blog.naver.com/herohwangsae/222850427050,<b>가산동</b>에 새로 생긴 프랭크 버거(FRANK BURGER). 수제버거를 좋아하지만 한번도 먹어본적 없었는데. 집앞에 딱 생겼다. 가격도 완전 저렴. 동네마실 나왔다가 급 방문했다. 햄버거는 포장도 많다보니 매장이... ,무적황새의 세계여행기록&맛집투어,blog.naver.com/herohwangsae,20220817
<b>가산동맛집</b> 제주탐하리 근고기 멜젓에 퐁당 찍어먹기,https://blog.naver.com/phe03222/222020617220,"<b>가산동맛집</b> 제주탐하리 근고기 멜젓에 퐁당 찍어먹기 드디어 한 주가 마무리 됐네요. 나름 선선하니... 싶은 맛집이네요 :) 다음에 또 다른 친구 꼬셔서 와야겠어요. 아, 참고로 건물에 주차도 가능해요... ",오늘 뭐 하니? (하은 블로그),blog.naver.com/phe03222,20200704
[<b>가산동맛집</b>/가산동고기집] ‘제주탐하리’ 추천 !,https://blog.naver.com/yel7782/222077338344,"<b>가산동 맛집</b> ‘제주탐하리’ 먹고 온 후기 얼마 전 , 가산 현대아울렛 근처에 위치한 ‘제주탐하리’... 가산동 동네 맛집으로 완전 추천 :) 근처 살면 자주 들릴 것 같다. 아 그리고 사장님이 넘나 친절하셔서... ",♡EUN STORY♡,blog.naver.com/yel7782,20200901
"[가산 <b>맛집</b>] 가산닭도리탕 가성비 현지인 <b>맛집</b>, <b>가산동</b>닭한마리",https://blog.naver.com/i_m_zzu/224044549387,"닭한마리와 함께 칼국수까지 한 큐에 맛있게 먹을 수 있어서 너무너무 좋았다는 헿 찬 바람 불때 코 끝 시려워질때 뜨끈한 국물과 몸보신이 생각난다면 가디닭한마리 <b>맛집</b>, <b>가산동</b>닭한마리 매우매우... ",I CHOOSE US,blog.naver.com/i_m_zzu,20251017
<b>가산동 맛집</b> - 이사장요리니하우 양갈비맛집 추천,https://blog.naver.com/y_sungeun1/221539931560,"그말을 실천코자 다녀온 가산동 이사장요리니하우 단백질 잔뜩 다이어트식품이죠!!!!!!!!!!! 1,7호선... 기본세팅 <b>가산동 맛집</b> 이사장요리니하우 미리 예약을 하고 와서 미리 세팅되어 있는 우리자리!... ",똥으니의 먹고사는이야기♡,blog.naver.com/y_sungeun1,20190517
<b>가산동</b> 이자카야 가센푸 <b>맛집</b> 진케이,https://blog.naver.com/dukuduku_/223696485722,가산동 퀄리티 좋은 이자카야 찾으시는 분들께 진케이 추천드려요 #금천구이자카야 #가산동이자카야 #금천구술집 #금천구맛집 #가산동술집 #<b>가산동맛집</b> #가산주민센터맛집 #가센푸맛집 #가센푸이자카야... ,맛도리 쥐콩백,blog.naver.com/dukuduku_,20241217
가산디지털단지 <b>맛집</b> 가산 닭도리탕 <b>가산동</b> 닭한마리,https://blog.naver.com/ddoong2-/223789704257,위치 가산디지털단지 맛집 가산동닭한마리는 가산디지털단지 아울렛 맛집으로도 유명한데요.... #가산닭도리탕 #가산디지털단지닭한마리 #가디닭한마리 #가산백숙 #가산디지털단지닭도리탕 #<b>가산동맛집</b>... ,"얼렁뚱땅이 요리,베이킹로그",blog.naver.com/ddoong2-,20250309
<b>가산동맛집</b> 정백어가 가산퍼블릭점 화덕 생선구이 한상 든든해,https://blog.naver.com/blackcoffee19/223858386862,편하고 맛집도 많아요 그 중에서도 오늘 가본 곳은 화덕생선구이 맛집이예요 점심시간이 살짝 지난... 하네요 <b>가산동맛집</b>에 와서 하나 배워갑니다 저희가 주문한 메뉴는 삼치구이 정찬이예요 정갈하게 한 상... ,BlackCoffee♥,blog.naver.com/blackcoffee19,20250507
원한다면 해식달주 / 가산디지털단지<b>맛집</b> <b>가산동</b>파스타,https://blog.naver.com/ctw00164/222965869632,맨날 부대찌개..찌개..김밥 도시락에 지쳐버린 직딩의 오늘의 픽은 #<b>가산동맛집</b> #해식달주 입니다... 딱 #가산동안주맛집 쉬림프 토마토 파스타가 먼저 나왔네요 일단 새우 크기부터 합격이구요 파스타면도... ,직딩의 소비일기,blog.naver.com/ctw00164,20221226
[<b>가산동 맛집</b>] 오마카세급 고급 양갈비 프렌치랙 '가산 쿠모',https://blog.naver.com/ha_neul27/224033368546,양갈비 <b>맛집</b> 쿠모 <b>가산동</b>쪽에 위치한 양갈비가 정말 맛있다는 고급 양고기집 쿠모에 방문했다! 친구가 여기가 그렇게 맛있다고 그래서 엄청 기대하고 방문해본 <b>맛집</b> 쿠모!! - 가게 내부 분위기 - 쿠모는 평일... ,일상기록 (˃̵ᴗ˂̵)*⭒,blog.naver.com/ha_neul27,20251006
<b>가산동맛집</b> 가디역점심에오기좋은 '미나리산장',https://blog.naver.com/125qhtjr/223648214796,친구와 정말 만족스럽게 먹었다!ㅎㅎ 가산동회식맛집으로도 괜찮을 것 같고 가산동점심맛집으로도 대추천! 고기 질도 좋고 가격도 합리적! 직원분들도 친절하시고 안 올 이유가 없는 곳이다. 이상 <b>가산동맛집</b>... ,알아두면 쓸데있겠지,blog.naver.com/125qhtjr,20241106
담백한 생선구이 먹으러 <b>가산동맛집</b> 정백어가 다녀왔어요!,https://blog.naver.com/czoniharu/223852614034,"몇일 전 <b>가산동맛집</b> '정백어가 가산퍼블릭점'에 담백하고 고소한 생선구이 먹으러 다녀왔는데요!... 금천구 가산동 60-26  매일 11:30 - 23:00 ✅ 위치 &amp; 분위기 정백어가 가산퍼블릭점은 가산디지털단지역 근처, 도보... ",쵸니하루,blog.naver.com/czoniharu,20250501
가산맛집 금천구맛집 가산디지털단지역맛집 <b>가산동맛집</b>... ,https://blog.naver.com/gkdusglaso/223908307683,#가산맛집 #금천구맛집 #가산디지털단지역맛집 #<b>가산동맛집</b> #남구로역맛집 육로 11:00 - 22:30 / 21:55 라스트 오더 육로는 가산디지털단지역 4번 출구 바로 앞에 위치하고 있어서 찾아가기 너무 쉬웠습니다!!! 저는... ,뽀밍뚜 RECORD,blog.naver.com/gkdusglaso,20250623
<b>가산동 맛집</b>인 상상돼지에서 삼겹살 팍팍,https://blog.naver.com/jjubu0691/220700431590,먹었다 <b>가산동 맛집</b>으로서평일인데도 많은 손님들로 북적거렸다 가산동에 마리오 아웃렛이 있는데옷을 사면서 삼겹살 생각이 나면꼭 가볼것을 추천한다. 금천구 가산동 150-1. TEL 02-861-4564 구디역 1번 출구... ,하늘은 높이 보고 인생은 깊이 보자,blog.naver.com/jjubu0691,20160503
서울 금천구 양갈비 <b>맛집</b> <b>가산동</b> 라복궁 다녀온 소감 및 주차,https://blog.naver.com/dustmint_/224008085612,여러부위의 생양고기를 모둠으로 먹을 수 있는 <b>가산동 맛집</b>이 있다고 해서 다녀왔습니다! 라복궁... 서울양갈비맛집 라복궁은 위치가 좋은게 가산디지털단지역에서도 가깝고 가산현대아울렛도 근처에 있어서... ,작지만 멋진 인생 달찌네,blog.naver.com/dustmint_,20250915
가산디지털단지 점심 추천 <b>가산동</b> 돈카츠 <b>맛집</b> 카츠신가,https://blog.naver.com/moosin84/223718645798,#<b>가산동맛집</b> #가산동돈카츠맛집 #가산동점심 #가산동돈카츠 #가산디지털단지역맛집 #가디맛집 #가산디지털단지역돈카츠 #가산디지털단지맛집 #가산디지털단지돈카츠 #가산디지털단지점심,마시고 먹는 블로그,blog.naver.com/moosin84,20250108
가산디지털단지역<b>맛집</b> 왓더버거 <b>가산동</b> 수제버거,https://blog.naver.com/bom_bly/223887665904,싶은 가산동 수제버거 #왓더버거 후기는 여기까지 -! #<b>가산동맛집</b> #가산디지털단지역맛집 #가산수제버거 #가산동수제버거 #가산역맛집 #가산역혼잡 #가산동혼밥 #가산햄버거 #왓더버거가산 #왓더버거가산직영점,봄블리의 일상기록 :),blog.naver.com/bom_bly,20250603
금천구 <b>가산동 맛집</b> 명자 수제돈까스 내돈내산 후기,https://blog.naver.com/luj1327/223988554946,지방 전부 다 챙기기 좋았던 맛집 ㅋㅋ 여러분들도 가산동 혼밥할만한 곳 지인이랑 식사할만한 동네 맛집 찾으신다면 여기 가보세요~~ 안녕 #<b>가산동맛집</b> #가산디지털단지역맛집 #가산동혼밥 #명자수제돈까스,Eternal Void Chronicles,blog.naver.com/luj1327,20250830
<b>가산동</b> 돼지갈비 <b>맛집</b> 원미갈비,https://blog.naver.com/yura531/223965605162,키키 그럼 저는 쉬러 가보겠습니다 다들 또 만나유 안농 #<b>가산동맛집</b> #가산동갈비맛집 #가산동돼지갈비 #가산돼지갈비 #원미갈비 #가산동고기집 #가산동주민맛집 #가산고기집추천,유또술의 마시는 인생,blog.naver.com/yura531,20250810
[서울 금천] 40년 전통 가성비 좋은 <b>가산동 맛집</b> 돼지분식,https://blog.naver.com/basslike001/222842173010,"이번에 소개해 드릴 곳은 서울 <b>가산동</b>의 돼지분식 입니다^^ 돼지분식은 <b>가산동</b>주민센터와 현대아울렛가산점 사이에 위치하고 있어요!! 수도권 지하철 1호선, 7호선 가산디지털단지역 3번 출구에서 약 1km... ",발푸머의 발품팔아 세계 속으로,blog.naver.com/basslike001,20220810
[금천구] 가산디지털단지 점심 반주 제격 <b>가산동 맛집</b>... ,https://blog.naver.com/luv744/223006624987,좋은 <b>가산동</b>으로 찜 그렇게 찾아간 곳은 가산디지털단지에 있는 가산칼국수보쌈 ✅ 영업시간 : 월-금 11... 가산가족식사 #가디<b>맛집</b> #보쌈<b>맛집</b> #오징어숙회<b>맛집</b> #가산디지털점심 #가산디지털회식 #가산칼국수보삼,S s u ♥,blog.naver.com/luv744,20230206
<b>가산동 맛집</b> 차돌박이는 기영상회 최고,https://blog.naver.com/ybk2541/223811925518,오랜만에 짝궁이랑 차돌맛집에서 맛있고 배부르게 먹었어요. <b>가산동 맛집</b> 찾으시는분들은 기영상회 추천드릴게요. 지도 #<b>가산동맛집</b> #가산동삼겹살 #가산동고기집 #기영상회,예본일상,blog.naver.com/ybk2541,20250327
<b>가산동 맛집</b> &lt;조려당&gt;,https://blog.naver.com/bornineve/223964579004,또 안올 이유가 없는 조려당. 재방문의사 ⭐️⭐️⭐️⭐️⭐️ #두부조림<b>맛집</b> #<b>가산동</b>직장인밥집추천 #가산<b>맛집</b>추천 #<b>가산동</b>혼밥 #금천구두부조림<b>맛집</b> #<b>가산동</b>로컬<b>맛집</b> #가산디지털단지<b>맛집</b>,泡沫,blog.naver.com/bornineve,20250809
<b>가산동</b> 돈카츠 <b>맛집</b> &quot;카츠신가&quot; 진짜 남달랐던 곳!,https://blog.naver.com/minju2789/223802019190,"나는 전반적으로 만족스러워 재방문의사 있당. 먹어본 등심 돈카츠 중에 제일 부드러워서 종종 생각난다!ㅎㅎ 무튼 가산동 돈카츠 맛집, <b>가산동 맛집</b>을 찾는 분들께 &quot;카츠신가&quot; 추천한당!!!",오늘도 민쥬주의,blog.naver.com/minju2789,20250319
<b>가산동맛집</b> 임연수구이가 맛있는 정백어가 가산 퍼블릭점,https://blog.naver.com/ghj7617/224031890521,가게 외부 <b>가산동 맛집</b>인 &quot;정백어가 가산 퍼블릭점&quot;은 크고 감성이 있는 곳이더라고요! 가산 퍼블릭... 가게 내부 내부는 생각보다 넓고 쾌적하고 직장인들의 성지 <b>가산동 맛집</b>답게 깔끔하더라고요! 2인석... ,혜우와 호우의 여행,blog.naver.com/ghj7617,20251004
[<b>가산동 맛집</b>] 상상돼지 넘나 만난 것! =ㅅ=,https://blog.naver.com/tnlyu/220783643330,지난 주 금요일에 불금을 보내기 위해 <b>가산동 맛집</b> 상상돼지를 찾았어요. 상상돼지는 가산역 근처가... 메뉴를 보시면 아시겠지만 <b>가산동 맛집</b> 상상돼지는 1인분에 1만3천원! 가격만 보면 살짝 비싼 느낌! 그래도... ,애린이네,blog.naver.com/tnlyu,20160809
가산디지털단지역맛집 <b>가산동맛집</b> 장인의 노하우가 느껴지는... ,https://blog.naver.com/swcwnvrmdw30216/224068877014,"가산디지털단지역맛집 <b>가산동맛집</b> 장인의 노하우가 느껴지는 맛이에요 가산디지털단지역 근처에서 점심 뭐 먹을까 진짜 고민 많이 했거든요. 매일 똑같은 메뉴는 지겹고, 그렇다고 정말비싼 건 부담스럽고... ",대박리뷰,blog.naver.com/swcwnvrmdw30216,20251108
<b>가산동 맛집</b> 다양한 우동을 만나볼 수 있는 요미우돈교자... ,https://blog.naver.com/hyeonji-yumyumlog/223848822270,"일본의 전통 음식인 우동과 교자에 한국적인 재료를 조합한 퓨전식 우동 &amp; 교자 전문점 <b>가산동 맛집</b>... 들어오니, <b>가산동 맛집</b> 인정(?) 테이블마다 비치된 태블릿으로 주문+결제 하는 방식으로 메뉴 설명도... ",넌 먹을 때가 제일 예뻐,blog.naver.com/hyeonji-yumyumlog,20250428
가산동한식 정백어가 화덕생선구이 <b>가산동맛집</b>,https://blog.naver.com/uyn11/223757812500,"있는 <b>가산동</b>한식 <b>맛집</b> 정백어가 메뉴와 가격 테이블마다 설치되어있는 미니키오스크를 통해 메뉴를 확인하고 주문과 결제를 할 수 있었어요 고등어구이정식 13,000 삼치구이정식 14,000 임연수구이정식 14,000... ",HANA LOG,blog.naver.com/uyn11,20250212
"[<b>가산동 맛집</b>/가산역 맛집]말뚝곱창 5호점 - 모듬곱창,라면,볶음밥",https://blog.naver.com/yenakim23/221977010265,<b>가산동 맛집</b> 말뚝곱창 5호점 주소 : 서울 금천구 가산동 44-1 연락처 : 010-****-**** 영업시간: 평일03:00~00:00 홍대 꽃집 띄므망끄에요 요즘 <b>가산동 맛집</b> /가디 맛집 찾아 헤매고 있는데요 곱창 먹은지 한 6개월... ,Tu me manques,blog.naver.com/yenakim23,20200524
<b>가산동 맛집</b> 장수명가에서 삼계탕 먹었어요~,https://blog.naver.com/budongsanbiz/220748071268,<b>가산동 맛집</b> 장수명가에서 삼계탕 먹었어요~ 안녕하세요 <b>가산동 맛집</b> 대성디폴리스에 있는 장수명가를 소개합니다. 장수명가는 지하1층에 있구요 가산디지털단지역 사무실들이 많이 있어서 직장인들... ,최소장의 아파트형공장이야기,blog.naver.com/budongsanbiz,20160628
"<b>가산동 맛집</b>, 김명태 매운갈비찜 가산점 부드러운 시래기명태... ",https://blog.naver.com/blueisyoung/223827395038,<b>가산동 맛집</b> 김명태 매운갈비찜 가산점 &lt;영업시간&amp;편의시설&amp;위치&gt; 매일 10:00~22:30 라스트 오더 21:50... 가능) <b>가산동 맛집</b> 시래기 명태 매장 내부 및 분위기 <b>가산동맛집</b> 김명태 매운갈비찜 가산점은... ,정글은 언제나 비온 뒤 맑음,blog.naver.com/blueisyoung,20250410
"서울, 가산) 매콤한 쭈꾸미 볶음이 맛있는 <b>가산동 맛집</b> 추천... ",https://blog.naver.com/ddo_meok/224034834726,"<b>가산동 맛집</b>, 여의도불맛쭈꾸미 여의도불맛쭈꾸미 솔직 후기 ▶ 서울 금천구 가산로 147 1층 ▶ 월요일... 추천 O - 가산동 점심 맛집 찾는다, 추천 O 오늘도 방문해주셔서 감사합니다 :) 그럼 우리 다음에 또 만나요~~!",우당탕탕 또먹,blog.naver.com/ddo_meok,20251008
<b>가산동 맛집</b> 김명태 매운갈비찜,https://blog.naver.com/dlqhfk117/223554482350,고른 맛집인데 너무 맛있게 먹어서 리뷰 해봅니다 외관 원래 치킨을 먹을 예정이었는데 칼칼한 국물이 땡겨 <b>가산동 맛집</b>으로 고우! 저는 가산디지털단지역에서 버스를 타고 가산동 주민센터에 내려서... ,보리밥의 하루일기,blog.naver.com/dlqhfk117,20240820
[<b>가산동맛집</b>] 참치 디너코스 룸 오마카세 신선도 가디 횟집 데이트,https://blog.naver.com/gyeomd22/223760136348,월 - 토 11:00 ~ 22:00 (브레이크타임 15:00 ~ 17:00) 매주 일요일 정기휴무 ☎ 070-8119-8598 #<b>가산동맛집</b> #가산동오마카세 #가산동사시미 #가산동참치 #가산동참치집 #가산동횟집 #가디역맛집 #가디역횟집 #가디역오마카세... ,내이름은삼순이,blog.naver.com/gyeomd22,20250214
◇<b>가산동맛집</b> 두껍삼 가산직영점 고퀄리티 삼겹살 가족모임... ,https://blog.naver.com/marybelle/223853097292,특히나 더 좋았다 가산디지털단지역 근처 맛있는 숙성 삼겹살을 찾는다면 <b>가산동 맛집</b> 가산삼겹살맛집인 두껍삼 가산직영점 #두껍삼가산직영점 #가산삼겹살추천 #<b>가산동맛집</b> #가산삼겹살 #가산회식 #가산맛집,Gennie님의블로그,blog.naver.com/marybelle,20250502
"<b>가산동</b>생선구이 <b>맛집</b> 정백어가, 삼치랑 고등어 진짜 마쉿슴;",https://blog.naver.com/7985810/223840861591,양반입니다 아 진짜 솥밥에 생선구이가 1만원대 초반으로 이리 정갈하게 나오다니 정말 너무너무 맛있게 잘 먹었습니다!!! #가산디지털단지역맛집 #<b>가산동맛집</b> #가산디지털단지밥집 #가산동밥집 #가산동생선구이,죠죠의 일상블로그:먹부림기록,blog.naver.com/7985810,20250421
가능한 <b>가산동</b> 부대찌개 <b>맛집</b> 가산디지털단지역 <b>맛집</b> [부대옥... ,https://blog.naver.com/smg0315/224067311761,"가산디지털단지역 맛집, 가산디지털단지역 데이트, 가산디지털단지역 혼밥, 가산디지털단지역 부대찌개, 가산디지털단지역 술집, <b>가산동 맛집</b>, 가산동 부대찌개, 가산동 혼밥, 가산동 데이트로 완전... ",️맛있는 하루️,blog.naver.com/smg0315,20251106
[<b>가산동맛집</b>] 내맘 속 1등 곱창집 순위를 바꾸게 만든 '문정곱창',https://blog.naver.com/jin980116/222930061527,역시 <b>가산동 맛집</b> 타이틀을 달려면 이렇게 서비스가 좋아야하나 싶었다. 떡도 겉에는 바삭하고 안은... 왜 1위를 할 수 밖에 없었는지 진짜 가산동 아니 금천구 곱창집 중에 1위 할 수 있는 맛!! 문정곱창 서울... ,영상작가 & 사진작가의 맛집여행기,blog.naver.com/jin980116,20221116
[<b>가산동맛집</b>] 오치생참치 무한리필 방문했어요,https://blog.naver.com/khnmiso/221308941688,"오늘은 <b>가산동 맛집</b> 오치생참치에 방문했습니다^^ <b>가산동 맛집</b> 오치생참치 위치 서울 금천구... 무엇보다 테이블이 정말 많았습니다. 많은 인원을 수용하기에 적합한 장소이므로, 가산동 회식장소로도 추천합니다.","어느덧, 나는 축복맘",blog.naver.com/khnmiso,20180629
맛있는 소고기 돼지고기 다먹는 <b>가산동맛집</b> 동대문털보네,https://blog.naver.com/messinoona/223708496472,생각보다 건물이 꽤 커서 쭈욱~ 인내심을갖고 걸어가다보면 만날 수 잇는 <b>가산동맛집</b> 동대문털보네 입니다 !!! 동그란 테이블이 정겨운 가산동고기집 !! 고기를 참으로 맛나게 한다고 해서 방문해 보았는데요... ,Travel by 메시누나,blog.naver.com/messinoona,20241229
<b>가산동</b> 떡볶이 <b>맛집</b> 떡밀밀 가산한화점,https://blog.naver.com/hjh7978/224017934057,오랜만에 업무를 마치고 직원들과 맛있는 떡볶이가 먹고 싶어 방문한 <b>가산동</b> 떡볶이 <b>맛집</b> 떡밀밀 가산한화점에 방문했어요! 사실 점심시간에 방문하고 싶었는데 점심식사시간에 떡볶이 드시는 분들이 많아서... ,라바퀸의 맛난 일상,blog.naver.com/hjh7978,20250923
매운갈비찜 가산점 ll 매콤한 밥도둑 명태조림 냠냠 <b>가산동맛집</b>,https://blog.naver.com/wangchacha/223819861447,이곳은 <b>가산동맛집</b> 김명태 매운갈비찜 가산점 대로변에 위치해있고 매장이 큰 편이라 찾기 어렵지... 출처 : 네이버지도 <b>가산동맛집</b> 김명태 매운갈비찜 가산점 메뉴판. 매콤/시레기 명태조림과 갑오징어 조림... ,이거저거 요모조모 기타등등,blog.naver.com/wangchacha,20250403
<b>가산동 맛집</b> 가산 파스타 :: 이타리안 식당 이유,https://blog.naver.com/dmswn10284/221332618298,가산역 맛집 이타리안 식당 이유입니다 가산 파트너스타워 1층에 위치해있어요 저희는 차로 가서 지하... 젤편하죠^^ <b>가산동 맛집</b> 이유 메뉴판 열심히 찍어오긴했는데 저희가 앉은자리가 그랬는지 조명이... ,이쁜둥이 요니네 행복한 집,blog.naver.com/dmswn10284,20180804
<b>가산동</b>마라탕 마라홀릭 가산센트럴점<b>맛집</b>,https://blog.naver.com/akstjd1018/223765965824,아쉬울정도 ㅎㅎㅎㅎ 가산동마라탕 마라홀릭에 정말 빠져부려.... 사람이 바글바글 하던데 인정하는 부분!!! #가산동마라탕 #서울<b>가산동맛집</b> #가산동데이트 #서울가산동마라탕맛집 #서울가산동마라탕,지레프의 블로그,blog.naver.com/akstjd1018,20250219
<b>가산동 맛집</b> &quot;미각양꼬치&quot;2호점에 다녀왔어요.,https://blog.naver.com/simva_/221031311032,워낙 <b>가산동 맛집</b> 이라고 소문나서 그런지 가산디지털단지역에 2호점이 생겼더라고요! 그래서 또 다녀왔습니다. 제가 양꼬치 귀신 아니겠습니까? 히히 주소 : 서울특별시 금천구 벚곷로 40길 9 <b>가산동 맛집</b>... ,12.8.29,blog.naver.com/simva_,20170617
<b>가산동 맛집</b>&lt;부자아줌마&gt;,https://blog.naver.com/izaccmh/220485540006,폭풍검색하고 <b>가산동 맛집</b>이라는 &lt;부자아줌마&gt; 네로 보쌈 한점 하러 갔쥬~~^ ^ tel ) 839-3381 mobile) 010-7611... ㅋㅋ <b>가산동 맛집</b> 이라는 &lt;부자아줌마&gt; 네서 ㅋㅋ 옛날도시락도 메뉴에 있길래 하나 주문했는데 무려... ,♡라라짱의 놀먹라이프,blog.naver.com/izaccmh,20150918
동네 <b>맛집</b> 살리기 프로젝트 18 [<b>가산동</b>/오월] <b>맛집</b>의 불모지... ,https://blog.naver.com/symin67/220409732436,이걸 가지러 가다가 배가 고파서 이쪽 <b>가산동 맛집</b>을 여기 저기 수소문해서 추천받아 들러보게 된 거죠.... 맛집의 불모지 가리봉동에서 집밥으로 고군분투하는 동네 밥집 가산동 오월 소개 나갑니다. 케케케... ,맛짱.. 케케케의 Tasty Food,blog.naver.com/symin67,20150704
[금천구 / <b>가산동</b>] 가산디지털단지역 <b>맛집</b> 남씨 양꼬치,https://blog.naver.com/k1m11513/223984201086,그래서 가산동 양꼬치 집을 방문하게 되었답니다   서울 금천구 가산동 42-5 2층 ⏰ 평일 13:00 ~ 01:00... 기분이 좋습니다 ~~  #가산맛집 #<b>가산동맛집</b> 가산 놀러오실 일 있음 식사로 양꼬치 어떠신가요... ,Daily Delight ◡̎,blog.naver.com/k1m11513,20250826
<b>가산동</b> 고깃집 냉삼<b>맛집</b> 기영상회 모듬구이한판,https://blog.naver.com/solitary1122/223671128845,냉삼 뒤집는 중 뽈살도 오랜만에 구워먹는데 쫄깃하고 식감이 좋았다 가산동 고깃집 맛집... #<b>가산동맛집</b> #가산동삼겹살 #가산동고깃집 #기영상회 #금천구고기집 #가산냉삼 #가산동냉삼 #가산기영상회... ,혀깅의 일상,blog.naver.com/solitary1122,20241124
<b>가산동맛집</b> 미나리산장,https://blog.naver.com/eunae00214/223765298263,맛집 영업시간 : 11:00-23:00 / 브레이크 14:30-16:00 / 일요일 휴무 연락처 : 0507-1433-8264 주소 : 가산동 219-5 1층... 와야겠어요 #서울감자탕 #<b>가산동맛집</b> #서울뼈찜 #금천구데이트 #금천구감자탕 #가산회식장소추천... ,은은은,blog.naver.com/eunae00214,20250218
[금천구 <b>가산동맛집</b>] 벌집껍데기가 맛있는 청춘껍데기... ,https://blog.naver.com/erudaa/223743619921,있음 #청춘껍데기 #청춘껍데기가산점 #청춘껍데기가산디지털점 #가산껍데기 #가산껍데기맛집 #가산동껍데기 #가디껍데기맛집 #<b>가산동맛집</b> #가산동돼지고기맛집 #대한민국최고껍데기 #껍데기전문점... ,소소히 맛보러 다니는 나날들,blog.naver.com/erudaa,20250131
서울 <b>가산동 맛집</b> 가산물갈비 회식장소 추천 점심 내돈내산 후기,https://blog.naver.com/churihae/224026571965,직장인 맛집은 가성비+맛 보장 <b>가산동 맛집</b>으로 유명한 가산물갈비 다녀왔는데요 비오는 쌀쌀한 날씨에 먹어서 그런지 더 따끈하고 맛있었어요 산더미라는 말 그대로 콩나물과 고기가 듬뿍 들어있어서 양도... ,츄리의 알콩달콩 라이프⋰˚☆,blog.naver.com/churihae,20250930
<b>가산동맛집</b> 백년불고기에서 산더미물갈비먹었어요!,https://blog.naver.com/tnlyu/221586250244,오랜만에 찾은 #<b>가산동맛집</b> 이에요. 예전에는 이 근처를 참 자주 다녀었었는데 요즘엔 그다지 다닐일이... <b>가산동맛집</b> 백년불고기의 메뉴입니당. 저희는 #산더미물갈비 2인분과 계란찜을 주문했어요. 가격은... ,애린이네,blog.naver.com/tnlyu,20190715
<b>가산동 맛집</b> - 부자아줌마,https://blog.naver.com/kmkiki/220657074135,땡겨서 가산동에 보쌈 맛난집이 있다해서 다녀왔네요 이름하여~ 부자아줌마 ^^ 나도 부자아줌마가 되고싶다는 쓸때없는 생각을 하면서요 ㅎㅎㅎ <b>가산동 맛집</b> - 부자아줌마 외관이 시골밥집같은 &quot; 부자아줌마... ,너와 내가 만드는 이야기,blog.naver.com/kmkiki,20160316
<b>가산동 맛집</b> 부자아줌마에서 맛본 보쌈정식,https://blog.naver.com/cleverkks/220585522588,저희와 같은 7080 세대의 아날로그 감성을 자극하는 추억의 장소인 거 같아요. <b>가산동 맛집</b> 부자아줌마 주소 : 서울시 가산동 345-13 파트너스타워 1층 ℡ : 02-839-3381 영업시간 : 오전 7시~새벽 3시 (일요일은 10시까지),티나의 일상스케치,blog.naver.com/cleverkks,20160102
[<b>가산동 맛집</b>] 두껍삼 가산직영점 후기,https://blog.naver.com/seven2181/223607252954,있어서 중요한 사람과 식사하기에 정말 좋은 곳이다. 회식이나 모임할 때 두껍삼 가산직영점 강추한다 #가산맛집 #<b>가산동맛집</b> #가산삼겹살 #두껍삼 #가산고기집 #가산고기집 #두껍삼가산직영점 #금천고기집,아기상어 뚜뚜루 일상,blog.naver.com/seven2181,20241004
<b>가산동맛집</b> 구워주는 고기집 하남돼지집 가산디지털역점,https://blog.naver.com/maximum93/223782502117,"항상 실패가 없는 구워주는 고기집 하남돼지집 예전에는 조금 비싸다고 생각했는데 요즘은 물가가 올라서 하남돼지집 정도는 가성비 맛집으로 느껴진다,, <b>가산동맛집</b> 하남돼지집 위치는 제이플라츠 지하... ",기록된 순간,blog.naver.com/maximum93,20250304
<b>가산동맛집</b> 화덕구운고등어 생선구이 맛집 추천,https://blog.naver.com/godnabi/223850299380,<b>가산동맛집</b> 화덕구운고등어는 생긴지 얼마 안된 신생 맛집. 내부 인테리어가 생선구이집 같지 않고 엄청 깔끔하고 관리가 잘되어 있어요. 생선 비린내도 전혀 없었구요. 셀프바도 따로 있었는데 셀프바가... ,' 나비요가 더 옴 ',blog.naver.com/godnabi,20250429
가산디지털단지역맛집 <b>가산동맛집</b> 밝은 조명에 식사하기... ,https://blog.naver.com/uqjunyi918/224067767404,가산디지털단지역맛집 <b>가산동맛집</b> 밝은 조명에 식사하기 편안해요 퇴근하고 정말배고파서 가산디지털단지역 근처 맛집을 찾다가 &quot;의령메밀집&quot;을 발견했어요! 평소에 메밀 소바를 엄청 좋아하는데... ,uqjunyi918님의블로그,blog.naver.com/uqjunyi918,20251107
<b>가산동 맛집</b> 쿠모 양고기구이 양갈비 회식 추천,https://blog.naver.com/hayleydaily/223840049755,"가산디지털 맛집 중 하나인 쿠모, 잡내 없이 부드러운 양갈비를 먹을 수 있으며 처음부터 끝까지... 만족했다 <b>가산동 맛집</b> 양갈비 추천 쿠모 서울 금천구 가산로 143 가산디지털단지역 5번 출구에서 10분내... ",비비디바비디 부 여행기,blog.naver.com/hayleydaily,20250419
<b>가산동</b> 피자 <b>맛집</b> EPP피자 찐으로 추천!,https://blog.naver.com/hyein811/223510859141,<b>가산동</b> 피자 <b>맛집</b>으로 추천할만한 EPP피자 구로가산점 후기 시작할게욤 <b>가산동</b> 피자 <b>맛집</b> 피자EPP 구로가산점 오는 길 현대아울렛 뒷골목으로 들어와서 문정곱창 다음 골목에 보면 빨간 간판과 인테리어를 한... ,데일리헤일리,blog.naver.com/hyein811,20240712
[<b>가산동맛집</b>] 삼겹살이 맛있는 &quot;가산통통&quot;,https://blog.naver.com/sunjung0407/220063503556,【<b>가산동맛집</b>/가산통통】 간만의 우리회사의 고향 가산동을 찾았던날~ 오공쥬님과 늘이 데리고 출동 !!!!!! 늘이동생은 아직 가산동에 남아있어서 가산통통 고기 맛있는걸 알고있더라 잔뜩 기대기대... ,선짱의 맛있는 이야기♥,blog.naver.com/sunjung0407,20140721
<b>가산동</b> 삼겹살 <b>맛집</b>에서 기막힌 삼합-기영상회,https://blog.naver.com/shinhwajim/223685924518,기분좋게 먹고왔습니다. 추천합니다.  #<b>가산동 맛집</b> #기영상회 #가산동 삼겹살 #가산동 고깃집 #마리오아울렛근처맛집 #가산동삼합 #금천구맛집 #금천구고기집추천 #금천삼겹살 #가산냉동삼겹살 #가산냉삼,경제적인 하루,blog.naver.com/shinhwajim,20241207
<b>가산동맛집</b> : 정백어가 가산퍼블릭점 화덕 생선구이 백반,https://blog.naver.com/22ifeel/223804488144,"언제나 즐거운 가산동 신상 맛집 탐방! 생선구이 전문점 정백어가 가산퍼블릭점 가산퍼블릭 식당이... 정백어가 가산퍼블릭점 고등어구이부터, 뚝배기속 알탕, 지리탕 등 여러 요리가 있었던 <b>가산동맛집</b>... ",예비맘의 알찬 육아 준비 !,blog.naver.com/22ifeel,20250322
<b>가산동 맛집</b> 최여사수제돈까스 진심추천,https://blog.naver.com/miminimkkk/221433685897,제가 돈가스를 별로 안 좋아하는데 유일하게 가는 돈가스맛집이 바로 요 <b>가산동 맛집</b>으로 유명한 최여사수제돈까스입니다. 오픈한지 얼마 안 됐을때는 먹기에 여유로웠는데 아무래도 회사원들이 많은 가산동에... ,♥ 미미찡의 귤 까는 놀이터 ♥,blog.naver.com/miminimkkk,20190107
<b>가산동 맛집</b> 가산 양갈비 쿠모,https://blog.naver.com/bcbcas89/223583583007,"잡내 1도 없고 가산동 하이볼 맛집이기까지 해서 여성분들, 알쓰들도 행복하게 즐길 수 있는 ! <b>가산동 맛집</b> 가산 양갈비 쿠모입니다 :) 중요한날 .. ! 가족들, 소중한 사람들과 함께 가산동 모임 외식 하고자... ",무엇이든 기록해쏭,blog.naver.com/bcbcas89,20240914
[ <b>가산동 맛집</b> : 삼합이 맛있는 부자아줌마 ],https://blog.naver.com/hjsh1103/221313059736,[ <b>가산동맛집</b> : 부자아줌마 ] 정말오랜만에 엄마랑 데이트를했어요 ㅋㅋ 영등포갔다가 가산... ㅎㅎ 이름모를 사인도 걸려있구요 ㅎㅎ 안쪽에는 단체가앉을 수 있는 단체석도 있었어요 가산동은 회사가 많아서... ,히쟈로그 HEEZA_LOG,blog.naver.com/hjsh1103,20180705
가산 먹거리촌 <b>맛집</b> 소래회어시장 스끼다시 짱짱많아 <b>가산동</b>횟집,https://blog.naver.com/ujmcc/221569220874,안녕하세요 올라리쏭 입니다 <b>가산동 맛집</b> 가산먹거리촌 안에 있는 소래회어시장 들고왔어욤... 가산동 횟집 소래회어시장 스끼다시 짱 많아요 스끼다시로 소라랑 꼬막 나오는집 처음봄 횟집에서 인주면 아쉬운... ,정직한 마케터 올라리쏭,blog.naver.com/ujmcc,20190624
<b>가산동 맛집</b> 봉추찜닭 반마리. 정씨와 함께:),https://blog.naver.com/rkdud0140/220445854855,乃 오랫만에 만난 정씨와 맛있는 밥도 먹고 그동안 못했던 이야기도 하니 정말 즐거웠음!!! 나중에는 정씨가 추천한 <b>가산동맛집</b> 전집을 가봐야겠음!! 봉추찜닭 가산역점 주소는 서울특별시 금천구 가산동 459-11,뭉뭉&이랑,blog.naver.com/rkdud0140,20150809
가산밥집 <b>가산동</b> 한식 <b>맛집</b> 가산물갈비 가산디지털단지 <b>맛집</b> 추천,https://blog.naver.com/piano-forte/223976183616,가산디지털단지에 위치한 <b>가산동맛집</b> 가산물갈비&amp;수원왕갈비를 다녀왔어요. 가산점심밥집으로 특히... 가산밥집 가산동 한식 맛집 가산물갈비 가산디지털단지 맛집 추천 영업시간⏰️ 매일 11:00-22:00 평일 15:00... ,꿀돼나니의 식도락 여행일기,blog.naver.com/piano-forte,20250820
<b>가산동맛집</b> 테마파크시즌 애슐리 가산재능점,https://blog.naver.com/poi6240/221508849648,빌딩이 <b>가산동맛집</b> 테마파크시즌 애슐리 가산재능점 가산디지털단지역 7번출구로 나오면 바로 앞에... 근데 넘 이뻐서 찰칵! 서울특별시 금천구 가산디지털1로 186 (가산동) 제이플라츠 2층,right now,blog.naver.com/poi6240,20190409
"<b>가산동 맛집</b> 라복궁 가산본점, 양갈비와 서비스 숙주 한가득 조합",https://blog.naver.com/blueisyoung/223829635705,BLUEYOUNG'S REWIEW 라복궁 가산본점 <b>가산동 맛집</b> 양갈비 숙주 라복궁 가산본점 &lt;영업시간&amp;편의시설&amp;위치... 양갈비에 칭따오 한 잔으로 일주일 피로를 풀어보세요.^^ 가산동 양갈비 잘하는 집 라복궁 가산본점... ,정글은 언제나 비온 뒤 맑음,blog.naver.com/blueisyoung,20250416
[서울 <b>가산동</b>] 미소삼겹살데이,https://blog.naver.com/blackduck1004/224087018657,조카와 만든 말랑이❤️ 이모에게 선물로 줌 따숩게 월요일하루를 마무리 해본다. 귀염둥이 다시 한번 생일 축하행 #<b>가산동맛집</b> #미소삼겹살데이 #독산동맛집 #가산동네맛집 #가산동삼겹살 #가산동생삼겹살,덕이의 일상,blog.naver.com/blackduck1004,20251125
<b>가산동맛집</b> ::  인생삼겹살 발견!! 상상돼지 후기,https://blog.naver.com/doyeoni0205/221117656588,"오늘의 포스팅은 가산동에 위치한 돼지고기 전문점 &quot;상상돼지&quot;입니다! 제가 강력추천하는 삼겹살 맛집... 돼지고기전문집, <b>가산동 맛집</b>이라 자부합니다. 금천구에 사는 분들은 가족과 외식으로 딱! 금천구... ",Everyday SUDA :),blog.naver.com/doyeoni0205,20171015
금천 / <b>가산동맛집</b> 화덕 생선구이 전문점 '정백어가 가산퍼블릭점',https://blog.naver.com/do__ee/224025428219,"했었는데 이미 가산퍼블릭 직장인들 사이에선 <b>가산동</b>생선구이 <b>맛집</b>, 가산디지털단지밥집으로 잘 알려진 솥밥 + 화덕 생선구이 전문점 '정백어가' 에 다녀왔다 정백어가 가산퍼블릭점 위치 : 서울 금천구... ",Memento mori,blog.naver.com/do__ee,20250929
<b>가산동 맛집</b> 양고기 잘하는 라북궁 가산 본점,https://blog.naver.com/anita_kim/223667791593,"<b>가산동 맛집</b> 은 이 집입니다. 사장님은 친절하시고 직원분들도 친절하십니다. 사장님이 직접 만들어주시는데 정말 맛있습니다. 고급 진 가산동 양고기 맛집입니다. 그럼 전 20,000 들어가 보겠습니다. 다들 안녕히... ",보미누나 블로그,blog.naver.com/anita_kim,20241120
<b>가산동맛집</b> 동대문털보네에서 한잔!!,https://blog.naver.com/simva_/220992807831,안녕하세요~ 오늘은 <b>가산동맛집</b> 동대문 털보네를 소개해 드릴려고 포스팅합니다. 사실 여기는 두번째... 주소 : 서울시 금천구 가산동 60-11 스타밸리빌딩 127호 전화 번호 : 02-2649-0449 영업 시간 : 평일 04:30 - 11:30... ,12.8.29,blog.naver.com/simva_,20170426
<b>가산동 맛집</b> 다도해수산 : 스끼다시 잘나오는 푸짐한 횟집,https://blog.naver.com/hy1549/223773807093,<b>가산동 맛집</b> 다도해수산 다도해수산은 가산동 주민센터 인근에 있구요 가산두산위브아파트랑... 새우 맛집이에요~! 모듬회 소+매운탕+멍게 솥밥 준비 완료 밑반찬 준비 완료 인근 횟집중 가장 스끼다시가... ,술이수리마술이,blog.naver.com/hy1549,20250225
<b>가산동</b> 회식 <b>맛집</b> | 가산물갈비&amp;즉석소불고기 - A세트 (내돈내산... ,https://blog.naver.com/ciae141/223991952153,회식 장소로 선택한 곳은 가산물갈비&amp;즉석소불고기 가산물갈비&amp;즉석소불고기 영업정보 가산디지털단지역 <b>맛집</b> &amp; <b>가산동</b> 회식 <b>맛집</b> 가산물갈비&amp;즉석소불고기 ◆ 주소 : 서울특별시 금천구 가산디지털1로 128... ,나의 달님,blog.naver.com/ciae141,20250902
"<b>가산동 맛집</b>, 두툼한 고기가 맛있는 두껍삼",https://blog.naver.com/cendy99/221263643529,<b>가산동 맛집</b> 두껍삼 고기를 많이 먹는 편은 아닌데.. 언젠가부터 맛을 알게 되니까 ~ 맛있게 생긴(?)고길 보면 한번 먹어봐야겠다 생각이 들더라고요~ 많은 맛 집들이 많지만.. 그래도 회식장소하면 역시... ,강냉이 블로그,blog.naver.com/cendy99,20180428
서울 금천구 라복궁 가산본점 / 서울양갈비맛집 / <b>가산동맛집</b> 추천,https://blog.naver.com/chltjswogus/224021935636,안녕하세요 희동이 입니당 :) 오늘은 [<b>가산동맛집</b> / 서울양갈비맛집 ’라복궁 가산본점‘] 리뷰를 들고 왔습니다  위치 : 서울 금천구 가산로9길 12-8 (현대아울렛 후문 근처에 위치) ☎️ 전화번호 : 0507-1458-8300... ,Things I Love,blog.naver.com/chltjswogus,20250925
&lt;<b>가산동맛집</b>&gt; 마리오아울렛1관 베트남쌀국수 에머이Emoi~,https://blog.naver.com/aprook77/220980444764,"<b>가산동 맛집</b>~ 전통베트남 살국수 맛집 Emoi 에머이 가산동디지털단지역 하면 쇼핑몰로 유명하다 마리오아울렛 1.2.3관 , 롯데팩토리아울렛 ,w몰 ,현대아울렛 등등 한때는 중국사람들로 너무 시끄러웠는데 지금은... ",나무가되고픈나비 ^^♡♡행복날다,blog.naver.com/aprook77,20170411
<b>가산동</b> W몰 <b>맛집</b>:푸짐하고 맛있는 트래블앤쿡!,https://blog.naver.com/vicky205401/220777676372,가산동 W몰 맛집 푸짐하고 맛있는 트래블앤쿡! W몰에 가끔가면 맛집 찾아 삼만리였는데 이젠 그럴... 풍기는 <b>가산동 맛집</b> 트래블앤쿡은 분위기가 딱 제스탈~ㅎㅎㅎ 금강산도 식후경이라고 <b>가산동 맛집</b>... ,♥알콩달콤 소소한 일상♥,blog.naver.com/vicky205401,20160802
서울 <b>가산동</b> 가산디지털단지 쭈꾸미 <b>맛집</b> '누나밥쭈',https://blog.naver.com/minimi072/223996823876,오늘은 서울 <b>가산동 맛집</b> 누나밥쭈입니다 누나밥쭈는 가디역 근처에 있는 쭈꾸미 맛집이에요... 가산동 쭈꾸미 맛집 누나밥쭈는 다양한 메뉴가 있는데 점심식사로 국밥종류도 팔고있어요~ 쭈꾸미 비빔밥이랑... ,미니미니한 일상,blog.naver.com/minimi072,20250905
<b>가산동 맛집</b> * 미스터고기왕 가산디지털점,https://blog.naver.com/mousejwk/220736163753,"만난ㅎㅎㅎ <b>가산동 맛집</b> 미스터고기왕 가산디지털점에 다녀왔는데요~ 지하철 1호선, 7호선... 금천구 가산동 345-9 sk트윈테크타워 A동 101호 02-862-9292 내부가 엄청 넓어요~~ 밖에서 볼땐 몰랐는데 무지 크더라는ㅎㅎ... ",콩이언니네 House,blog.naver.com/mousejwk,20160614
<b>가산동 맛집</b> :: 다도해수산... 스키다시와 감동적인 회 맛집,https://blog.naver.com/dnsdyd1861/223857175142,"<b>가산동 맛집</b> :: 다도해수산 – 푸짐한 스키다시와 감동적인 회 맛집 서울 금천구 가산동, 골목 안 숨겨진 진짜 회 맛집을 찾았습니다. 바로 &quot;다도해수산&quot;인데요. 가게 위치 안내 위치는 서울 금천구... ",모바일브라더스 앤텔레콤 개통센터,blog.naver.com/dnsdyd1861,20250506
<b>가산동 맛집</b> 점심 슬로가든... 쌀국수를 같이 먹는 갓성비 맛집,https://blog.naver.com/justone486/224018371315,&amp; #슬로가든&amp;까몬가산디지털단지역점 #슬로가든&amp;까몬 #가산동점심맛집 #가산퍼블릭맛집 #가산디지털단지맛집 쌀국수 #가산디지털단지맛집 #가산역맛집 #<b>가산동맛집</b> #가산동쌀국수 #가산역쌀국수... ,Mom’s daily,blog.naver.com/justone486,20250923
"다도해수산, {<b>가산동</b>} 마리오아울렛 알찬 스끼다시 회<b>맛집</b>",https://blog.naver.com/hapy66/223817140524,덕분이야  가산동 마리오아울렛근처 현대아울렛 뒤 가산 먹자거리 가산디지털 맛집 다도해수산... 행복했어요 ❤️ #가산디지털단지맛집 #가산맛집 #다도해수산 #<b>가산동맛집</b> #금천구맛집 #금천구횟집... ,love is giving,blog.naver.com/hapy66,20250401
<b>가산동 맛집</b> 대두네순두부 점심 밥 무한 제공 차돌순두부,https://blog.naver.com/sodastreamer/223768284797,"제가 자주 가는 <b>가산동 맛집</b> 몇 곳이 있는데 그중에서도 최다 방문한 가디맛집을 소개해드릴까 합니다, 바로 32년 전통의 순두부 요리 맛집 대두네순두부인데요. <b>가산동 맛집</b> 대두네순두부는 가산디지털단지역... ",청포도리도리의 블로그,blog.naver.com/sodastreamer,20250221
<b>가산동</b>고기집 가산디지털단지역무한리필 <b>맛집</b> 대륭 더이룸푸드,https://blog.naver.com/125qhtjr/223689661614,가산디지털단지역무한리필 맛집 대륭 더이룸푸드 리뷰 끝! #<b>가산동맛집</b>#가산동한식뷔페#가산동무한리필#가산동술집#가산동고기집#가산디지털단지역맛집#가산디지털단지역한식뷔페#가산디지털단지역고기집... ,알아두면 쓸데있겠지,blog.naver.com/125qhtjr,20241211
<b>가산동</b> 분위기 <b>맛집</b> 가로집 연어포케 치킨뚱타코 건강한 야식... ,https://blog.naver.com/eastssunrise/223924328791,"37 <b>가산동 맛집</b>, 서울 포케 맛집, 가산 타코 배달 영업시간 화~일 11:00 - 21:00 브레이크타임 평일 14:00 - 17:00 매주 월요일 휴무 전화번호 0507 - 1349 - 8483  가산동 포케 / 가산 타코 맛집 : 가로집  대중교통 이용시... ",구르밍 밍맹뭉,blog.naver.com/eastssunrise,20250707
[백만그릇 파스타] 단독룸 있는 <b>가산동</b> 파스타 <b>맛집</b> 후기,https://blog.naver.com/97tjgusdl/223955107856,"없고, 가산동 파스타 맛집이나 미팅룸, 단체석 찾는 분들께도 만족스러울 공간이에요! ✔️ <b>가산동 맛집</b> 찾는 분들 ✔️ 가산디지털단지 단체회식 장소 고민 중이신 분들 ✔️ 조용하고 세련된 분위기의... ",응기의 노트,blog.naver.com/97tjgusdl,20250801
가산퍼블릭점 : <b>가산동</b>생선구이 화덕에 구운 생선구이 <b>맛집</b>,https://blog.naver.com/wlqls24/223841908522,조합을 싫어하는 한국인은 없으니깐요 건강한 한끼를 원하시면 한번 방문해봐도 나쁘지 않을 것 같아요 그럼 끗-! #가산디지털단지역맛집 #<b>가산동맛집</b> #가산디지털단지밥집 #가산동밥집 #가산동생선구이,Always keep the faith.,blog.naver.com/wlqls24,20250421
"<b>가산동 맛집</b> 가산 카페 수플레 5TO7 , 말차 쿠키 추천 구욱희씨",https://blog.naver.com/slpbb/223932139583,정말 맛있고 분위기도 좋은 곳이라 다음에 또 재방문 하고 싶은 <b>가산동 맛집</b>으로 완전 추천드려요! #가산_카페_수플레 #가산_맛집_수플레 #가산동카페 #5to7 #구욱희씨,실버라이닝 {Silver Linings PB},blog.naver.com/slpbb,20250714
<b>가산동맛집</b> 가디역 대표 고기맛집 동대문 털보네,https://blog.naver.com/booboo-diary/223994260049,<b>가산동맛집</b> 동대문 털보네 내부 금요일도 아니고 화요일 이른 저녁임에도 이미 테이블은 거의... 가산맛집 동대문 털보네의 갈매기살은 부드러우면서도 쫄깃하고 담백한 맛이었다. 가산동고기집 동대문 털보네... ,보리와로나,blog.naver.com/booboo-diary,20250903
<b>가산동맛집</b> 불고기브라더스에서 점심식사 했어요:),https://blog.naver.com/hssj2615/221150367099,"가산마리오아울렛 맛집, 따뜻한 한우버섯전골 든든하게 먹었어요 가산동은 IT계열 회사랑 아울렛으로... 있는 가산동에서 데이트 즐겼어요 <b>가산동맛집</b> 불고기브라더스예요 마리오아울렛 3관 13층에 위치하고... ",오써니의 해피라이프,blog.naver.com/hssj2615,20171128
[<b>가산동</b>/가산디지털단지역]... 니보시아부라소바 일식 라멘 <b>맛집</b>,https://blog.naver.com/royalmilktea0117/223693694250,"니보시 아부라 (11,000원) 차슈 추가 (2,500원) ● 지극히 주관적인 느낌 금천구 <b>가산동</b> 라멘 <b>맛집</b>, 쇼쿠도 에이엔 홍짱라멘, 중화소바, 시오라멘 등과 1시 이후 주문 가능한 인스타그램에 공지되는 매니아 메뉴가... ",RoyalMilkTea 로얄밀크티의 맛집 여행,blog.naver.com/royalmilktea0117,20241214
<b>가산동 맛집</b> 대게랍스타전문점 아카미,https://blog.naver.com/shshm55/220719087078,헬로헬로 마사지받고 밥먹으러 간곳 진심 배가 터질려해서 후 하 후 하 심호흡하며 나온 <b>가산동 맛집</b>... 우리 엄마 아빠 모시고 또 가고 싶더라구요 대게 코스 랍스타 코스 맛집 찾으시면 가산동 아카미 추천합니다!,앙증's 프로젝트,blog.naver.com/shshm55,20160526
가산디지털단지역 <b>가산동</b> 타코 <b>맛집</b> 호세가 타코스 가산본점,https://blog.naver.com/seoul_ddubuk/223822611324,저는 자주 갈것 같습니다. 그냥 강.추.합니다 :) #내돈내산 #가산동타코 #<b>가산동맛집</b> #가산동호세가 #구디맛집 #가디타코 #가산디지털단지역타코맛집 #호세가타코스,젊으니까 뚜버기다,blog.naver.com/seoul_ddubuk,20250408
[<b>가산동 맛집</b>] 휴스시... 가산디지털단지역 W몰 마리오아울렛 맛집,https://blog.naver.com/mardians/222880329733,"마르디안입니다 오늘은 초밥<b>맛집</b>을 소개해보고자 해요～ '휴스시'라는 초밥집인데요～ 서울 <b>가산동</b> '가산디지털단지역' 근처에 있구요 '디지털단지오거리'나 'W몰', '마리오아울렛'과도 아주 가까운 곳에... ",| 마르디안의 하이킹 | 블랙야크 100대명산 완등,blog.naver.com/mardians,20220921
[<b>가산동 맛집</b> 추천] 입에 넣자마자 침샘 폭발 솜씻너 되는... ,https://blog.naver.com/dkdlfjqmfjss/224086199790,이거에 갈비살 같이 드셔보세요 진짜 대존맛 미쳤습니다 걍 여기 고기도 넘 마싯고 사이드도 넘 마싯습니다 꼭 가세요... <b>가산동</b>에 이런 <b>맛집</b>이 있다니 후하 행복하당~^^ 그럼 다음 <b>맛집</b> 포스팅에서 만나용 히히,I like it? I like eat!,blog.naver.com/dkdlfjqmfjss,20251124
<b>가산동</b>한식 라이스볼 덮밥<b>맛집</b> 반키친 방문후기,https://blog.naver.com/izmi81/223797963895,근처에서 덮밥맛집을 찾는다면 반키친을 추천해요!  #<b>가산동맛집</b> #금천구맛집 #가산동한식 #가산동외식 #금천구외식 #가산동추천맛집 #가산디지털단지역맛집 #가디역맛집 #덮밥맛집 #제육덮밥맛집 #김치찌개맛집,먹고 즐기고 찍고,blog.naver.com/izmi81,20250316
가산디지털단지역맛집 <b>가산동맛집</b> 장모님밥상 봉태민 목요일... ,https://blog.naver.com/autumn0704/150158239553,[가산디지털단지역 맛집 / <b>가산동 맛집</b>] 장모님밥상 봉태민 목요일 점심메뉴 화요일 : 오삼떡두루치기 / 김치찌개 / 치즈계란말이 / 잡채 수요일 : 양지찌개 / 석쇠숯불구이 / 김치전 목요일 : 매운갈비찜... ,사랑하며 살아가며,blog.naver.com/autumn0704,20130131
<b>가산동맛집</b> 우림라이온스밸리 쌀국수 그릴썸,https://blog.naver.com/goodluck999/220665931349,가산동의 최고의 중심상권 우림라이온스밸리 <b>가산동맛집</b> 그릴썸 쌀국수 인테리어가 복잡하지않고 정결하게 꾸며져 있습니다. 그냥느낌이 정감이 가는 심플한스타일 이네요. 주방앞쪽에 참숯으로... ,브이원캠프공인중개사무소 010-3799-4341,blog.naver.com/goodluck999,20160326
<b>가산동 맛집</b> 미각양꼬치,https://blog.naver.com/fredda/220947030645,오늘 소개할 집은 <b>가산동 맛집</b> 미각양꼬치입니다 가산디지털역 부근으로 중식당에서 양꼬치를 파는... 있는 <b>가산동 맛집</b> 미각양꼬치! 가산디지털단지역 7번출구쪽으로 양꼬치는 여기밖에 없는 것 같아요 이쪽은... ,뿌레의 잡동사니,blog.naver.com/fredda,20170228
[<b>가산동 맛집</b>] 무식한 뼈갈비와 국수의 만남!!,https://blog.naver.com/alzmqp321/220970266965,오늘의 포스팅은 <b>가산동 맛집</b>인데요!! 무식한 뼈갈비와 따끈따끈한 국수!! 배가 고파서 그런지... <b>가산동 맛집</b> 무식한 뼈갈비는 영업시간은 5시 부터 11시까지인데요!! ㅋㅋㅋ 짧은시간동안 운영하지만 손님이... ,Newlyweds Daily Life,blog.naver.com/alzmqp321,20170329
<b>가산동</b>일식 신상 <b>맛집</b> 재방문하고 싶은 명서쿠... ,https://blog.naver.com/tnfladl5838/223892578267,#가산디지털단지역라멘 #가산디지털단지역이자카야 #가산디지털단지역일식 #가산디지털단지역맛집 #가산맛집 #<b>가산동맛집</b> #가산동일식 #가산동라멘 #가산동회식장소 #가산디지털단지역데이트,세상 탐방하는 꾸꾸 이야기,blog.naver.com/tnfladl5838,20250608
<b>가산동</b> 노포 <b>맛집</b> 라복궁 양갈비 마라샹궈,https://blog.naver.com/dukuduku_/223684034407,#<b>가산동맛집</b> #금천구마라탕 #가산동마라탕 #서울양갈비맛집 #가산디지털단지맛집 #가디역마라탕 #가디역양갈비 #가디역회식맛집 #가산동회식 #가산동양고기 #가산동마라샹궈 #가산동회식맛집,맛도리 쥐콩백,blog.naver.com/dukuduku_,20241205
[<b>가산동 맛집</b>] 여신족발 - 쫄깃쫄깃 맛있는 족발!,https://blog.naver.com/pururune/100148448896,족발맛집 [<b>가산동 맛집</b>] 여신족발 - 쫄깃쫄깃 맛있는 족발! 오늘소개해드릴 맛집은 가산동의 여신족발 입니다~ 나름 고기매니아인 저에게 맛있는 족발집 리스트는 필수! 그중 당연 손꼽을만한 집을 발견하여... ,다락방의 맛있는 여행,blog.naver.com/pururune,20120114
<b>가산동 맛집</b> - 옛날 닭꼬치 식당,https://blog.naver.com/herohwangsae/223380607601,<b>가산동 맛집</b>. &quot;옛날 닭꼬치 사골 부대찌개&quot;가 상호명인데 네이버 지도에 검색은 &quot;옛날 닭꼬치 식당&quot;으로 검색이 된다. 점심보단 저녁 술한잔 하기 좋은곳. 주차는 이렇게 알아서. 벚꽃로&quot;에 있어서 봄되면 예뻐질... ,무적황새의 세계여행기록&맛집투어,blog.naver.com/herohwangsae,20240312
<b>가산동</b> 가산디지털단지 <b>맛집</b> 월래순교자관 내돈내산 후기,https://blog.naver.com/worker_park/223705150833,먹고 싶은 거 다 먹자 그래서 들린 곳 가산디지털단지 가산동 오랜 맛집 월래순 교자관에서 만두 가득... <b>가산동 맛집</b> 원래순 교자관은 ✅️ 식사 이용 시간이 2시간으로 정해져 있다. 테이블이 꽤 많다. 각... ,회사원의 신나는 소비생활 + 독립일기,blog.naver.com/worker_park,20241225
서울 <b>가산동 맛집</b> N간집 미소삼겹살데이,https://blog.naver.com/abiteofseonghyeon/223965963402,현이입니다 오늘의 현이한입은 <b>가산동</b> 로컬 삼겹살 <b>맛집</b> <b>가산동</b> 또(N)++간집 미소삼겹살데이 후기 시작합니다❗️ 미소 삼겹살데이 정보  가게 위치 서울 금천구 가산로 7길 4 1층 ☎️ 가게 전화번호 02-856-2455... ,Hyeon’s Bite,blog.naver.com/abiteofseonghyeon,20250810
진심 추천하는 <b>가산동</b> 중식당 <b>맛집</b> : 중국인 주방장의 기합이... ,https://blog.naver.com/injaeinwoo/223777244560,진심 추천하는 <b>가산동</b> 중식당 <b>맛집</b> 중국인 주방장의 기합이 전해지는 중식당 자금성 2025년 2월 26일 친구와 함께 오랜만에 만나는 분이 있어 저녁을 먹으러 이곳에 왔다. <b>가산동</b> 중식당 자금성 주소 : 서울... ,서울달타냥,blog.naver.com/injaeinwoo,20250228
<b>가산동</b> 최고의 <b>맛집</b> 회식하기 좋은 김명자 굴국밥집,https://blog.naver.com/qkzks1014/220776784217,안녕하세요 오늘은 가산동 최고의 맛집을 소개합니다. 필자도 자주가는 맛집중에 하나. 물론 삼실에서... 전체적인 홀 분위기는 이렇구요 한 50명정도는 넉끈하게 앉을수 있을거 같애요~ <b>가산동 맛집</b>이 이정도는... ,가산동사무실 벤처부동산,blog.naver.com/qkzks1014,20160801
<b>가산동</b> 김밥 <b>맛집</b> 행복김밥 매콤진미김밥 행복 한 입 포장후기,https://blog.naver.com/slpbb/223924674207,"가산동 김밥 포장 행복한입 서울특별시 금천구 가산로 128-1 1층 가산 현대아울렛 근처 <b>가산동 맛집</b> 행복... 행복한입 메뉴판 가산동 김밥 맛집 행복한 입의 기본 김밥이름은 행복김밥으로 가격은 4,000원... ",실버라이닝 {Silver Linings PB},blog.naver.com/slpbb,20250707
[<b>가산동 맛집</b>] 진심 맛있는 카레 전문점 델리커리... ,https://blog.naver.com/alouete/222912691620,"#델리커리가산현대아울렛점 #<b>가산동맛집</b> #가산디지털단지역맛집 #가산현대아울렛맛집 #델리커리 #가산동데이트맛집 https://map.naver.com/v5/entry/place/1395235194?c=14124771.3466548,4505898.1332092,15,0,0,0,dh 델리커리... ",alouette☆everyday,blog.naver.com/alouete,20221028
<b>가산동 맛집</b> 계절밥상에서 신메뉴 계절로 즐기기,https://blog.naver.com/jung3950530/220996835163,금천구 <b>가산동 맛집</b> 이야기입니다. 사무실에서 열심히 일을 했으니~ 밥도 맛있게 든든하게 먹어야겠죠.... 역시 <b>가산동 맛집</b>의 포스가 팍팍 나옵니다. 열심히 접시에 음식을 담아봅시다. 그리고 이번에 신메뉴로... ,윤경이와 종수의 아빠 이야기,blog.naver.com/jung3950530,20170502
[<b>가산동 맛집</b>] 가산동 참숯주먹고기  완전 맛집 강력추천^^,https://blog.naver.com/bs6111/221794926816,[<b>가산동 맛집</b>] 가산동 참숯주먹고기 완전 맛집 강력추천^^ 가산동에서 참숯주먹고기집으로 유명한 맛집이 있어서 소개할려고 합니다. 저는 단골이라 자주 가는집인데 고기에서 육즙이 좔좔 흐르고 먹어 보시면... ,김본부장의 정보마당 !! 02-867-5005,blog.naver.com/bs6111,20200203
<b>가산동 맛집</b> 콩나물국밥,https://blog.naver.com/goodluck999/220455745751,<b>가산동 맛집</b> 콩나물국밥 가산동 교학사자리에 에이스하이엔드타워10차 지식산업센터 분양현장에 나가고 있어요. 입주를 4~5개월 남겨둔 시점에와있는 현재 분양율이 85%를 상회하고 있네요.오늘은... ,브이원캠프공인중개사무소 010-3799-4341,blog.naver.com/goodluck999,20150819
<b>가산동맛집</b> 통마늘알곱창볶음 먹으러 은하철도곱곱곱,https://blog.naver.com/hotrring/220985457841,<b>가산동맛집</b> 통마늘알곱창볶음 먹으러 은하철도곱곱곱 안녕하세요 령뽀입니당 흐흐흣~ 주말에 가산... ㅋㅋ 울잇님들고 쇼핑하고 곱곱곱 하세요ㅋㅋ 가산동곱창맛집 은하철도곱곱곱 만족!!! -본 포스팅은... ,령뽀월드,blog.naver.com/hotrring,20170417
"<b>가산동 맛집</b> 구워주는 양갈비 맛집 쿠모, 기념일 추천",https://blog.naver.com/ys960805/223690686692,"❗ 이런 사람들에게 추천해요 ❗ ☑ 데이트, 소개팅하기 좋은 가산 고깃집 맛집 추천 ☑ 특별한 메뉴가 있는 <b>가산동 맛집</b> 좋아요 ☑ 직접 구워주는 고깃집 찾아요 ☑ 특별한 날 방문하기 좋은 <b>가산동 맛집</b>... ",특별한 사람의 평범한 기록들,blog.naver.com/ys960805,20241212
의령메밀집  #<b>가산동맛집</b>,https://blog.naver.com/realman0216/223962497511,#의령메밀집#<b>가산동맛집</b> #메밀소바맛집 #들기름메밀소바 #물냉메밀소바 #비빔메밀소바 #메밀맛집... 가산디지털역맛집 #가산동메밀맛집 #가산동메밀소바맛집 #가산디지털역메밀소바맛집 #내돈내산... ,"No pain, No gain",blog.naver.com/realman0216,20250807
가산디지털단지 샤브샤브 <b>가산동 맛집</b> 호호샤브,https://blog.naver.com/tgv654/223692004507,"이번에도 너무 맛있게 잘 먹고 나왔습니다 메뉴 구성도 좋고, 맛도 훌륭하니 점심, 저녁 할 거 없이 찾는 사람들이 많은 것 같아요 저 또한 가산디지털단지 <b>맛집</b>, <b>가산동</b> 혼밥 찾는 사람들한테 항상 추천하는... ",1시간전,blog.naver.com/tgv654,20241213
독산역 맛집 돈까스도 연어덮밥도 맛있었던 <b>가산동 맛집</b> 카츠누리,https://blog.naver.com/no6darkstar/223840156268,매일 신선한 재료로 맛있는 돈까스를 먹을 수 있는 독산역 맛집인 수제돈가츠 전문점 <b>가산동 맛집</b> 카츠누리에 가족들과 함께 방문하였답니다. 저희는 저녁 때 방문하였지만 점심에 방문하여도 매우 좋은... ,성이의 일상생활,blog.naver.com/no6darkstar,20250420
금천구 <b>맛집</b> <b>가산동</b> 샤브올데이 캐치테이블 예약 꿀팁,https://blog.naver.com/dreaming-mj/223704109109,호텔식샤브샤브 금천구 맛집 <b>가산동 맛집</b> 샤브올데이 서울가산점 추워서 국물 당기는데 샤브샤브와 호텔식 샐러드바를 무제한으로 즐길 수 있는 서울 금천구 맛집 샤브올데이 서울가산점이 새로 생겼다고... ,꿈꾸는 MJ♡,blog.naver.com/dreaming-mj,20241224
[맛집] <b>가산동 맛집</b> 이자카야 진케이 방문 후기,https://blog.naver.com/ayennny/223913318464,"하면 ‘이자카야 진케이 ’ 추천 드립니다:) 데이트 코스나 , 소개팅 장소로도 좋아보여요  #금천구이자카야 #가산동이자카야 #금천구술집 #금천구맛집 #가산동술집 #<b>가산동맛집</b> #서이추환영 #답방 #댓글 #공감",A.yennny,blog.naver.com/ayennny,20250627
<b>가산동 맛집</b> 애슐리W 가산재능점 딸기축제 푸짐하게 먹고 왔죵,https://blog.naver.com/hyoung7371/221481155232,#<b>가산동맛집</b> #애슐리W #딸기축제 집에서 가까운 곳이라 애슐리W 가산재능점 자주 가거든요 갈때마다 푸짐하고 맛있게 잘 먹고 오는것 같아요! 그래서 <b>가산동 맛집</b> 하면 애슐리 W를 빠뜨릴수 없죠! 지금... ,날다희의 꿈꾸는 작은공간,blog.naver.com/hyoung7371,20190305
[<b>가산동 맛집</b>] 가산동 &quot;뉴욕피자스타일 피자 펍&quot;에서 피맥으로... ,https://blog.naver.com/bs6111/221810994526,"[<b>가산동 맛집</b>] 가산동 &quot;뉴욕피자스타일 피자 펍&quot; 에서 피맥으로 유명한 집 안녕하세요? 오늘은 저와 일하는 직원과 같이 가산동에서 1차로 고기집에서 간단하게 먹고, 가산동 2단지 대륭포스트타워6차에 있는... ",김본부장의 정보마당 !! 02-867-5005,blog.naver.com/bs6111,20200216
가산디지털단지 맛집 <b>가산동 맛집</b> 삼복 토종 닭도리탕,https://blog.naver.com/psarun/223993836773,닭도리탕맛집인 <b>가산동맛집</b>을 소개해드릴려고 합니다. 삼복 토종 닭도리탕 주 소 : 서울 금천구 디지털로12길 21-6 1층 매일 10:00~24:00 0507-1371-0238 민생회복 소비쿠폰가능 주차가능 가산동 현대아울렛후문쪽에... ,이쁜내새뀌 사랑해,blog.naver.com/psarun,20250903
내돈내산 <b>가산동맛집</b> 점심할인 오스타닭갈비 가산본점 후기,https://blog.naver.com/austkdvk/223985950643,가산동에서 춘천닭갈비 맛집을 찾고 계신분.!!! 가디역에서 맛있는 닭갈비를 드셔보고 싶으신분.!!! <b>가산동맛집</b> &quot;오스타닭갈비 가산본점&quot;에 꼭 가보시길 바래요~!!! ✅본포스팅은 NO광고 NO협찬 내돈내고 작성한... ,김케이와쌍둥이딸들의일상~♡,blog.naver.com/austkdvk,20250828
<b>가산동 맛집</b> 라복궁 양고기,https://blog.naver.com/realrevolution/223819158207,<b>가산동 맛집</b> 라복궁 양고기 안녕하세요 건빵사장입니다 오늘은 서울 금천구 가산동에 위치한... 매장내부 &amp; 분위기에요 저희는 평일 저녁시간에 방문했는데 이미 가산 맛집으로 소문이 났는지 손님들로 꽉... ,15분 전,blog.naver.com/realrevolution,20250402
가산디지털단지<b>맛집</b> <b>가산동</b> 라복궁 양갈비,https://blog.naver.com/9512333/223732126910,#가산디지털단지역맛집 #<b>가산동맛집</b> #서울양갈비맛집 #가산동고깃집 #가산고기집 #가산회식 #가디역회식 #가디맛집 #가디역맛집 ⓒ 올리브 글/사진 무단 도용 금지 (무단도용시 조용히 신고 합니다.),올리브 다이어리,blog.naver.com/9512333,20250120
야장 가능한 <b>가산동</b> 한우곱창 <b>맛집</b> 벽돌곱창 가산점,https://blog.naver.com/gyeomd22/224008673246,매일 17:00 ~ 01:00 ☎ 0507-1319-4588 #<b>가산동</b>곱창 #<b>가산동</b>곱창<b>맛집</b> #가산디지털단지곱창 #가디곱창 #가산한우곱창 #<b>가산동</b>한우곱창 #벽돌곱창 #내돈내산 레트로 컨셉의 인테리어와 새로 오픈한지 얼마 안 돼서... ,내이름은삼순이,blog.naver.com/gyeomd22,20250915
독산역 <b>가산동 맛집</b> 오봉집 점심 저녁 한상가득 배부르게,https://blog.naver.com/sconesss/223438150068,평일은 차가막히니까 배달 시켜야지~ #독산역맛집 #독산맛집 #<b>가산동맛집</b> #가산맛집 #오봉집메뉴 #오봉집점심 #가산동점심 #독산동점심 #독산역회식 #독산역저녁,잊지마요. 스콘,blog.naver.com/sconesss,20240507
[<b>가산동맛집</b>] 여친과 함게 정통철판요리 전문점 &quot;디쌍&quot;을 가다~~,https://blog.naver.com/kashue1104/220468627698,[<b>가산동맛집</b>] 여친과 함게 정통철판요리 전문점 &quot;디쌍&quot;을 가다~~ 여친과 함께갈 커플 레스토랑 하면... 디쌍직원들의 친절한 서비스에 감사드리는 차원에서 맛집블로그 오랜만에 올리게되네요. 연인과함께... ,카슈's BLOG,blog.naver.com/kashue1104,20150901
<b>가산동 맛집</b> 호랭이반점 가산디지털단지역점,https://blog.naver.com/ldhwaa/223705553128,#호랭이반점가산디지털단지역점 #호랭이반점 #<b>가산동맛집</b> #가디맛집 #가산디지털단지역점심 <b>가산동 맛집</b> - 호랭이반점 가산디지털단지역점 가성비 훌륭한 중식을 즐길 수 있는 곳 <b>가산동 맛집</b> &lt;호랭이반점... ,마이술상,blog.naver.com/ldhwaa,20241226
금천구 <b>가산동 맛집</b> 점심 저녁 현대아울렛 양선생양꼬치 솔직... ,https://blog.naver.com/798147/223451243686,금천구 <b>가산동 맛집</b> 점심 저녁 현대아울렛 양선생양꼬치는 현대아울렛 뒤편에 위치해있으며 쇼핑을... 메뉴판 가격표 금천구 <b>가산동 맛집</b> 점심 저녁 현대아울렛 양선생양꼬치 메뉴판 가격표입니다. 대표... ,또랭이의 맛로드✨️,blog.naver.com/798147,20240519
금천구 <b>가산동</b> 중식<b>맛집</b> 연화루에서 삼선해물짬뽕이랑... ,https://blog.naver.com/angela881112/223761532630,이예요 #가산두산위브근처<b>맛집</b> #가산두산위브 #가산두산위브중식 #<b>가산동</b>중식 #<b>가산동</b>짜장면 #<b>가산동</b>짬뽕 #가산연화루 #연화루 #우리동네<b>맛집</b> #가산간짜장<b>맛집</b> 연화루의 메뉴는 굉장히 심플한 편인데요... ,쑥덕숙덕 레시피,blog.naver.com/angela881112,20250215
"[<b>가산동맛집</b>] 회식하기 좋은 가성비 양고기 맛집, 라복궁 가산본점",https://blog.naver.com/i_m_zzu/223818942794,(ﾉ◕ヮ◕)ﾉ*:･ﾟ✧ #<b>가산동맛집</b> #가산동마라탕 #가산동양갈비 #가산동양갈비맛집 #가산동양고기 #가산동양고기맛집 #가산동마라샹궈 #가산동가성비맛집 #가산동회식 #가산동저녁 #가산동데이트... ,I CHOOSE US,blog.naver.com/i_m_zzu,20250402
<b>가산동맛집</b> 추천 :: 정백어가 가산퍼블릭점 생선구이 맛집,https://blog.naver.com/hy_yh11/223950475763,"me/5ZJax70t <b>가산동맛집</b> 정백어가에는 고등어구이, 삼치구이, 갈치구이 등 각종 생선구이 정찬과 여러... ㅋㅋ 가산동, 가산퍼블릭에서 한식이 먹고 싶다면 정백어가 가산퍼블릭점 추천합니다!",Vis ta vie,blog.naver.com/hy_yh11,20250728
[<b>가산동맛집</b>] 가산디지털단지 아울렛 근처 생선구이 맛집... ,https://blog.naver.com/nostalsokei7/223861264515,화덕구운고등어 오시는길 &amp; 주차 &amp; 입구외관 화덕구운고등어 입구 주차공간 이번 포스팅은 가산디지털단지맛집 가산아울렛맛집 <b>가산동맛집</b> '화덕구운고등어' 입니다 영화보기전 집근처인 가산동에서... ,수도권 맛집 탐험대 / 제품리뷰,blog.naver.com/nostalsokei7,20250510
<b>가산동 맛집</b> 철판목장 W몰점 방문,https://blog.naver.com/yijw82/220811026667,<b>가산동 맛집</b> 철판목장 W몰점 방문 맛집 많기로 소문난 가산디지털단지에 철판목장 W몰점을 방문하였습니다. 철판 스테이크 맛집으로 유명한 철판목장이 요즘 뜨고 있어서 첨 가봤는데 많이들 가는 이유가... ,수도아재,blog.naver.com/yijw82,20160912
[<b>가산동 맛집</b>] 숯불 구이 동대문 털보네,https://blog.naver.com/alzmqp321/220921838049,오늘의 포스팅은 <b>가산동 맛집</b> 인데요~!! 숯불구이 동대문 털보네 랍니다!! <b>가산동 맛집</b> 동대문 털보네에서는 다양한 고기와 함께 곱창 또는 돼지껍데기까지 다양하게 준비되어있답니다~! 돼지고기와 함께... ,Newlyweds Daily Life,blog.naver.com/alzmqp321,20170128
"<b>가산동맛집</b>, 구워주는 이베리코 목살맛집 '로'",https://blog.naver.com/beany_b/223659414150,"못먹어서 아쉬웠어요 ㅎㅎㅎ 가디역, 아울렛 근처 평일에 오시면 <b>가산동 맛집</b>인 이베리코 돼지고기 맛집인 ‘로’ 추천드릴게요! #가산디지털단지역맛집 #<b>가산동맛집</b> #금천구고기집 #가산동고기집 #가산동삼겹살",Beany_B,blog.naver.com/beany_b,20241113
안주 먹으려고 술 먹는 가산동술집 ( <b>가산동맛집</b> / 객주현 ),https://blog.naver.com/dhthdus6751/223981563625,가는곳이거든요ㅋㅋㅋ 가산동술집 <b>가산동맛집</b> 금천구술집 <b>가산동맛집</b> 가산디지털단지역맛집 객주현 가산디지털단지역 바로 앞에 위치해 있어서 위치도 가깝구요 이 근처 술집은 대부분 다가봤는데 객주현... ,구로토박이엄마,blog.naver.com/dhthdus6751,20250824
<b>가산동 맛집</b> 명동칼국수 세트구성도 좋고 칼국수창업 정보도... ,https://blog.naver.com/bbholic84/221850870249,"집근처 가산동에 있는 칼국수 맛집, 명동칼국수에 다녀왔어요_:)) 01. 위치 가산디지털단지역 4번 출구... 옆입니다_:)) <b>가산동 맛집</b>, 명동칼국수 연락처:02) 3997-0818 주소: 서욽특별시 금천구 벚꽃로 278... ",비비홀릭의 집밥이야기♡,blog.naver.com/bbholic84,20200313
마리오아울렛맛집 일본가정식 고항야 미사쿠 <b>가산동맛집</b>,https://blog.naver.com/uyn11/223733946634,밥에 찻물을 말아 먹는 오차츠케까지 해서 든든하고 맛있게 먹을 수 있었던 일본가정식 전문점 <b>가산동맛집</b> 마리오아울렛맛집 미사쿠 마리오아울렛에서 쇼핑도하고 맛있는 밥도 먹을 수 있어서 좋았어요,HANA LOG,blog.naver.com/uyn11,20250122
[서울/금천] 가산디지털단지맛집 <b>가산동맛집</b> 더페이머스그릴,https://blog.naver.com/tjdbs98765/223854685619,찾는 분들도 엄청 마음에 들어하실 것 같음 오셔서 찐 미국맛 핫도그와 미트 플래터 맛보고 가시길! #가산디지털단지맛집 #가산디지털단지역맛집 #<b>가산동맛집</b> #가산동술집 #가산디지털단지술집,°˖✧ Yoong's World ✧˖°,blog.naver.com/tjdbs98765,20250503
가산 곱창 맛집 그냥 무조건 맛있는 술집 <b>가산동 맛집</b> 벽돌곱창,https://blog.naver.com/no6darkstar/223840032529,"오랜만에 곱창과 술한잔 기울이기 위해 별로 기대하지 않고 방문했던 가산 곱창 맛집인데 너무나 반해... ① <b>가산동 맛집</b>에서는 말뿐만이 아닌 너무나 맛있는 곱창, 대창, 특양 등을 경험해 볼 수 있음 ② 꿀팁... ",성이의 일상생활,blog.naver.com/no6darkstar,20250419
<b>가산동 맛집</b> 추천 큐큐면관 가산직영점,https://blog.naver.com/neol02/223981901236,오늘도 정말 잘 먹었습니다 #가산디지털단지역맛집 #중식맛집 #가성비좋은중국집 #가산맛집 #가산중국집 #<b>가산동맛집</b> #가산동짜장면 #가산동혼밥 #가디역맛집 #가디역중국집 #금천구맛집 #금천구중국집... ,먹는 행복의 힘,blog.naver.com/neol02,20250824
<b>가산동</b> 보쌈 <b>맛집</b> 감탄사가 절로 나온 박만배아리랑보쌈,https://blog.naver.com/nqmvcxtzlg27088/224076152395,*협찬 <b>가산동</b> 보쌈 <b>맛집</b> 감탄사가 절로 나온 박만배아리랑보쌈 요즘 보쌈이 갑자기 너무 땡겨서 주말 점심에 친구랑 다녀온 <b>가산동</b> 보쌈 <b>맛집</b>! SNS에서도 자주 보이던 곳이라 기대감을 가득 안고... ,오렌지빛 스카프,blog.naver.com/nqmvcxtzlg27088,20251114
<b>가산동</b> 가산디지털단지 <b>맛집</b> 옛날닭꼬치사골부대찌개,https://blog.naver.com/zuny9017/222866866028,#가산디지털단지맛집 #가산동가산디지털단지 #옛날닭꼬치사골부대찌개 #<b>가산동맛집</b> 한잔하기 좋은 가산동 가산디지털단지 맛집 옛날닭꼬치사골부대찌개 닭꼬치 딱 좋지 맛나맛나열매 저에게는 맛나는... ,빈앤온 숟가락을 들다,blog.naver.com/zuny9017,20220905
<b>가산동 맛집</b> :: 백스키친,https://blog.naver.com/j_h1234/220635318482,<b>가산동 맛집</b> 을 찾으시거나 가산동 회식장소 를 찾으신다면 백스키친 추천드려요+_+ 백스키친 오는방법 주소 : 서울시 금천구 가산동 481-11 1층 전화 : 02-864-1414 영업시간 : 9:00 ~ 21:00,"졔의 일상가득,",blog.naver.com/j_h1234,20160223
<b>가산동맛집</b> 화덕구운고등어 가산 생선구이 땡길때 추천!!,https://blog.naver.com/dancewithdiana/223862351309,가산동 150-1) 전화번호: 0507-1489-3578 영업시간: 월-토 10:30-22:00 화덕구운고등어는 가산디지털단지역맛집... <b>가산동맛집</b> 화덕구운고등어에는 아기 의자도 구비되어 있어 가족과 함께 외식하기도 딱이다. 가산동... ,댜나는 뚠뚠♪ 오늘도 뚠뚠♪,blog.naver.com/dancewithdiana,20250511
호텔셰프 맛집 <b>가산동 맛집</b> 페이자이 가산디지털단지점,https://blog.naver.com/eajoeh/223748166546,호텔셰프 경력의 사장님이 말아주셔서 그런지 맛이 깊고 깔끔해요 식사 다 하고 나가실 때는 입가심 캔디도 있으니 하나씩 챙겨서 개운한 마무리 되세요 #<b>가산동맛집</b> #가디역맛집 #가산디지털단지맛집 #가디짬뽕... ,아무말대잔치,blog.naver.com/eajoeh,20250205
<b>가산동 맛집</b> : 닭촌장 무한리필로 즐기는 숯불 닭갈비,https://blog.naver.com/22ifeel/223730131530,협찬 후기 <b>가산동 맛집</b> 탐방! 새로 생긴 닭갈비 가게가 있어서 들렀다 ㅎㅎ 주소 : 서울 금천구 가산로 146 2층 (서울 금천구 가산동 142-42)  연락처 : 0507-1305-8489 ⏰ 영업시간 : 평일 11:30 ~ 01:00 브레이트타임 15:30... ,예비맘의 알찬 육아 준비 !,blog.naver.com/22ifeel,20250124
안주가 맛있는 <b>가산동맛집</b> 88포장마차 가산점,https://blog.naver.com/yangyang11_/223935673069,그래서 날씨에 상관없이 야외 포장마차 느낌이 날수 있는곳을 찾아보다가 <b>가산동</b>에 새로운 실내... <b>가산동</b>술집 또는 가산디지털단지역술집을 찾으신다면 이곳에 와보시는걸 추천 드려오. 오늘도 행복한 하루... ,윤이의라이프,blog.naver.com/yangyang11_,20250716
가리봉동<b>맛집</b>/최자 <b>맛집</b>/<b>가산동</b> 만두 월래순교자관 오랜만에... ,https://blog.naver.com/justone486/224037251902,운이 좋아따~~~ 그렇게 맛도 좋고 양도 많고 무엇보다 가격이 착한 월래순교자관을 가리봉동맛집/<b>가산동맛집</b>/가산동만두/ 가산동최자만두/가리봉동최자만두/가산역맛집 찾으시는 분들께 추천합니다... ,Mom’s daily,blog.naver.com/justone486,20251011
<b>가산동맛집</b> 청춘껍데기 다녀옴,https://blog.naver.com/kms89133/223900211967,"그래서 다녀온 곳이 바로 <b>가산동맛집</b>, 껍데기 전문점 청춘껍데기 가산디지털점이에요. 이곳은... 가산삼겹살맛집, 혹은 현대아울렛맛집으로도 충분히 손색없는 곳이고요. 평소 껍데기를 즐기지 않던 분들도... ",seoa.dayz,blog.naver.com/kms89133,20250615
"연말 송년회 <b>맛집</b> / <b>가산동</b> 일식집, 하나스시, 횟집",https://blog.naver.com/kmarine621/221421306615,먹고 온지 얼마 되지도 않지만...글을 적으면서 사진을 보니 또 먹고 싶은 욕구가 생기네요^^ #<b>가산동맛집</b> #가산디지털역맛집 #가산동횟집 #가산동일식집 #깡통박사 #일식집,컨테이너의 모든것,blog.naver.com/kmarine621,20181217
금천구 <b>가산동</b>｜양고기 <b>맛집</b> [라복궁] 양고기 1kg 모듬 한판 최고,https://blog.naver.com/hmnnowk/223902511981,양고기 맛집인데 평소 퇴근길에 라복궁앞을 지나가면 늘 손님이 많이 있는 #<b>가산동맛집</b> 이랍니다! 가산동 식당가들이 즐비한 도로 쪽에 있어서 찾아가는데도 큰 무리 없었답니다 인테리어 라복궁은 요즘... ,en mi mente,blog.naver.com/hmnnowk,20250617
<b>가산동 맛집</b> 한식뷔페 &quot; 풀잎채&quot; 다녀온 후기요~^^,https://blog.naver.com/mintgift/220354808985,[<b>가산동 맛집</b>] 한식뷔페 &quot; 풀잎채&quot; 오늘은 어버이날 겸 가족들과 식사하러 <b>가산동 맛집</b> 한식뷔페... 가산디지털단지역 맛집 찾으시는 분들이나 가산동 아울렛 쇼핑하시다 식사 할 곳 찾으시면 가산동 풀잎채... ,♥민트새댁의 일상스토리♥,blog.naver.com/mintgift,20150509
"돈꿈 | <b>가산동 맛집</b>, 가산동 삼겹살",https://blog.naver.com/yuzomy/223675756692,"참고하세요 . . . 둘이서 삼겹살3, 양념목살 1, 된찌 1, 물냉면 2 먹었는데 7만원나옴..! 엄청 저렴하고 맛있고 <b>가산동 맛집</b>, 또는 맛있는 가산동 삼겹살 집을 찾으신다면 추천 추천 대추천입니다. . . .",에블데이유조미,blog.naver.com/yuzomy,20241128
가산동쌀국수 <b>가산동맛집</b> 리포브릭 가산직영점 주차 세트메뉴... ,https://blog.naver.com/comwel112/224033098411,가산디지털단지역맛집 #가산디지털단지역점심 #가산디지털단지역점심추천 #가산디지털단지쌀국수 #가산디지털단지맛집 #가산디지털단지점심 #가산동쌀국수 #<b>가산동맛집</b> #가산동점심 #서이추환영,나의 소중한 하루,blog.naver.com/comwel112,20251006
특별한 메뉴가 있는 <b>가산동 맛집</b> 대식당 대식뼈삼겹,https://blog.naver.com/0620doha/223337045335,<b>가산동 맛집</b> 대식당에서만 먹을수있는 특별한메뉴 '대식뼈삼겹'을 먹기위해 영하의 추위를 뚫고 호다닥... 다양한 전통증류주와 함께 가산동에서는 찾아볼 수 없는 특별한 메뉴 대식뼈삼겹을 먹어보았는데... ,서하가 추구하는 평화로운 세상,blog.naver.com/0620doha,20240129
(<b>가산동맛집</b>) 간단하지만 맛있는 클럽샌드 가산퍼블릭점 배달... ,https://blog.naver.com/eunarings/223688967503,#제품제공 오늘은 구디 가디 직장인들에게 소개해드리고 싶은 신상 맛집을 포스팅해보려고 해요!  한번... 디지털로 178 A동 116호 전화 0507-1409-0578 ⌚영업시간 11:30-21:20 <b>가산동맛집</b> 클럽샌드 가산퍼블릭점 후기,행복한 드림맘 으나링의 찐리빙,blog.naver.com/eunarings,20241210
"[<b>가산동 맛집</b>] 가성비 좋은 가디 맛집  보배 반점 가산점, 가산동... ",https://blog.naver.com/flora0713/224032707574,"오늘은 <b>가산동</b> 1등 중식당, 보배 반점 가산점을 소개해 드리려고 해요  <b>가산동</b> 회식 <b>맛집</b> 보배 반점 가산점 위치는 가산 디지털 단지역 도보 7분 거리 위치로 접근성 매우 좋고  주차 시 건물 내 무료 주차... ",플로라 ♡,blog.naver.com/flora0713,20251005
[<b>가산동</b>]카츠올로지 가산본점... 흑돼지 안심 등심돈까스  <b>맛집</b>,https://blog.naver.com/aime0211/223988763572,<b>가산동</b> 돈까스 가산디지털단지 점심 <b>가산동</b> 냉소바 <b>가산동</b> 우동 돈까스 <b>맛집</b>으로 인기가 많은 카츠올로지 가산본점 다녀왔어요~ 도보 이용은 가산지지털단지역 8번출구에서 5분정도로 인크커피 맞은편... ,[쏭이]이것봐 나를 한번 쳐다봐~,blog.naver.com/aime0211,20250830
<b>가산동맛집</b> 가정식백반 밥생선구이,https://blog.naver.com/1236552/223636414567,제겐 좋았습니다 나물반찬 먹고 싶었는데 #가산디지털단지맛집 실컷 먹으며 엄마집밥처럼 촵촵 입속으로 직행 <b>가산동맛집</b> 가정식백반 밥생선구이 집밥처럼 #숯불생선구이 즐기고 싶으신 분들은 추천드립니다.,다둥맘새싹 블로그,blog.naver.com/1236552,20241028
"<b>가산동</b> 데이트하기 좋은, <b>가산동</b> 양고기 <b>맛집</b> [ 쿠모 ]",https://blog.naver.com/kmsrmk0219/223620740278,가산동 양고기 맛집 쿠모 내부 고급스러우면서 세련된 분위기의 인테리어 예약 후 방문했더니 깔끔하게 세팅까지  <b>가산동 맛집</b> 쿠모 메뉴 쿠모 기본 찬 저 궁채가 아삭아삭하고 맛있어서 몇 번이나 더... ,일상 속 설렘 찾기,blog.naver.com/kmsrmk0219,20241016
[서울/가산] 진케이 :: <b>가산동</b> 이자카야 숙성회 모츠나베 후기,https://blog.naver.com/luuuuuucy/223780122703,"새로 #금천구이자카야 #가산동이자카야 #금천구술집 #금천구맛집 #가산동술집 #<b>가산동맛집</b> 주류 메뉴 긴죠, 사케, 하이볼, 위스키 등등 주류 메뉴도 다양하게 있습니다! 앞접시랑 콩, 단무지 사시미용 간장... ",Lucete✨,blog.naver.com/luuuuuucy,20250302
<b>가산동맛집</b>-진진바라 가산점/한정식추천,https://blog.naver.com/baby7914/202709081,ㅎㅎㅎ <b>가산동맛집</b>-진진바라 가산점/한정식추천 평일점심특선으로 25000원이랍니다~~ 가게내부도 상당히 넓은편이라 모임장소나 돌잔치 상견례 장소로도 좋은거 같더라구요~~ 가산동은 친구가 여기서 일을하고... ,제트댕댕이와 라니언니 러브하우스^^,blog.naver.com/baby7914,20140118
가산디지털단지역 <b>가산동 맛집</b> '로' 고기집 후기,https://blog.naver.com/gkdusglaso/223636226238,#가산디지털단지역맛집 #<b>가산동맛집</b> #금천구고기집 #가산동고기집 #가산동삼겹살 금천 로에 다녀왔습니다~~!! 로 평일 11:00 ~ 21:20 (14:00 ~ 17:00 브레이크 타임) / 20:30 라스트 오더 주말 휴무 두번째 방문인 로!!!... ,뽀밍뚜 RECORD,blog.naver.com/gkdusglaso,20241028
<b>가산동 맛집</b> 두부공방 가산점 리얼후기,https://blog.naver.com/lakehhosoo/223994888700,일요일에도 영업하는 제가 발견하고 제가 방문한 리얼 <b>맛집</b> 포스팅 두부공방 가산디지털점 위치 두부공방가산점 두부공방은 <b>가산동</b> 아스크타워에 입점해 있어요 아스크타워는 현대아울렛 바로 옆에 있지만... ,갈 길이 먼 달나라 별나라,blog.naver.com/lakehhosoo,20250904
<b>가산동 맛집</b> 춘천옥,https://blog.naver.com/prayi/221251580491,"<b>가산동 맛집</b> 춘천옥 너무 유명한 춘천옥의 보쌈&amp;막국수 20년도 더 된 오래된 맛집이다. 내부는 이렇고 저녁 때 가서 그런가 근처 회사원 손님이 많았다. 주방인데 살짝 보임 보쌈 (소) 29,000원 (대) 45,000원... ",눈누난나,blog.naver.com/prayi,20180412
가산디지털단지역점] 혼밥하기 좋은 직장인 점심 <b>가산동맛집</b>,https://blog.naver.com/skyway90/223720629231,다 커버 가능한 맛있고 힙한 중국집을 찾는다면 <b>가산동맛집</b> 호랭이반점 가산디지털단지역점을 방문해보세요 #<b>가산동맛집</b> #가디맛집 #가산디지털단지역점심 #호랭이반점 #호랭이반점가산디지털단지역점,SKYWAY90_HOME,blog.naver.com/skyway90,20250110
<b>가산동</b>신상<b>맛집</b> 닭촌장숯불닭갈비 소주3천원 오픈이벤트,https://blog.naver.com/uyn11/223679152778,"맛있었어요 #가산동닭갈비 #<b>가산동맛집</b> #금천구닭갈비 #금천구맛집 후추마요네즈 소스에 잔뜩 찍어서 먹어도 맛있고 양배추샐러드와 함께 겻들여도 맛있고 쌈무, 깻잎절임 등 닭갈비와 잘어울리는... ",HANA LOG,blog.naver.com/uyn11,20241201
<b>가산동맛집</b> 호랭이반점 가산디지털단지역점 가성비 좋은 중식,https://blog.naver.com/blackcoffee19/223762884855,#<b>가산동맛집</b> #가디맛집 #가산디지털단지맛집 #가산중식맛집 #호랭이반점 예전에는 가산을 밥먹듯이 다녔는데 요새는 뜸했는데 오랜만에 쇼핑을 좀 하고 가성비 좋은 식당에 다녀왔어요 호랭이반점은... ,BlackCoffee♥,blog.naver.com/blackcoffee19,20250216
[가산동닭한마리] <b>가산동 맛집</b> 가산현대아울렛 맛집,https://blog.naver.com/never_finish_holiday/223765179243,유명한 가산동닭한마리 꽤 오래된 맛집이다 노포 느낌...? 내부가 밖에서 보는 것보다 꽤 크다 메뉴는 닭... 원래 맛집은 메뉴가 간단하다 <b>가산동 맛집</b> 엄마가 좋아하는 생생정보통에 나온 맛집이다 사람들이... ,NEVER FINISH HOLIDAY,blog.naver.com/never_finish_holiday,20250222
<b>가산동 맛집</b> 마리오타워 사월에 쭈꾸미,https://blog.naver.com/goodluck999/220517583786,"<b>가산동 맛집</b> 마리오타워 사월에 쭈꾸미 점심에 지인들과 가산동 마리오타워 사월에 쭈꾸미 볶음을 먹으러 갔다왔어요. 마리오쇼핑타워3관을 지나서 가다가보니 마리오 동물원이라는 표말이 보이고,그안에... ",브이원캠프공인중개사무소 010-3799-4341,blog.naver.com/goodluck999,20151023
<b>가산동맛집</b> : 기분좋은돼지집 상상돼지,https://blog.naver.com/iamgenuus/220730770709,예전에 아는 언니의 추천으로 가봤었던 <b>가산동맛집</b> 상상돼지 이름부터 너무 귀여움 ㅜㅜㅜㅜ 예전에... 나만의 <b>가산동맛집</b> ♥ http://blog.naver.com/iamgenuus/220068136275 푸핫 벌써 2년 전 포스팅이다... ,한쏭's charming world♩,blog.naver.com/iamgenuus,20160610
&lt;<b>가산동맛집</b>&gt;대성디폴리스 소문난 태국쌀국수,https://blog.naver.com/seoul6600/220634294270,&lt;<b>가산동맛집</b>&gt;대성디폴리스 소문난 태국쌀국수 그소문 사실이야? 맛있다는게 음식이 비위건드리는것은... 까탈까탈 한꺼탈 한다는 그녀가 태국에서 극복못한 음식을 가산동 대성디폴리스에서 소화해냈다면... ,디폴리스 지식산업센터(아파트형공장) 공식블로그,blog.naver.com/seoul6600,20160222
[<b>가산동 맛집</b>]상상돼지 - 친절하고 맛있는 가산동 고기집,https://blog.naver.com/panta98/221206580834,여기는 <b>가산동</b>에 위치한 상상돼지라는 초벌구이 고깃집인데요.. 여기 사장님이 무지 친절하시고.. 맛도좋아서.. 항상 손님이 끊기지 않는 <b>맛집</b>이랍니다. 방문하기 전에 미리 예약을 해주시면 상차림 까지... ,아스란,blog.naver.com/panta98,20180212
[<b>가산동맛집</b>] 가산동 솥뚜껑 고깃집 추천 – 효자동 솥뚜껑 가격... ,https://blog.naver.com/jujucoms2/224021254194,"가산동에서 가성비 좋고 고기 맛집다운 고기 맛집을 찾고 계시다면, 효자동솥뚜껑을 추천합니다. 회식, 가족 외식, 친구들과의 저녁 식사 장소로 모두 만족스러운 선택이 될 거예요. #<b>가산동맛집</b> #솥뚜껑고기집... ",한 스푼 스토리님의 블로그,blog.naver.com/jujucoms2,20250925
가산디지털단지역<b>맛집</b> <b>가산동</b>생선구이 '정백어가... ,https://blog.naver.com/dalkom408/223817509575,생선 좋아하시는 분들은 가산디지털단지역맛집 가산동생선구이 '정백어가 가산퍼블릭점' 방문해보시면 좋을 것 같아요 :) #가산디지털단지역맛집 #<b>가산동맛집</b> #가산디지털단지밥집 #가산동밥집 #가산동생선구이,KYOUNG이로운 하루ᰔ,blog.naver.com/dalkom408,20250401
<b>가산동 맛집</b> 가산동닭한마리 가산디지털단지 닭볶음탕,https://blog.naver.com/nawa_travel/223623793169,"볶음밥까지 먹고 나면 배부른 만족감이 이어지는 곳이었습니다. 가산동닭한마리에서 맛있는 닭볶음탕과 볶음밥을 즐기고, 근처 현대아울렛도 방문해보세요! #<b>가산동맛집</b> #가산동닭한마리 #가산디지털단지맛집",맛있는 음식 저장소,blog.naver.com/nawa_travel,20241021
"<b>가산동</b> 더케어 자세교정, 나만 알고 싶은 시크릿 플레이스... ",https://blog.naver.com/heejg410/224085534288,"몸쓰는 분들, 자전거 타시는 분들, 수험생도 할인 받고 건강 챙길 수 있어요! #가산동더케어 #척추교정 #자세교정 #근막마사지 #내돈내산 #비포애프터 #할인혜택 #건강한자세 #자세교정추천 #<b>가산동맛집</b>",지나가는 일상 기록,blog.naver.com/heejg410,20251123
가산디지털단지맛집 <b>가산동맛집</b> 인정 명객양꼬치 금천점 후기,https://blog.naver.com/dodam816/223988275555,가산디지털단지맛집 &amp; 믿고 가는 독산동맛집  제대로 된 독산역맛집을 찾고 있다면?  분위기까지 챙긴 <b>가산동맛집</b>이 필요하다면?  현지 감성의 독산동양꼬치 즐기고 싶다면? 정답은  명객양꼬치 금천점입니다 ✨,단짝이의 이모저모,blog.naver.com/dodam816,20250829
<b>가산동 맛집</b> - 개성손만두 요리점문점,https://blog.naver.com/herohwangsae/223321026674,"<b>가산동 맛집</b>. 개성 손 만두. 오랜만에 방문했다. 이동네 아직 그대로다! 주차도 몇대 가능한 개성 손만두. 역시나 손님들이 많다. 메뉴판. 가격이 많이 올랐다. 엄청. 원래 전골 8,000원. 손만두 7,000원 이었는데.... ",무적황새의 세계여행기록&맛집투어,blog.naver.com/herohwangsae,20240113
[사람과 공간을 잇다] <b>가산동 맛집</b> 추천 멕시칸 레스토랑 &quot;호세가&quot;,https://blog.naver.com/itdda0276/221628883162,취향저격이였답니다 :D 가산동 근처에 이런 맛집이 생겨서 너무 기뻐용 &gt;.&lt; 멕시칸 음식은 맥주랑 같이... 추천해드리는 <b>가산동 맛집</b> &quot;호세가&quot;에 가보시는 건 어떠신가요~? 사람과 공간을 잇다 ☎고객문의 : 1600... ,"인테리어 무료견적 중개 서비스 ""잇다""",blog.naver.com/itdda0276,20190826
[<b>가산동맛집</b>] 가산동 홍어가 있는 최애보쌈집 부자아지매,https://blog.naver.com/dkfqnwk120/223640762321,바글바글한 <b>가산동맛집</b> 홍어삼합 부자아지매예요~~~ 두근두근~~ 안쪽 테이블도 거의 차있었는데 사진찍기 좀 그래서 나갈때 찍었어요. 단체로 외도 좋은 가산동 보쌈맛집이었어요. 기본 밑반찬으로... ,행벅한응디니,blog.naver.com/dkfqnwk120,20241031
독산동 <b>가산동</b> 숨은<b>맛집</b> 한옥집숯불갈비,https://blog.naver.com/jh__1206/223559182821,ㅎㅎ #금천구맛집 #숨은맛집 #독산동맛집 #<b>가산동맛집</b> #가산소고기 #독산소고기 #소고기맛집 #한옥집숯불갈비 #가산갈비 #금천구고깃집 #가산동고기집 #독산고깃집 #소갈비맛집 #독산동외식 #독산동회식,제제의 먹방일상,blog.naver.com/jh__1206,20240824
<b>가산동 맛집</b> 부자아줌마 - 가산디지털단지 회식 장소 추천,https://blog.naver.com/luminas11/220947092012,<b>가산동 맛집</b> 부자아줌마 가산디지털단지 회식 장소 추천 안녕하세요 이엘입니다. 오늘은 퇴근길에... 유명한 맛집 인증! 평일이니까 간단하게 소주 일병 / 맥주 일병 첨에 문어보쌈 大자 하나만 시켰는데 남자3... ,살벌한 이엘,blog.naver.com/luminas11,20170228
[금천/<b>가산동</b>] 4월의 오또상... 맛있는 가산디지털단지역 초밥<b>맛집</b>,https://blog.naver.com/ye_106/223789070304,가산디지털단지점심맛집 #가디점심맛집 #4월의오또상가격 #4월의오또상스시 #4월의오또상초밥 #서울초밥맛집 #금천구초밥맛집 #가산동초밥맛집 #가산동스시맛집 #가디역맛집 #<b>가산동맛집</b> #가디역초밥맛집,스리의 공간,blog.naver.com/ye_106,20250308
가디역 <b>가산동 맛집</b> 닭갈비 추천 오스타닭갈비 가산본점,https://blog.naver.com/bboyoung1022/224032658549,충전선과 페브리즈까지 영수증 리뷰 이벤트도 진행중이고 위생으로도 믿을만한 곳이니 <b>가산동 맛집</b> 찾으신다면 꼭 가디역 맛집 오스타닭갈비 방문해보세요☺️,뽀시락 일상❤️,blog.naver.com/bboyoung1022,20251005
<b>가산동 맛집</b> 오스타 닭갈비 후기,https://blog.naver.com/chizen0/223864785487,오늘은 <b>가산동 맛집</b> 중에서 요즘 뜨고 있는 오스타 닭갈비 이야기 가져왔어요. 가디역 맛집 찾고 계신... 312-1 (가산동) 2층  서울페이(금천페이): 결제 가능 예전 ‘엄마손춘천닭갈비’라는 이름으로 35년 넘게... ,미소와 오리의 일상♡,blog.naver.com/chizen0,20250514
[<b>가산동맛집</b>] 직화구이의 참맛을 알수있는 &quot;가산통통&quot;,https://blog.naver.com/sunjung0407/140198096319,회사가 <b>가산동</b>에서 목동으로 이사를 하면서... 아울렛이랑도 바이바이 했었는데 오랫만에 가을옷 보러... 참숯에 구워먹는 고기도 좋고~ 묵은지김치찌개가 너무 맘에 들었던 가산통통^^ 우리회사가 <b>가산동</b>에... ,선짱의 맛있는 이야기♥,blog.naver.com/sunjung0407,20131007
<b>가산동 맛집</b> | 매콤한 시래기 명태조림과 돌솥밥 김명태,https://blog.naver.com/als453/223793978855,"돌솥밥을 주문하시면, 숭늉까지 배부르게 먹을 수 있어요 ㅎㅎ 평일 점심메뉴도 있어서 가산동 직장인 점심 맛집으로도 굿굿입니다~~ #<b>가산동맛집</b> #가산동한식 #구로한식 #마리오아울렛한식 #가산현대아울렛맛집",햅삐 먹방 블로그,blog.naver.com/als453,20250312
<b>가산동 맛집</b> 미스터쭈꾸미에서 쭈꾸미와 계란찜 냠냠,https://blog.naver.com/pmtmyuch0407/220124617903,<b>가산동 맛집</b> # 미스터쭈꾸미에서 쭈꾸미와 계란찜 냠냠 오늘 식도락여행을 떠날 곳은 좀 전에 다녀온... 그럼 지금부터 본격적인 가산 맛집 미스터쭈꾸미의 먹방 T.I.M.E 근데 먹으려고보니 미스터쭈꾸미는 먹는... ,"쉬어가기,",blog.naver.com/pmtmyuch0407,20140917
<b>가산동 맛집</b> ‘기영상회’ 차돌삼합 후기,https://blog.naver.com/0_rae/223731440438,"기영상회 금천구 가산동 차돌삼합 맛집 서울 금천구 가산로5길 15 가산더블레스 101호, 102호 매일 11시... #<b>가산동맛집</b> #가산동삼겹살 #가산동고깃집 내부 인테리어는 깔끔한 느낌이라 가족 외식이나 모임 하기도... ",:),blog.naver.com/0_rae,20250120
"가산디지털단지맛집,<b>가산동맛집</b> - 미스터고기왕 서초갈매기",https://blog.naver.com/hanr7/60181758694,"가산디지털단지맛집,<b>가산동맛집</b> - 미스터고기왕 서초갈매기 보니비네 지인분께서 강력 추천한 고깃집이 있어요 가산디지털단지역 근처에 있는 고깃집인데 착한 가격에 맛이 기가 막히다고 해서 언제 한 번 꼭... ",보니비의 내 영혼이 따뜻했던 날들,blog.naver.com/hanr7,20130126
"<b>가산동맛집</b> 라복궁 양갈비, 회식·가족모임까지 분위기 좋은... ",https://blog.naver.com/dltmf764/224028543717,"<b>가산동맛집</b> 라복궁, 이런 분들께 추천 ✔ 분위기 좋은 회식 장소 찾는 직장인들 ✔ 가족 외식, 부모님 모시고 갈만한 집 찾는 분들 ✔ 양갈비를 제대로 즐기고 싶은 분들 특히 라복궁은 <b>가산동맛집</b> 중에서도 맛... ",엔돌핀듀,blog.naver.com/dltmf764,20251001
<b>가산동맛집</b> 배달도 되는 김명태 매운갈비찜 가산점,https://blog.naver.com/8555tjsdhr/223591849645,자주 가는 마리오아울렛 그 근처 <b>가산동</b> 주민센터 건너편 김명태에 다녀왔어요 김명태 가산점 <b>가산동</b>점심 마리오아울렛<b>맛집</b> <b>가산동</b>코다리 <b>가산동</b>혼밥 김명태 매운갈비찜 <b>가산동</b>점심 <b>가산동</b>혼밥... ,해드는집,blog.naver.com/8555tjsdhr,20240922
가산디지털단지역 <b>맛집</b> <b>가산동</b> 닭한마리,https://blog.naver.com/s2haisley/223611771351,않고 얇아서 더 감칠맛 나는 칼국수인데 김치랑 먹다 보면 아.. 사리 추가 두 개 할걸.. 하는 맛입니다 맛있고 건강한 메뉴로 맛저하세요 #가산맛집 #<b>가산동맛집</b> #가산동닭한마리 #가디맛집 #가산디지털단지역맛집,오늘의 한 페이지,blog.naver.com/s2haisley,20241008
<b>가산동 맛집</b> :: 부자아줌마 - 양과 질 서비스 모두 만족!!!!!,https://blog.naver.com/kimminkey125/220595627804,<b>가산동 맛집</b> / 독산동 맛집 / 가산디지털맛집 / 부자아줌마 어제 신랑과 원기보충하러 가산동 보쌈 맛집 부자아줌마에 다녀왔어요!! 가산디지털단지역 부근에 있습니다 정겨운 식당 분위기 조금 한산한 시간에... ,밍키의 리뷰블로그,blog.naver.com/kimminkey125,20160112
<b>가산동 맛집</b> 오스타닭갈비 가디점심,https://blog.naver.com/tlswl0215/223938123793,점심시간에 보니 또 침이 고입니다!! 맛점 하세요ㅎ #<b>가산동 맛집</b> #가디역 맛집 #가산 닭갈비 #오스타닭갈비 #가디맛집 #가디역맛집 #가산디지털단지역맛집 #가디닭갈비 #가디점심,❤️,blog.naver.com/tlswl0215,20250718
<b>가산동</b>회식 추천 : 가산디지털단지<b>맛집</b> 동대문 털보네 세트 2번,https://blog.naver.com/tjsduddlfma1/223783100388,"메뉴가 맛있고 다양한 서비스로 구성된 세트를 즐기며 만족감 200%를 느꼈어요, 금천구 가디역에서 고기 맛집을 찾는다면 꼭 참고해보세요. #가산맛집 #<b>가산동맛집</b> #가산동고기집 #가산동회식 #가산디지털단지맛집",선영의 솔직담백한 이야기 :: 일상/여행/맛집,blog.naver.com/tjsduddlfma1,20250304
[<b>가산동맛집</b>] 돼지특수부위맛집 여장군,https://blog.naver.com/andrew_easternshine/223571690608,15졌고 그럼 리뷰 끝! #여장군 #가산여장군 #<b>가산동맛집</b> #직장인점심 #가산동점심 #돼지특수부위맛집 #가브리살맛집 #여장군가격 #가산동술집 #가산동회식 #직장인회식,맛집/일상/추억,blog.naver.com/andrew_easternshine,20240904
<b>가산동 맛집</b> 추천 받은 대포국수집,https://blog.naver.com/sky930302/223725705713,아무튼 오늘은 저도 추천 받은 <b>가산동 맛집</b> 대포국수집 소개해드릴까 합니다 ㅎㅎ 이거 소개했다고... 대포국수집은 가산동 주민센터 근처에 있어요~ 오고나서 생각한게 이 옆집 온적 있었거든요. 그때 여기... ,랑랑이의 오늘 하루♥,blog.naver.com/sky930302,20250114
<b>가산동 맛집</b> 진케이 분위기 좋은 이자카야,https://blog.naver.com/knm0003/223544366689,유명한지 동네 주민들도 많이 오더라구요 깔끔하고 분위기 좋은 진케이 다음엔 다른 메뉴도 먹으러 가봐야겠어요☺️ #금천구이자카야 #가산동이자카야 #금천구술집 #금천구맛집 #가산동술집 #<b>가산동맛집</b>,완벽 말고 완료.,blog.naver.com/knm0003,20240812
"<b>가산동맛집</b> [명객양꼬치] 양꼬치 맛집, 가성비 &amp; 푸짐한 마라탕",https://blog.naver.com/bbiyaklog/223988368104,#명객양꼬치금천 #명객양꼬치 #독산양꼬치 #독산양꼬치맛집 #구로양꼬치맛집추천 #<b>가산동맛집</b> #가산동양꼬치맛집 #가산동회식 #가산동모임장소 #가산동양꼬치추천 #독산역맛집 #독산역양꼬치... ,삐약로그의 먹방일지,blog.naver.com/bbiyaklog,20250829
<b>가산동 맛집</b> W몰 기라꾸,https://blog.naver.com/prettyrucia/220165521257,"<b>가산동</b>에서 근무하는 열심이에요;) 오늘은 네이버 블로그가 새로 업데이트 되었대서 기념으로 포스팅 한번 해봅니당 ㅎ 전반적으로 사용성이 더 쉽고 좋아진 것 같아요^^ 암튼, 오늘의 <b>맛집</b>은 W몰 9층에 위치한... ",열심이네♡,blog.naver.com/prettyrucia,20141029
<b>가산동</b>가디역회식 요즘날씨에 2차회식으로 너무 좋은 자담치킨... ,https://blog.naver.com/angela881112/224032583055,#<b>가산동</b>가디역치킨 #<b>가산동</b>가디역회식 #<b>가산동</b>가디역<b>맛집</b> #<b>가산동</b>치킨 #<b>가산동</b>치킨<b>맛집</b> 그럼 이제 실제로 들어가서 치킨을 먹으면서 살펴보도록할게요! <b>가산동</b>치킨<b>맛집</b> 자담치킨 가산디지털점은 좌석도... ,쑥덕숙덕 레시피,blog.naver.com/angela881112,20251005
<b>가산동</b> 멕시코 음식 호세가타코｜가디 아울렛 근처 식사 추천,https://blog.naver.com/haninview/223863533429,성공하면 오천 원 할인 5. 실패해도 쿠키 제공 #<b>가산동맛집</b> #가산디지털단지역맛집 #가디아울렛맛집 #호세가타코 #멕시코음식맛집 #파히타맛집 #가산역맛집 #가산점심추천 #가산저녁추천 #가산회식장소,"별건없지만, 하닌뷰",blog.naver.com/haninview,20250512
계절밥상 <b>가산동 맛집</b> W몰 아울렛가면 꼭 들려요,https://blog.naver.com/kun-lee/221145845316,가산 마리오아울렛 사거리 <b>맛집</b> W몰 지하 계절밥상 소개해드릴게요! 역시나 한국의 사계절을 느낄 수... 이번에 <b>가산동</b> 마리오아울렛과 W몰에서 패딩점퍼도 사고 중간에 배고파져서 간곳이었는데 최고의... ,건강한 라이프를 위한 준비물,blog.naver.com/kun-lee,20171122
[<b>가산동 맛집</b>]술집 복숭아꽃살구꽃 포차에서 홍대를 느끼다,https://blog.naver.com/vino_chu/220085125212,<b>가산동 맛집</b> 복숭아꽃살구꽃입니다. 가게 이름이 참 정겹죠?^^ 동구밖~ 과수원길~ 가산동 진짜진짜 골목에 있어요~ (자세한 위치는 맨밑에 지도 참고해주세용) 부담없고 푸짐하고 맛있는 안주가 있는 가산동술집... ,바강&츄의 상큼한 일상,blog.naver.com/vino_chu,20140807
[서울]<b>가산동 맛집</b> 미트앤쓰리 Meat&amp;Three 미쓰리 편백찜 후기,https://blog.naver.com/x12123/223697311481,오늘 후기는 <b>가산동맛집</b> 미트앤쓰리 일명 미쓰리 후기입니다. 역시나 퇴근하는 로그님을 낚아채서... 가산동 직장인들 좋겠댜… 저녁메뉴로는 고사리 삼겹살 한우차돌삼합 편백찜 등이 있는데 저랑 로그님은... ,미친별의 첨성대!!!!!!!!!!,blog.naver.com/x12123,20241218
<b>가산동맛집</b> 아구찜 배민 후기 가디맛집 마린코다리1번가 추천,https://blog.naver.com/beany_b/223711802344,배민 후기도 남기기❤️ 가산동에 이런 아구찜 맛집이 있을쥴이여 다음에는 알탕 시켜먹어봐야겠어요. #금천구아구찜 #가산아구찜 #가산맛집 #가산디지털단지역맛집 #가디맛집 #<b>가산동맛집</b> #가산동점심 #가산점심,Beany_B,blog.naver.com/beany_b,20250101
가산 현대아울렛 맛집 김명태... 된 솥밥의 조화! <b>가산동 맛집</b> 인정!,https://blog.naver.com/alouete/222896099698,오늘 한 끼 진짜 완전 썩세스!!! #가산현대아울렛맛집 #독산동W몰맛집 #<b>가산동맛집</b> #가산디지털단지맛집 #독산동맛집 김명태 매운갈비찜 / 0507-1316-3664 서울 금천구 가산로 132-1 1층 매일 10:00 - 23:00,alouette☆everyday,blog.naver.com/alouete,20221009
샤브샤브 ' 샤브올데이 서울가산점 ' 호텔식 뷔페 <b>가산동 맛집</b>,https://blog.naver.com/ttuninunnnnnnna/223860354816,"안녕하세요 여러분 뚜나입니다 :) 오늘 소개해볼 곳은 가산동 구로동 샤브샤브 맛집 중 하나로 가족... <b>가산동 맛집</b> 구로동 샤브샤브 맛집답게 당면, 칼국수면, 소세지,떡 등등 여러가지 재료들두 많아요... ",뚜나 맛집로그 (◕3◕),blog.naver.com/ttuninunnnnnnna,20250510
<b>가산동 맛집</b> 직장인 점심 추운날엔 중식 추천 '호랭이반점',https://blog.naver.com/lmhdplo/223671406908,#<b>가산동 맛집</b> #가디 맛집 #가산디지털단지역 점심 호랭이반점 가산디지털단지역점 서울 금천구 가산디지털1로 165 가산비지니스센터 105호 ⏰️매일 11:00~22:00 라스트오더 21:20 ☎️0507-1366-2952 <b>가산동 맛집</b>... ,공실이의 투자공부,blog.naver.com/lmhdplo,20241124
"<b>가산동 맛집</b> 점심 방문시 솥밥 써비쓰, 김명태 매운갈비찜",https://blog.naver.com/bboro6779/223735487780,좋을거같은 <b>가산동 맛집</b> 가산김명태매운갈비찜 김명태 매운갈비찜 메뉴 김명태매운갈비찜은 이름에... #가산맛집 #가산동갈비찜 #가산디지털단지점심 #마리오아울렛맛집 #마리오아울렛점심,뽈로그 ෆ,blog.naver.com/bboro6779,20250123
[퍼블릭 가산 단정] <b>가산동</b> 솥밥 <b>맛집</b> / 갓 지은 정갈한 솥밥,https://blog.naver.com/mansae_happy/223837689716,퍼블릭 가산 단정 가산동 솥밥 맛집 ️ 서울 금천구 디지털로 178 1층 M-113호 (서울 금천구 가산동 60-26)... 퍼블릭가산단정 맛집을 소개해 드렸습니다. #솥밥맛집 #퍼블릭가산단정 #솥밥단정 #<b>가산동맛집</b>... ,"화창한 오늘의 일상스토리 (맛집, 여행, 축구) ❤️",blog.naver.com/mansae_happy,20250417
[<b>가산동맛집</b>] 춘천옥,https://blog.naver.com/shin_118/220074592607,<b>가산동</b> 보쌈 <b>맛집</b> 춘천옥 약 28년전부터 ㅋㅋㅋ 나 태어나기 전부터우리집 단골집♥ 예전이랑 인테리어며 위치며 그대론데 앞에 현대아울렛이 떡하니 자리잡고 있어서 당황했다 ㅋㅋㅋ 먼가 주차공간이... ,행퉁이네,blog.naver.com/shin_118,20140728
<b>가산동맛집</b> 애슐리W 가산재능점 치즈시즌 즐기고 왔어요♪,https://blog.naver.com/jeehye1023/221717004479,<b>가산동맛집</b> 애슐리W 가산재능점 치즈시즌 즐기고 왔어요♪ 작년 말쯤에 친구랑 애슐리 다녀오고 또... <b>가산동맛집</b> 애슐리W 가산재능점은 매장도 넓고 먹고 싶은 음식들을 다양하게 골라서 먹을 수 있어서... ,루다의 소소한 일상 ♪,blog.naver.com/jeehye1023,20191124
서울 금천 독산동중국집 강차오 <b>가산동맛집</b>,https://blog.naver.com/savethememo/223952948521,10:00 - 22:00 전화번호: 0507-1394-6662 주소: 서울 금천구 가산디지털1로 45 이앤씨드림타워8차 2층 204호 #서울 #금천 #독산동중국집 #강차오 #<b>가산동맛집</b> #독산동중국집 #독산역맛집 #가산동짜장면 #짜장 #배달 #중국집,savethememo님의 블로그,blog.naver.com/savethememo,20250730
<b>가산동맛집</b> 황제해물보쌈- 푸짐한 해산물이 한상가득~,https://blog.naver.com/soovelya/220243447518,오늘은 <b>가산동맛집</b> 황제해물보쌈 다녀왔어요~ 이웃님들 포스팅만 보다가 직접 다녀왔는데 옴마나~ 진짜... 간판이 <b>가산동맛집</b> 황제해물보쌈의 본점 간판입니다요~ 점심특선도 있어서 저렴하고 푸짐하게... ,soovely story~♥,blog.naver.com/soovelya,20150117
[<b>가산동 맛집</b>] 상상돼지 : 명이나물비빔밥 빼고 다 JMT,https://blog.naver.com/cksal0778/221369916613,금천03 <b>가산동</b>주민센터 버스정류장에서 도보로 1분 거리랍니다 여기는 정말 동네 <b>맛집</b>인가봐요 역 근처도 아닌데 사람이 오지게 많아서 항상 웨이팅이 있다고 하더라구요 동네 주민이 추천해 준 곳... ,찬미식가,blog.naver.com/cksal0778,20181003
<b>가산동</b> 고기집 관자삼합 <b>맛집</b> 기영상회,https://blog.naver.com/mamon555/223770512494,"가산동 고기집 / <b>가산동 맛집</b> 기영상회 오늘은 가산동 고기집 맛집 기영상회 후기입니다:) 분위기가 좋아보이는 외관. 가산동 두산어린이공원 앞에 위치한 기영상회입니다. 금천03, 금천06번 마을버스... ",메몽의 하루,blog.naver.com/mamon555,20250223
(<b>가산동 맛집</b>) 고기는 역시 엉터리생고기,https://blog.naver.com/iamgenuus/220042040542,ㅋㅋㅋㅋㅋㅋㅋㅋㅋㅋㅋㅋㅋㅋㅋㅋㅋ <b>가산동 맛집</b>은 여러군데가 있긴 하지만 그래도 생고기 맛집하면... ㅋㅋ 걍 주신다면 감사합니다 하고 잘 먹을께요 가산동쪽에 계신다면 가끔씩 와서 고기한쌈 하고 가기... ,한쏭's charming world♩,blog.naver.com/iamgenuus,20140626
[<b>가산동맛집</b>] 메뉴고민할 필요없는 <b>가산동맛집</b>의 세트메뉴 만세,https://blog.naver.com/dooyoou/221039504811,보충해줄 맛집이 절실했기 때문에 지하철을 갈아타는 수고를 감수하고 다녀왔다. 워낙 오피스를... 쏠쏠한 <b>가산동맛집</b>이었다. 별로 안좋아하는 동네인 가산동까지 굳이 찾아간 의미를 확실히 찾을 정도로 빠르게... ,두유기록저장소,blog.naver.com/dooyoou,20170628
[<b>가산동 맛집</b>] 진진바라 가산점 - 상세한 사진 후기,https://blog.naver.com/3t3rnal/220547036394,[<b>가산동 맛집</b>] 진진바라 가산점 2015.11.12 푸짐하고 흐뭇한 맛을 찾아 <b>가산동 맛집</b> 진진바라로 출동! 가산디지털단지역 6번/7번 출구 제이플라츠빌딩 지하1층 진진바라 가산점이 있는 빌딩 1층인데 알록달록 화분이... ,꽁기LOG,blog.naver.com/3t3rnal,20151122
<b>가산동 맛집</b> _ 소박하고 정갈한 오이시이,https://blog.naver.com/snetty/220941418182,오늘은 뭐 해 먹지 고민만 하고 밥하기 싫었던 날 남편과 함께 동네 한 바퀴 돌아보다가 찾은 맛집... 매일 출근도장 찍는 거 아니냐고... 매일은 너무 양심 없고 자주자주 오고 싶은 오이시이 <b>가산동 맛집</b>으로 추천 :),천사린의 해피바이러스,blog.naver.com/snetty,20170222
<b>가산동맛집</b> 푸짐하고 맛있는 산더미물갈비 백년불고기&amp;물갈비,https://blog.naver.com/sk88917/221778664831,"가산동에 샤브샤브 맛있는 곳이 있어서 남편과 오래만에 갔답니다! 수출의다리 근처에 위치한 <b>가산동 맛집</b> 백년불고기&amp;물갈비에요. 국경일, 주말에도 영업하는 식당이에요! 저희는 토요일 점심시간에... ",English Playground,blog.naver.com/sk88917,20200120
[가산디지털단지역<b>맛집</b>] 돈코츠라멘 가라아게동 <b>맛집</b> <b>가산동</b>... ,https://blog.naver.com/lovemi0701/223998736828,"▶ 예약0, 단체0, 포장0, 배달0, 무선인터넷0, 주차가능0 ▶ ☎ 0507-1334-2537 #가산디지털단지역일식 #가산디지털단지역맛집 #<b>가산동맛집</b> #가산동일식집 #가산동점심추천 #가산디지털단지역라멘... ",Miya,blog.naver.com/lovemi0701,20250907
가산디지털단지닭한마리 <b>맛집</b>! 단골예약 '<b>가산동</b>닭한마리',https://blog.naver.com/125qhtjr/223626209642,#가산닭도리탕#가산디지털단지닭한마리#가디닭한마리#가산백숙#가산디지털단지닭도리탕#가산동닭한마리#<b>가산동맛집</b>#가산디지털단지역맛집#가디역맛집#가산동점심맛집#가디역점심맛집#가디역직장인맛집... ,알아두면 쓸데있겠지,blog.naver.com/125qhtjr,20241020
&quot;<b>가산동 맛집</b>&quot; 제주 먹돈,https://blog.naver.com/dazo6962508/220885126293,전 오늘 이곳 &quot;제주 먹돈&quot;을 <b>가산동</b>의 <b>맛 집</b>으로 추천하려 합니다. ^~^ 실내 인테리어도 화려하지 않으면서 깔끔하고 고급스럽게 꾸며져 있죠? 참!! 신규 오픈 행사를 진행하고 있다고 하니 식사도 하고 행운도... ,가산동 미래부동산,blog.naver.com/dazo6962508,20161213
<b>가산동 맛집</b> 호세가 데이트하기 좋은 멕시코 식당,https://blog.naver.com/hjl0610/223582521277,<b>가산동 맛집</b> 호세가 데이트하기 좋은 멕시코 식당 서울 금친구 남부순환로108길 19 1층 매주 화요일은... 위치 위치는 가산디지털단지역에서 근접하진 않지만 <b>가산동 맛집</b>이니 많은 분들이 찾아주시는... ,루루의 리뷰타임,blog.naver.com/hjl0610,20240913
"<b>가산동맛집</b>, 입에서 살살 녹는 육회품은연어♥",https://blog.naver.com/hsnhj0304/220570279293,"<b>가산동맛집</b>, 육회품은연어 입에서 살살 녹는 육회랑 연어를 함께 맛보기♥ 육회품은연어 세트메뉴... 이쁘네~~ A동 B동으로 나뉘어 있는데 육회품은연어는 B동(오른편)입니다 <b>가산동맛집</b> 육회품은연어집 도착!... ",제이&꼬밍's story,blog.naver.com/hsnhj0304,20151216
[<b>가산동 맛집</b>] 가산디지털단지 매운갈비찜 혼밥하고 온 김명태,https://blog.naver.com/gyeomd22/223655405383,매일 10:00 ~ 22:30 ☎ 0507-1316-3664 #<b>가산동맛집</b> #독산동맛집 #가산맛집 #가디맛집 #가산디지털단지맛집 #김명태 #가산동혼밥 <b>가산동 맛집</b> 김명태 내부 모습입니다. 홀도 넓고 테이블 수도 많습니다. 단체 모임부터... ,내이름은삼순이,blog.naver.com/gyeomd22,20241111
<b>가산동</b> 보쌈 <b>맛집</b> 또간집 박만배아리랑보쌈 추천,https://blog.naver.com/luerkvskje60796/224076157323,*협찬 <b>가산동</b> 보쌈 <b>맛집</b> 또간집 박만배아리랑보쌈 추천 평소 보쌈을 좋아하는 편이라 SNS에서 자주 보던 <b>가산동</b> 보쌈 <b>맛집</b>에 드디어 다녀왔어요~ 남편이랑 주말 점심으로 들렀는데 역시 소문대로 손님이... ,편안한온기,blog.naver.com/luerkvskje60796,20251114
<b>가산동맛집</b>에서 점심메뉴! 고급지고 저렴하게 먹어주기.,https://blog.naver.com/zzajang0319/220244916868,"<b>가산동맛집</b>에서 점심메뉴 고급지고 저렴하게 먹어주기. 오랜만에 다녀온 가산동! 그래도 예전에... 근처맛집 빠삭하게 알게 된다더니...ㅋㅋ 항상 지겨운 점심식사말고 가끔 분위기 있고 푸짐하게, 편하게... ",한번 왔다가는 세상 신명나게!!ㅋㅋㅋㅋㅋ,blog.naver.com/zzajang0319,20150119
"삼겹살, 오겹살 말고 육겹살 ! <b>가산동맛집</b> 육뜸2호점 후기",https://blog.naver.com/jeong-e/223739144148,<b>가산동맛집</b> 육뜸2호점 후기 &lt;육뜸2호점&gt; #가산디지털단지역맛집 #<b>가산동맛집</b> #가디역맛집 #가산동고기집 #육뜸  주소 : 서울 금천구 벚꽃로40길 8 가산디지털단지역 2번출구 ⏰ 영업시간 : 11:30~22:00 설연휴... ,정이로운 하루,blog.naver.com/jeong-e,20250126
[<b>맛집</b>] 도을 생고기집 ::  <b>가산동</b> 삼겹살 / N번째 방문 / 독산... ,https://blog.naver.com/dldkal93/223807605247,근처 회식장소 ✅독산역 맛집 찾으시는 분들에게 추천드릴게요! PIT A PAT #가산동삼겹살 #가산디지털단지맛집 #<b>가산동맛집</b> #독산맛집 #가산디지털단지회식 #독산삼겹살 #도을 #도을생고기집,pit a pat,blog.naver.com/dldkal93,20250324
가산디지털단지닭한마리 <b>맛집</b> <b>가산동</b>닭한마리 후기 - 또... ,https://blog.naver.com/n_hyeong/224080287740,"가산 <b>맛집</b> • 가디닭한마리 • 가산디지털단지닭한마리 <b>가산동</b>닭한마리 서울 금천구 가산로 142 영업시간 11:00 - 24:00 라스트오더 23:00 매주 월요일 휴무 / 주차 가능 ☑️ 메뉴판 점심특선으로 닭곰탕, 닭칼국수... ",쩝쩝박사의 먹짱 일기✨,blog.naver.com/n_hyeong,20251118
<b>가산동 맛집</b> :: 포코포코 즉석떡볶이,https://blog.naver.com/godbooji/220513612161,<b>가산동 맛집</b> :: 포코포코 즉석떡볶이 근처에 즉석떡볶이집을 발견하고 !! 즉석떡볶이 먹고 왔어요~! 대학때 진짜 맨날 먹엇는데 ㅋㅋㅋㅋㅋㅋㅋㅋㅋ 요기서 대학때 먹던 그 맛을 찾았...♡ 매콤즉떡 치즈즉떡... ,찡아일기 ♬,blog.naver.com/godbooji,20151020
[호랭맛집] <b>가산동맛집</b> 가산현대아울렛 무한리필 떡볶이 두끼,https://blog.naver.com/holee250/223652015224,먹는 내내 기분이 안좋아서 근데 전 여긴 다신 안오고 싶네요 ㅋㅋㅋ #금천구맛집 #떡볶이무한리필 #무한리필 #<b>가산동맛집</b> #가산현대아울렛점 #떡볶이맛집 #가산디지털단지역맛집 #두끼 #분식집... ,호랭이 소소한 일상이야기~,blog.naver.com/holee250,20241108
